0000	0000
0001	0001
0002	0002
0003	0003
0004	0004
0005	0005
0006	0006
0007	0007
0008	0008
0009	0009
000A	000A
000B	000B
000C	000C
000D	000D
000E	000E
000F	000F
0010	0010
0011	0011
0012	0012
0013	0013
0014	0014
0015	0015
0016	0016
0017	0017
0018	0018
0019	0019
001A	001A
001B	001B
001C	001C
001D	001D
001E	001E
001F	001F
0020	0020
0021	0021
0022	0022
0023	0023
0024	0024
0025	0025
0026	0026
0027	0027
0028	0028
0029	0029
002A	002A
002B	002B
002C	002C
002D	002D
002E	002E
002F	002F
0030	0030
0031	0031
0032	0032
0033	0033
0034	0034
0035	0035
0036	0036
0037	0037
0038	0038
0039	0039
003A	003A
003B	003B
003C	003C
003D	003D
003E	003E
003F	003F
0040	0040
0041	0041
0042	0042
0043	0043
0044	0044
0045	0045
0046	0046
0047	0047
0048	0048
0049	0049
004A	004A
004B	004B
004C	004C
004D	004D
004E	004E
004F	004F
0050	0050
0051	0051
0052	0052
0053	0053
0054	0054
0055	0055
0056	0056
0057	0057
0058	0058
0059	0059
005A	005A
005B	005B
005C	005C
005D	005D
005E	005E
005F	005F
0060	0060
0061	0061
0062	0062
0063	0063
0064	0064
0065	0065
0066	0066
0067	0067
0068	0068
0069	0069
006A	006A
006B	006B
006C	006C
006D	006D
006E	006E
006F	006F
0070	0070
0071	0071
0072	0072
0073	0073
0074	0074
0075	0075
0076	0076
0077	0077
0078	0078
0079	0079
007A	007A
007B	007B
007C	007C
007D	007D
007E	007E
007F	007F
00A2	FFE0
00A3	FFE1
00A4	00A4
00A5	FFE5
00A6	007C
00A7	00A7
00A8	00A8
00AA	0061
00AD	002D
00AF	02C9
00B0	00B0
00B1	00B1
00B2	0032
00B3	0033
00B4	2032
00B5	03BC
00B7	00B7
00B9	0031
00BA	006F
00C0	00E0
00C1	00E1
00C8	00E8
00C9	00E9
00CA	00EA
00CC	00EC
00CD	00ED
00D0	0044
00D2	00F2
00D3	00F3
00D7	00D7
00D9	00F9
00DA	00FA
00DC	00FC
00DD	0059
00DE	0054
00E0	00E0
00E1	00E1
00E2	0061
00E8	00E8
00E9	00E9
00EA	00EA
00EC	00EC
00ED	00ED
00F0	0065
00F2	00F2
00F3	00F3
00F7	00F7
00F9	00F9
00FA	00FA
00FC	00FC
00FD	0079
00FE	0074
0100	0101
0101	0101
0112	0113
0113	0113
011A	011B
011B	011B
012A	012B
012B	012B
0144	0144
0148	0148
014C	014D
014D	014D
016A	016B
016B	016B
01C1	2225
01CD	01CE
01CE	01CE
01CF	01D0
01D0	01D0
01D1	01D2
01D2	01D2
01D3	01D4
01D4	01D4
01D5	01D6
01D6	01D6
01D7	01D8
01D8	01D8
01D9	01DA
01DA	01DA
01DB	01DC
01DC	01DC
0251	0251
0261	0261
02C7	02C7
02C9	02C9
02CA	02CA
02CB	02CB
02D9	02D9
0391	0391
0392	0392
0393	0393
0394	0394
0395	0395
0396	0396
0397	0397
0398	0398
0399	0399
039A	039A
039B	039B
039C	039C
039D	039D
039E	039E
039F	039F
03A0	03A0
03A1	03A1
03A3	03A3
03A4	03A4
03A5	03A5
03A6	03A6
03A7	03A7
03A8	03A8
03A9	03A9
03B1	03B1
03B2	03B2
03B3	03B3
03B4	03B4
03B5	03B5
03B6	03B6
03B7	03B7
03B8	03B8
03B9	03B9
03BA	03BA
03BB	03BB
03BC	03BC
03BD	03BD
03BE	03BE
03BF	03BF
03C0	03C0
03C1	03C1
03C3	03C3
03C4	03C4
03C5	03C5
03C6	03C6
03C7	03C7
03C8	03C8
03C9	03C9
0401	0401
0410	0410
0411	0411
0412	0412
0413	0413
0414	0414
0415	0415
0416	0416
0417	0417
0418	0418
0419	0419
041A	041A
041B	041B
041C	041C
041D	041D
041E	041E
041F	041F
0420	0420
0421	0421
0422	0422
0423	0423
0424	0424
0425	0425
0426	0426
0427	0427
0428	0428
0429	0429
042A	042A
042B	042B
042C	042C
042D	042D
042E	042E
042F	042F
0430	0430
0431	0431
0432	0432
0433	0433
0434	0434
0435	0435
0436	0436
0437	0437
0438	0438
0439	0439
043A	043A
043B	043B
043C	043C
043D	043D
043E	043E
043F	043F
0440	0440
0441	0441
0442	0442
0443	0443
0444	0444
0445	0445
0446	0446
0447	0447
0448	0448
0449	0449
044A	044A
044B	044B
044C	044C
044D	044D
044E	044E
044F	044F
0451	0451
2010	2010
2013	2013
2014	2014
2015	2015
2016	2016
2018	2018
2019	2019
201C	201C
201D	201D
2025	2025
2026	2026
2030	2030
2032	2032
2033	2033
2035	2035
203B	203B
203E	FFE3
20AC	20AC
2103	2103
2105	2105
2109	2109
2116	2116
2121	2121
2160	2160
2161	2161
2162	2162
2163	2163
2164	2164
2165	2165
2166	2166
2167	2167
2168	2168
2169	2169
216A	216A
216B	216B
2170	2170
2171	2171
2172	2172
2173	2173
2174	2174
2175	2175
2176	2176
2177	2177
2178	2178
2179	2179
2190	2190
2191	2191
2192	2192
2193	2193
2196	2196
2197	2197
2198	2198
2199	2199
2208	2208
220F	220F
2211	2211
2215	2215
2218	00B0
221A	221A
221D	221D
221E	221E
221F	221F
2220	2220
2223	2223
2225	2225
2227	2227
2228	2228
2229	2229
222A	222A
222B	222B
222E	222E
2234	2234
2235	2235
2236	2236
2237	2237
223C	FF5E
223D	223D
2248	2248
224C	224C
2252	2252
2260	2260
2261	2261
2264	2264
2265	2265
2266	2266
2267	2267
226E	226E
226F	226F
2295	2295
2299	2299
22A5	22A5
22BF	22BF
2312	2312
2460	2460
2461	2461
2462	2462
2463	2463
2464	2464
2465	2465
2466	2466
2467	2467
2468	2468
2469	2469
2474	2474
2475	2475
2476	2476
2477	2477
2478	2478
2479	2479
247A	247A
247B	247B
247C	247C
247D	247D
247E	247E
247F	247F
2480	2480
2481	2481
2482	2482
2483	2483
2484	2484
2485	2485
2486	2486
2487	2487
2488	2488
2489	2489
248A	248A
248B	248B
248C	248C
248D	248D
248E	248E
248F	248F
2490	2490
2491	2491
2492	2492
2493	2493
2494	2494
2495	2495
2496	2496
2497	2497
2498	2498
2499	2499
249A	249A
249B	249B
2500	2500
2501	2501
2502	2502
2503	2503
2504	2504
2505	2505
2506	2506
2507	2507
2508	2508
2509	2509
250A	250A
250B	250B
250C	250C
250D	250D
250E	250E
250F	250F
2510	2510
2511	2511
2512	2512
2513	2513
2514	2514
2515	2515
2516	2516
2517	2517
2518	2518
2519	2519
251A	251A
251B	251B
251C	251C
251D	251D
251E	251E
251F	251F
2520	2520
2521	2521
2522	2522
2523	2523
2524	2524
2525	2525
2526	2526
2527	2527
2528	2528
2529	2529
252A	252A
252B	252B
252C	252C
252D	252D
252E	252E
252F	252F
2530	2530
2531	2531
2532	2532
2533	2533
2534	2534
2535	2535
2536	2536
2537	2537
2538	2538
2539	2539
253A	253A
253B	253B
253C	253C
253D	253D
253E	253E
253F	253F
2540	2540
2541	2541
2542	2542
2543	2543
2544	2544
2545	2545
2546	2546
2547	2547
2548	2548
2549	2549
254A	254A
254B	254B
2550	2550
2551	2551
2552	2552
2553	2553
2554	2554
2555	2555
2556	2556
2557	2557
2558	2558
2559	2559
255A	255A
255B	255B
255C	255C
255D	255D
255E	255E
255F	255F
2560	2560
2561	2561
2562	2562
2563	2563
2564	2564
2565	2565
2566	2566
2567	2567
2568	2568
2569	2569
256A	256A
256B	256B
256C	256C
256D	256D
256E	256E
256F	256F
2570	2570
2571	2571
2572	2572
2573	2573
2581	2581
2582	2582
2583	2583
2584	2584
2585	2585
2586	2586
2587	2587
2588	2588
2589	2589
258A	258A
258B	258B
258C	258C
258D	258D
258E	258E
258F	258F
2593	2593
2594	2594
2595	2595
25A0	25A0
25A1	25A1
25B2	25B2
25B3	25B3
25BC	25BC
25BD	25BD
25C6	25C6
25C7	25C7
25CB	25CB
25CE	25CE
25CF	25CF
25E2	25E2
25E3	25E3
25E4	25E4
25E5	25E5
2605	2605
2606	2606
2609	2609
2640	2640
2642	2642
3000	3000
3001	3001
3002	3002
3003	3003
3005	3005
3006	3006
3007	3007
3008	3008
3009	3009
300A	300A
300B	300B
300C	300C
300D	300D
300E	300E
300F	300F
3010	3010
3011	3011
3012	3012
3013	3013
3014	3014
3015	3015
3016	3016
3017	3017
301D	301D
301E	301E
3021	3021
3022	3022
3023	3023
3024	3024
3025	3025
3026	3026
3027	3027
3028	3028
3029	3029
3041	3041
3042	3042
3043	3043
3044	3044
3045	3045
3046	3046
3047	3047
3048	3048
3049	3049
304A	304A
304B	304B
304C	304C
304D	304D
304E	304E
304F	304F
3050	3050
3051	3051
3052	3052
3053	3053
3054	3054
3055	3055
3056	3056
3057	3057
3058	3058
3059	3059
305A	305A
305B	305B
305C	305C
305D	305D
305E	305E
305F	305F
3060	3060
3061	3061
3062	3062
3063	3063
3064	3064
3065	3065
3066	3066
3067	3067
3068	3068
3069	3069
306A	306A
306B	306B
306C	306C
306D	306D
306E	306E
306F	306F
3070	3070
3071	3071
3072	3072
3073	3073
3074	3074
3075	3075
3076	3076
3077	3077
3078	3078
3079	3079
307A	307A
307B	307B
307C	307C
307D	307D
307E	307E
307F	307F
3080	3080
3081	3081
3082	3082
3083	3083
3084	3084
3085	3085
3086	3086
3087	3087
3088	3088
3089	3089
308A	308A
308B	308B
308C	308C
308D	308D
308E	308E
308F	308F
3090	3090
3091	3091
3092	3092
3093	3093
309B	309B
309C	309C
309D	309D
309E	309E
30A1	30A1
30A2	30A2
30A3	30A3
30A4	30A4
30A5	30A5
30A6	30A6
30A7	30A7
30A8	30A8
30A9	30A9
30AA	30AA
30AB	30AB
30AC	30AC
30AD	30AD
30AE	30AE
30AF	30AF
30B0	30B0
30B1	30B1
30B2	30B2
30B3	30B3
30B4	30B4
30B5	30B5
30B6	30B6
30B7	30B7
30B8	30B8
30B9	30B9
30BA	30BA
30BB	30BB
30BC	30BC
30BD	30BD
30BE	30BE
30BF	30BF
30C0	30C0
30C1	30C1
30C2	30C2
30C3	30C3
30C4	30C4
30C5	30C5
30C6	30C6
30C7	30C7
30C8	30C8
30C9	30C9
30CA	30CA
30CB	30CB
30CC	30CC
30CD	30CD
30CE	30CE
30CF	30CF
30D0	30D0
30D1	30D1
30D2	30D2
30D3	30D3
30D4	30D4
30D5	30D5
30D6	30D6
30D7	30D7
30D8	30D8
30D9	30D9
30DA	30DA
30DB	30DB
30DC	30DC
30DD	30DD
30DE	30DE
30DF	30DF
30E0	30E0
30E1	30E1
30E2	30E2
30E3	30E3
30E4	30E4
30E5	30E5
30E6	30E6
30E7	30E7
30E8	30E8
30E9	30E9
30EA	30EA
30EB	30EB
30EC	30EC
30ED	30ED
30EE	30EE
30EF	30EF
30F0	30F0
30F1	30F1
30F2	30F2
30F3	30F3
30F4	30F4
30F5	30F5
30F6	30F6
30FC	30FC
30FD	30FD
30FE	30FE
3105	3105
3106	3106
3107	3107
3108	3108
3109	3109
310A	310A
310B	310B
310C	310C
310D	310D
310E	310E
310F	310F
3110	3110
3111	3111
3112	3112
3113	3113
3114	3114
3115	3115
3116	3116
3117	3117
3118	3118
3119	3119
311A	311A
311B	311B
311C	311C
311D	311D
311E	311E
311F	311F
3120	3120
3121	3121
3122	3122
3123	3123
3124	3124
3125	3125
3126	3126
3127	3127
3128	3128
3129	3129
3192	4E00
3193	4E8C
3194	4E09
3195	56DB
3196	4E0A
3197	4E2D
3198	4E0B
3199	7532
319A	4E59
319B	4E19
319C	4E01
319D	5929
319E	5730
319F	4EBA
3220	3220
3221	3221
3222	3222
3223	3223
3224	3224
3225	3225
3226	3226
3227	3227
3228	3228
3229	3229
322A	6708
322B	706B
322C	6C34
322D	6728
322E	91D1
322F	571F
3230	65E5
3231	3231
3232	6709
3233	793E
3234	540D
3235	7279
3236	8D22
3237	795D
3238	52B3
3239	4EE3
323A	547C
323B	5B66
323C	76D1
323D	4F01
323E	8D44
323F	534F
3240	796D
3241	4F11
3242	81EA
3243	81F3
3280	4E00
3281	4E8C
3282	4E09
3283	56DB
3284	4E94
3285	516D
3286	4E03
3287	516B
3288	4E5D
3289	5341
328A	6708
328B	706B
328C	6C34
328D	6728
328E	91D1
328F	571F
3290	65E5
3291	682A
3292	6709
3293	793E
3294	540D
3295	7279
3296	8D22
3297	795D
3298	52B3
3299	79D8
329A	7537
329B	5973
329C	9002
329D	4F18
329F	6CE8
32A0	9879
32A1	4F11
32A2	5199
32A3	32A3
32A9	533B
32AA	5B97
32AB	5B66
32AC	76D1
32AD	4F01
32AE	8D44
32AF	534F
32B0	591C
338E	338E
338F	338F
339C	339C
339D	339D
339E	339E
33A1	33A1
33C4	33C4
33CE	33CE
33D1	33D1
33D2	33D2
33D5	33D5
4E00	4E00
4E01	4E01
4E02	4E02
4E03	4E03
4E04	4E04
4E05	4E05
4E06	4E06
4E07	4E07
4E08	4E08
4E09	4E09
4E0A	4E0A
4E0B	4E0B
4E0C	4E0C
4E0D	4E0D
4E0E	4E0E
4E0F	4E0F
4E10	4E10
4E11	4E11
4E12	4E12
4E13	4E13
4E14	4E14
4E15	4E15
4E16	4E16
4E17	4E17
4E18	4E18
4E19	4E19
4E1A	4E1A
4E1B	4E1B
4E1C	4E1C
4E1D	4E1D
4E1E	4E1E
4E1F	4E1F
4E20	4E20
4E21	4E21
4E22	4E22
4E23	4E23
4E24	4E24
4E25	4E25
4E26	4E26
4E27	4E27
4E28	4E28
4E29	4E29
4E2A	4E2A
4E2B	4E2B
4E2C	4E2C
4E2D	4E2D
4E2E	4E2E
4E2F	4E2F
4E30	4E30
4E31	4E31
4E32	4E32
4E33	4E33
4E34	4E34
4E35	4E35
4E36	4E36
4E37	4E37
4E38	4E38
4E39	4E39
4E3A	4E3A
4E3B	4E3B
4E3C	4E3C
4E3D	4E3D
4E3E	4E3E
4E3F	4E3F
4E40	4E40
4E41	4E41
4E42	4E42
4E43	4E43
4E44	4E44
4E45	4E45
4E46	4E46
4E47	4E47
4E48	4E48
4E49	4E49
4E4A	4E4A
4E4B	4E4B
4E4C	4E4C
4E4D	4E4D
4E4E	4E4E
4E4F	4E4F
4E50	4E50
4E51	4E51
4E52	4E52
4E53	4E53
4E54	4E54
4E55	4E55
4E56	4E56
4E57	4E57
4E58	4E58
4E59	4E59
4E5A	4E5A
4E5B	4E5B
4E5C	4E5C
4E5D	4E5D
4E5E	4E5E
4E5F	4E5F
4E60	4E60
4E61	4E61
4E62	4E62
4E63	4E63
4E64	4E64
4E65	4E65
4E66	4E66
4E67	4E67
4E68	4E68
4E69	4E69
4E6A	4E6A
4E6B	4E6B
4E6C	4E6C
4E6D	4E6D
4E6E	4E6E
4E6F	4E6F
4E70	4E70
4E71	4E71
4E72	4E72
4E73	4E73
4E74	4E74
4E75	4E75
4E76	4E76
4E77	4E77
4E78	4E78
4E79	4E79
4E7A	4E7A
4E7B	4E7B
4E7C	4E7C
4E7D	4E7D
4E7E	4E7E
4E7F	4E7F
4E80	4E80
4E81	4E81
4E82	4E82
4E83	4E83
4E84	4E84
4E85	4E85
4E86	4E86
4E87	4E87
4E88	4E88
4E89	4E89
4E8A	4E8A
4E8B	4E8B
4E8C	4E8C
4E8D	4E8D
4E8E	4E8E
4E8F	4E8F
4E90	4E90
4E91	4E91
4E92	4E92
4E93	4E93
4E94	4E94
4E95	4E95
4E96	4E96
4E97	4E97
4E98	4E98
4E99	4E99
4E9A	4E9A
4E9B	4E9B
4E9C	4E9C
4E9D	4E9D
4E9E	4E9E
4E9F	4E9F
4EA0	4EA0
4EA1	4EA1
4EA2	4EA2
4EA3	4EA3
4EA4	4EA4
4EA5	4EA5
4EA6	4EA6
4EA7	4EA7
4EA8	4EA8
4EA9	4EA9
4EAA	4EAA
4EAB	4EAB
4EAC	4EAC
4EAD	4EAD
4EAE	4EAE
4EAF	4EAF
4EB0	4EB0
4EB1	4EB1
4EB2	4EB2
4EB3	4EB3
4EB4	4EB4
4EB5	4EB5
4EB6	4EB6
4EB7	4EB7
4EB8	4EB8
4EB9	4EB9
4EBA	4EBA
4EBB	4EBB
4EBC	4EBC
4EBD	4EBD
4EBE	4EBE
4EBF	4EBF
4EC0	4EC0
4EC1	4EC1
4EC2	4EC2
4EC3	4EC3
4EC4	4EC4
4EC5	4EC5
4EC6	4EC6
4EC7	4EC7
4EC8	4EC8
4EC9	4EC9
4ECA	4ECA
4ECB	4ECB
4ECC	4ECC
4ECD	4ECD
4ECE	4ECE
4ECF	4ECF
4ED0	4ED0
4ED1	4ED1
4ED2	4ED2
4ED3	4ED3
4ED4	4ED4
4ED5	4ED5
4ED6	4ED6
4ED7	4ED7
4ED8	4ED8
4ED9	4ED9
4EDA	4EDA
4EDB	4EDB
4EDC	4EDC
4EDD	4EDD
4EDE	4EDE
4EDF	4EDF
4EE0	4EE0
4EE1	4EE1
4EE2	4EE2
4EE3	4EE3
4EE4	4EE4
4EE5	4EE5
4EE6	4EE6
4EE7	4EE7
4EE8	4EE8
4EE9	4EE9
4EEA	4EEA
4EEB	4EEB
4EEC	4EEC
4EED	4EED
4EEE	4EEE
4EEF	4EEF
4EF0	4EF0
4EF1	4EF1
4EF2	4EF2
4EF3	4EF3
4EF4	4EF4
4EF5	4EF5
4EF6	4EF6
4EF7	4EF7
4EF8	4EF8
4EF9	4EF9
4EFA	4EFA
4EFB	4EFB
4EFC	4EFC
4EFD	4EFD
4EFE	4EFE
4EFF	4EFF
4F00	4F00
4F01	4F01
4F02	4F02
4F03	4F03
4F04	4F04
4F05	4F05
4F06	4F06
4F07	4F07
4F08	4F08
4F09	4F09
4F0A	4F0A
4F0B	4F0B
4F0C	4F0C
4F0D	4F0D
4F0E	4F0E
4F0F	4F0F
4F10	4F10
4F11	4F11
4F12	4F12
4F13	4F13
4F14	4F14
4F15	4F15
4F16	4F16
4F17	4F17
4F18	4F18
4F19	4F19
4F1A	4F1A
4F1B	4F1B
4F1C	4F1C
4F1D	4F1D
4F1E	4F1E
4F1F	4F1F
4F20	4F20
4F21	4F21
4F22	4F22
4F23	4F23
4F24	4F24
4F25	4F25
4F26	4F26
4F27	4F27
4F28	4F28
4F29	4F29
4F2A	4F2A
4F2B	4F2B
4F2C	4F2C
4F2D	4F2D
4F2E	4F2E
4F2F	4F2F
4F30	4F30
4F31	4F31
4F32	4F32
4F33	4F33
4F34	4F34
4F35	4F35
4F36	4F36
4F37	4F37
4F38	4F38
4F39	4F39
4F3A	4F3A
4F3B	4F3B
4F3C	4F3C
4F3D	4F3D
4F3E	4F3E
4F3F	4F3F
4F40	4F40
4F41	4F41
4F42	4F42
4F43	4F43
4F44	4F44
4F45	4F45
4F46	4F46
4F47	4F47
4F48	4F48
4F49	4F49
4F4A	4F4A
4F4B	4F4B
4F4C	4F4C
4F4D	4F4D
4F4E	4F4E
4F4F	4F4F
4F50	4F50
4F51	4F51
4F52	4F52
4F53	4F53
4F54	4F54
4F55	4F55
4F56	4F56
4F57	4F57
4F58	4F58
4F59	4F59
4F5A	4F5A
4F5B	4F5B
4F5C	4F5C
4F5D	4F5D
4F5E	4F5E
4F5F	4F5F
4F60	4F60
4F61	4F61
4F62	4F62
4F63	4F63
4F64	4F64
4F65	4F65
4F66	4F66
4F67	4F67
4F68	4F68
4F69	4F69
4F6A	4F6A
4F6B	4F6B
4F6C	4F6C
4F6D	4F6D
4F6E	4F6E
4F6F	4F6F
4F70	4F70
4F71	4F71
4F72	4F72
4F73	4F73
4F74	4F74
4F75	4F75
4F76	4F76
4F77	4F77
4F78	4F78
4F79	4F79
4F7A	4F7A
4F7B	4F7B
4F7C	4F7C
4F7D	4F7D
4F7E	4F7E
4F7F	4F7F
4F80	4F80
4F81	4F81
4F82	4F82
4F83	4F83
4F84	4F84
4F85	4F85
4F86	4F86
4F87	4F87
4F88	4F88
4F89	4F89
4F8A	4F8A
4F8B	4F8B
4F8C	4F8C
4F8D	4F8D
4F8E	4F8E
4F8F	4F8F
4F90	4F90
4F91	4F91
4F92	4F92
4F93	4F93
4F94	4F94
4F95	4F95
4F96	4F96
4F97	4F97
4F98	4F98
4F99	4F99
4F9A	4F9A
4F9B	4F9B
4F9C	4F9C
4F9D	4F9D
4F9E	4F9E
4F9F	4F9F
4FA0	4FA0
4FA1	4FA1
4FA2	4FA2
4FA3	4FA3
4FA4	4FA4
4FA5	4FA5
4FA6	4FA6
4FA7	4FA7
4FA8	4FA8
4FA9	4FA9
4FAA	4FAA
4FAB	4FAB
4FAC	4FAC
4FAD	4FAD
4FAE	4FAE
4FAF	4FAF
4FB0	4FB0
4FB1	4FB1
4FB2	4FB2
4FB3	4FB3
4FB4	4FB4
4FB5	4FB5
4FB6	4FB6
4FB7	4FB7
4FB8	4FB8
4FB9	4FB9
4FBA	4FBA
4FBB	4FBB
4FBC	4FBC
4FBD	4FBD
4FBE	4FBE
4FBF	4FBF
4FC0	4FC0
4FC1	4FC1
4FC2	4FC2
4FC3	4FC3
4FC4	4FC4
4FC5	4FC5
4FC6	4FC6
4FC7	4FC7
4FC8	4FC8
4FC9	4FC9
4FCA	4FCA
4FCB	4FCB
4FCC	4FCC
4FCD	4FCD
4FCE	4FCE
4FCF	4FCF
4FD0	4FD0
4FD1	4FD1
4FD2	4FD2
4FD3	4FD3
4FD4	4FD4
4FD5	4FD5
4FD6	4FD6
4FD7	4FD7
4FD8	4FD8
4FD9	4FD9
4FDA	4FDA
4FDB	4FDB
4FDC	4FDC
4FDD	4FDD
4FDE	4FDE
4FDF	4FDF
4FE0	4FE0
4FE1	4FE1
4FE2	4FE2
4FE3	4FE3
4FE4	4FE4
4FE5	4FE5
4FE6	4FE6
4FE7	4FE7
4FE8	4FE8
4FE9	4FE9
4FEA	4FEA
4FEB	4FEB
4FEC	4FEC
4FED	4FED
4FEE	4FEE
4FEF	4FEF
4FF0	4FF0
4FF1	4FF1
4FF2	4FF2
4FF3	4FF3
4FF4	4FF4
4FF5	4FF5
4FF6	4FF6
4FF7	4FF7
4FF8	4FF8
4FF9	4FF9
4FFA	4FFA
4FFB	4FFB
4FFC	4FFC
4FFD	4FFD
4FFE	4FFE
4FFF	4FFF
5000	5000
5001	5001
5002	5002
5003	5003
5004	5004
5005	5005
5006	5006
5007	5007
5008	5008
5009	5009
500A	500A
500B	500B
500C	500C
500D	500D
500E	500E
500F	500F
5010	5010
5011	5011
5012	5012
5013	5013
5014	5014
5015	5015
5016	5016
5017	5017
5018	5018
5019	5019
501A	501A
501B	501B
501C	501C
501D	501D
501E	501E
501F	501F
5020	5020
5021	5021
5022	5022
5023	5023
5024	5024
5025	5025
5026	5026
5027	5027
5028	5028
5029	5029
502A	502A
502B	502B
502C	502C
502D	502D
502E	502E
502F	502F
5030	5030
5031	5031
5032	5032
5033	5033
5034	5034
5035	5035
5036	5036
5037	5037
5038	5038
5039	5039
503A	503A
503B	503B
503C	503C
503D	503D
503E	503E
503F	503F
5040	5040
5041	5041
5042	5042
5043	5043
5044	5044
5045	5045
5046	5046
5047	5047
5048	5048
5049	5049
504A	504A
504B	504B
504C	504C
504D	504D
504E	504E
504F	504F
5050	5050
5051	5051
5052	5052
5053	5053
5054	5054
5055	5055
5056	5056
5057	5057
5058	5058
5059	5059
505A	505A
505B	505B
505C	505C
505D	505D
505E	505E
505F	505F
5060	5060
5061	5061
5062	5062
5063	5063
5064	5064
5065	5065
5066	5066
5067	5067
5068	5068
5069	5069
506A	506A
506B	506B
506C	506C
506D	506D
506E	506E
506F	506F
5070	5070
5071	5071
5072	5072
5073	5073
5074	5074
5075	5075
5076	5076
5077	5077
5078	5078
5079	5079
507A	507A
507B	507B
507C	507C
507D	507D
507E	507E
507F	507F
5080	5080
5081	5081
5082	5082
5083	5083
5084	5084
5085	5085
5086	5086
5087	5087
5088	5088
5089	5089
508A	508A
508B	508B
508C	508C
508D	508D
508E	508E
508F	508F
5090	5090
5091	5091
5092	5092
5093	5093
5094	5094
5095	5095
5096	5096
5097	5097
5098	5098
5099	5099
509A	509A
509B	509B
509C	509C
509D	509D
509E	509E
509F	509F
50A0	50A0
50A1	50A1
50A2	50A2
50A3	50A3
50A4	50A4
50A5	50A5
50A6	50A6
50A7	50A7
50A8	50A8
50A9	50A9
50AA	50AA
50AB	50AB
50AC	50AC
50AD	50AD
50AE	50AE
50AF	50AF
50B0	50B0
50B1	50B1
50B2	50B2
50B3	50B3
50B4	50B4
50B5	50B5
50B6	50B6
50B7	50B7
50B8	50B8
50B9	50B9
50BA	50BA
50BB	50BB
50BC	50BC
50BD	50BD
50BE	50BE
50BF	50BF
50C0	50C0
50C1	50C1
50C2	50C2
50C3	50C3
50C4	50C4
50C5	50C5
50C6	50C6
50C7	50C7
50C8	50C8
50C9	50C9
50CA	50CA
50CB	50CB
50CC	50CC
50CD	50CD
50CE	50CE
50CF	50CF
50D0	50D0
50D1	50D1
50D2	50D2
50D3	50D3
50D4	50D4
50D5	50D5
50D6	50D6
50D7	50D7
50D8	50D8
50D9	50D9
50DA	50DA
50DB	50DB
50DC	50DC
50DD	50DD
50DE	50DE
50DF	50DF
50E0	50E0
50E1	50E1
50E2	50E2
50E3	50E3
50E4	50E4
50E5	50E5
50E6	50E6
50E7	50E7
50E8	50E8
50E9	50E9
50EA	50EA
50EB	50EB
50EC	50EC
50ED	50ED
50EE	50EE
50EF	50EF
50F0	50F0
50F1	50F1
50F2	50F2
50F3	50F3
50F4	50F4
50F5	50F5
50F6	50F6
50F7	50F7
50F8	50F8
50F9	50F9
50FA	50FA
50FB	50FB
50FC	50FC
50FD	50FD
50FE	50FE
50FF	50FF
5100	5100
5101	5101
5102	5102
5103	5103
5104	5104
5105	5105
5106	5106
5107	5107
5108	5108
5109	5109
510A	510A
510B	510B
510C	510C
510D	510D
510E	510E
510F	510F
5110	5110
5111	5111
5112	5112
5113	5113
5114	5114
5115	5115
5116	5116
5117	5117
5118	5118
5119	5119
511A	511A
511B	511B
511C	511C
511D	511D
511E	511E
511F	511F
5120	5120
5121	5121
5122	5122
5123	5123
5124	5124
5125	5125
5126	5126
5127	5127
5128	5128
5129	5129
512A	512A
512B	512B
512C	512C
512D	512D
512E	512E
512F	512F
5130	5130
5131	5131
5132	5132
5133	5133
5134	5134
5135	5135
5136	5136
5137	5137
5138	5138
5139	5139
513A	513A
513B	513B
513C	513C
513D	513D
513E	513E
513F	513F
5140	5140
5141	5141
5142	5142
5143	5143
5144	5144
5145	5145
5146	5146
5147	5147
5148	5148
5149	5149
514A	514A
514B	514B
514C	514C
514D	514D
514E	514E
514F	514F
5150	5150
5151	5151
5152	5152
5153	5153
5154	5154
5155	5155
5156	5156
5157	5157
5158	5158
5159	5159
515A	515A
515B	515B
515C	515C
515D	515D
515E	515E
515F	515F
5160	5160
5161	5161
5162	5162
5163	5163
5164	5164
5165	5165
5166	5166
5167	5167
5168	5168
5169	5169
516A	516A
516B	516B
516C	516C
516D	516D
516E	516E
516F	516F
5170	5170
5171	5171
5172	5172
5173	5173
5174	5174
5175	5175
5176	5176
5177	5177
5178	5178
5179	5179
517A	517A
517B	517B
517C	517C
517D	517D
517E	517E
517F	517F
5180	5180
5181	5181
5182	5182
5183	5183
5184	5184
5185	5185
5186	5186
5187	5187
5188	5188
5189	5189
518A	518A
518B	518B
518C	518C
518D	518D
518E	518E
518F	518F
5190	5190
5191	5191
5192	5192
5193	5193
5194	5194
5195	5195
5196	5196
5197	5197
5198	5198
5199	5199
519A	519A
519B	519B
519C	519C
519D	519D
519E	519E
519F	519F
51A0	51A0
51A1	51A1
51A2	51A2
51A3	51A3
51A4	51A4
51A5	51A5
51A6	51A6
51A7	51A7
51A8	51A8
51A9	51A9
51AA	51AA
51AB	51AB
51AC	51AC
51AD	51AD
51AE	51AE
51AF	51AF
51B0	51B0
51B1	51B1
51B2	51B2
51B3	51B3
51B4	51B4
51B5	51B5
51B6	51B6
51B7	51B7
51B8	51B8
51B9	51B9
51BA	51BA
51BB	51BB
51BC	51BC
51BD	51BD
51BE	51BE
51BF	51BF
51C0	51C0
51C1	51C1
51C2	51C2
51C3	51C3
51C4	51C4
51C5	51C5
51C6	51C6
51C7	51C7
51C8	51C8
51C9	51C9
51CA	51CA
51CB	51CB
51CC	51CC
51CD	51CD
51CE	51CE
51CF	51CF
51D0	51D0
51D1	51D1
51D2	51D2
51D3	51D3
51D4	51D4
51D5	51D5
51D6	51D6
51D7	51D7
51D8	51D8
51D9	51D9
51DA	51DA
51DB	51DB
51DC	51DC
51DD	51DD
51DE	51DE
51DF	51DF
51E0	51E0
51E1	51E1
51E2	51E2
51E3	51E3
51E4	51E4
51E5	51E5
51E6	51E6
51E7	51E7
51E8	51E8
51E9	51E9
51EA	51EA
51EB	51EB
51EC	51EC
51ED	51ED
51EE	51EE
51EF	51EF
51F0	51F0
51F1	51F1
51F2	51F2
51F3	51F3
51F4	51F4
51F5	51F5
51F6	51F6
51F7	51F7
51F8	51F8
51F9	51F9
51FA	51FA
51FB	51FB
51FC	51FC
51FD	51FD
51FE	51FE
51FF	51FF
5200	5200
5201	5201
5202	5202
5203	5203
5204	5204
5205	5205
5206	5206
5207	5207
5208	5208
5209	5209
520A	520A
520B	520B
520C	520C
520D	520D
520E	520E
520F	520F
5210	5210
5211	5211
5212	5212
5213	5213
5214	5214
5215	5215
5216	5216
5217	5217
5218	5218
5219	5219
521A	521A
521B	521B
521C	521C
521D	521D
521E	521E
521F	521F
5220	5220
5221	5221
5222	5222
5223	5223
5224	5224
5225	5225
5226	5226
5227	5227
5228	5228
5229	5229
522A	522A
522B	522B
522C	522C
522D	522D
522E	522E
522F	522F
5230	5230
5231	5231
5232	5232
5233	5233
5234	5234
5235	5235
5236	5236
5237	5237
5238	5238
5239	5239
523A	523A
523B	523B
523C	523C
523D	523D
523E	523E
523F	523F
5240	5240
5241	5241
5242	5242
5243	5243
5244	5244
5245	5245
5246	5246
5247	5247
5248	5248
5249	5249
524A	524A
524B	524B
524C	524C
524D	524D
524E	524E
524F	524F
5250	5250
5251	5251
5252	5252
5253	5253
5254	5254
5255	5255
5256	5256
5257	5257
5258	5258
5259	5259
525A	525A
525B	525B
525C	525C
525D	525D
525E	525E
525F	525F
5260	5260
5261	5261
5262	5262
5263	5263
5264	5264
5265	5265
5266	5266
5267	5267
5268	5268
5269	5269
526A	526A
526B	526B
526C	526C
526D	526D
526E	526E
526F	526F
5270	5270
5271	5271
5272	5272
5273	5273
5274	5274
5275	5275
5276	5276
5277	5277
5278	5278
5279	5279
527A	527A
527B	527B
527C	527C
527D	527D
527E	527E
527F	527F
5280	5280
5281	5281
5282	5282
5283	5283
5284	5284
5285	5285
5286	5286
5287	5287
5288	5288
5289	5289
528A	528A
528B	528B
528C	528C
528D	528D
528E	528E
528F	528F
5290	5290
5291	5291
5292	5292
5293	5293
5294	5294
5295	5295
5296	5296
5297	5297
5298	5298
5299	5299
529A	529A
529B	529B
529C	529C
529D	529D
529E	529E
529F	529F
52A0	52A0
52A1	52A1
52A2	52A2
52A3	52A3
52A4	52A4
52A5	52A5
52A6	52A6
52A7	52A7
52A8	52A8
52A9	52A9
52AA	52AA
52AB	52AB
52AC	52AC
52AD	52AD
52AE	52AE
52AF	52AF
52B0	52B0
52B1	52B1
52B2	52B2
52B3	52B3
52B4	52B4
52B5	52B5
52B6	52B6
52B7	52B7
52B8	52B8
52B9	52B9
52BA	52BA
52BB	52BB
52BC	52BC
52BD	52BD
52BE	52BE
52BF	52BF
52C0	52C0
52C1	52C1
52C2	52C2
52C3	52C3
52C4	52C4
52C5	52C5
52C6	52C6
52C7	52C7
52C8	52C8
52C9	52C9
52CA	52CA
52CB	52CB
52CC	52CC
52CD	52CD
52CE	52CE
52CF	52CF
52D0	52D0
52D1	52D1
52D2	52D2
52D3	52D3
52D4	52D4
52D5	52D5
52D6	52D6
52D7	52D7
52D8	52D8
52D9	52D9
52DA	52DA
52DB	52DB
52DC	52DC
52DD	52DD
52DE	52DE
52DF	52DF
52E0	52E0
52E1	52E1
52E2	52E2
52E3	52E3
52E4	52E4
52E5	52E5
52E6	52E6
52E7	52E7
52E8	52E8
52E9	52E9
52EA	52EA
52EB	52EB
52EC	52EC
52ED	52ED
52EE	52EE
52EF	52EF
52F0	52F0
52F1	52F1
52F2	52F2
52F3	52F3
52F4	52F4
52F5	52F5
52F6	52F6
52F7	52F7
52F8	52F8
52F9	52F9
52FA	52FA
52FB	52FB
52FC	52FC
52FD	52FD
52FE	52FE
52FF	52FF
5300	5300
5301	5301
5302	5302
5303	5303
5304	5304
5305	5305
5306	5306
5307	5307
5308	5308
5309	5309
530A	530A
530B	530B
530C	530C
530D	530D
530E	530E
530F	530F
5310	5310
5311	5311
5312	5312
5313	5313
5314	5314
5315	5315
5316	5316
5317	5317
5318	5318
5319	5319
531A	531A
531B	531B
531C	531C
531D	531D
531E	531E
531F	531F
5320	5320
5321	5321
5322	5322
5323	5323
5324	5324
5325	5325
5326	5326
5327	5327
5328	5328
5329	5329
532A	532A
532B	532B
532C	532C
532D	532D
532E	532E
532F	532F
5330	5330
5331	5331
5332	5332
5333	5333
5334	5334
5335	5335
5336	5336
5337	5337
5338	5338
5339	5339
533A	533A
533B	533B
533C	533C
533D	533D
533E	533E
533F	533F
5340	5340
5341	5341
5342	5342
5343	5343
5344	5344
5345	5345
5346	5346
5347	5347
5348	5348
5349	5349
534A	534A
534B	534B
534C	534C
534D	534D
534E	534E
534F	534F
5350	5350
5351	5351
5352	5352
5353	5353
5354	5354
5355	5355
5356	5356
5357	5357
5358	5358
5359	5359
535A	535A
535B	535B
535C	535C
535D	535D
535E	535E
535F	535F
5360	5360
5361	5361
5362	5362
5363	5363
5364	5364
5365	5365
5366	5366
5367	5367
5368	5368
5369	5369
536A	536A
536B	536B
536C	536C
536D	536D
536E	536E
536F	536F
5370	5370
5371	5371
5372	5372
5373	5373
5374	5374
5375	5375
5376	5376
5377	5377
5378	5378
5379	5379
537A	537A
537B	537B
537C	537C
537D	537D
537E	537E
537F	537F
5380	5380
5381	5381
5382	5382
5383	5383
5384	5384
5385	5385
5386	5386
5387	5387
5388	5388
5389	5389
538A	538A
538B	538B
538C	538C
538D	538D
538E	538E
538F	538F
5390	5390
5391	5391
5392	5392
5393	5393
5394	5394
5395	5395
5396	5396
5397	5397
5398	5398
5399	5399
539A	539A
539B	539B
539C	539C
539D	539D
539E	539E
539F	539F
53A0	53A0
53A1	53A1
53A2	53A2
53A3	53A3
53A4	53A4
53A5	53A5
53A6	53A6
53A7	53A7
53A8	53A8
53A9	53A9
53AA	53AA
53AB	53AB
53AC	53AC
53AD	53AD
53AE	53AE
53AF	53AF
53B0	53B0
53B1	53B1
53B2	53B2
53B3	53B3
53B4	53B4
53B5	53B5
53B6	53B6
53B7	53B7
53B8	53B8
53B9	53B9
53BA	53BA
53BB	53BB
53BC	53BC
53BD	53BD
53BE	53BE
53BF	53BF
53C0	53C0
53C1	53C1
53C2	53C2
53C3	53C3
53C4	53C4
53C5	53C5
53C6	53C6
53C7	53C7
53C8	53C8
53C9	53C9
53CA	53CA
53CB	53CB
53CC	53CC
53CD	53CD
53CE	53CE
53CF	53CF
53D0	53D0
53D1	53D1
53D2	53D2
53D3	53D3
53D4	53D4
53D5	53D5
53D6	53D6
53D7	53D7
53D8	53D8
53D9	53D9
53DA	53DA
53DB	53DB
53DC	53DC
53DD	53DD
53DE	53DE
53DF	53DF
53E0	53E0
53E1	53E1
53E2	53E2
53E3	53E3
53E4	53E4
53E5	53E5
53E6	53E6
53E7	53E7
53E8	53E8
53E9	53E9
53EA	53EA
53EB	53EB
53EC	53EC
53ED	53ED
53EE	53EE
53EF	53EF
53F0	53F0
53F1	53F1
53F2	53F2
53F3	53F3
53F4	53F4
53F5	53F5
53F6	53F6
53F7	53F7
53F8	53F8
53F9	53F9
53FA	53FA
53FB	53FB
53FC	53FC
53FD	53FD
53FE	53FE
53FF	53FF
5400	5400
5401	5401
5402	5402
5403	5403
5404	5404
5405	5405
5406	5406
5407	5407
5408	5408
5409	5409
540A	540A
540B	540B
540C	540C
540D	540D
540E	540E
540F	540F
5410	5410
5411	5411
5412	5412
5413	5413
5414	5414
5415	5415
5416	5416
5417	5417
5418	5418
5419	5419
541A	541A
541B	541B
541C	541C
541D	541D
541E	541E
541F	541F
5420	5420
5421	5421
5422	5422
5423	5423
5424	5424
5425	5425
5426	5426
5427	5427
5428	5428
5429	5429
542A	542A
542B	542B
542C	542C
542D	542D
542E	542E
542F	542F
5430	5430
5431	5431
5432	5432
5433	5433
5434	5434
5435	5435
5436	5436
5437	5437
5438	5438
5439	5439
543A	543A
543B	543B
543C	543C
543D	543D
543E	543E
543F	543F
5440	5440
5441	5441
5442	5442
5443	5443
5444	5444
5445	5445
5446	5446
5447	5447
5448	5448
5449	5449
544A	544A
544B	544B
544C	544C
544D	544D
544E	544E
544F	544F
5450	5450
5451	5451
5452	5452
5453	5453
5454	5454
5455	5455
5456	5456
5457	5457
5458	5458
5459	5459
545A	545A
545B	545B
545C	545C
545D	545D
545E	545E
545F	545F
5460	5460
5461	5461
5462	5462
5463	5463
5464	5464
5465	5465
5466	5466
5467	5467
5468	5468
5469	5469
546A	546A
546B	546B
546C	546C
546D	546D
546E	546E
546F	546F
5470	5470
5471	5471
5472	5472
5473	5473
5474	5474
5475	5475
5476	5476
5477	5477
5478	5478
5479	5479
547A	547A
547B	547B
547C	547C
547D	547D
547E	547E
547F	547F
5480	5480
5481	5481
5482	5482
5483	5483
5484	5484
5485	5485
5486	5486
5487	5487
5488	5488
5489	5489
548A	548A
548B	548B
548C	548C
548D	548D
548E	548E
548F	548F
5490	5490
5491	5491
5492	5492
5493	5493
5494	5494
5495	5495
5496	5496
5497	5497
5498	5498
5499	5499
549A	549A
549B	549B
549C	549C
549D	549D
549E	549E
549F	549F
54A0	54A0
54A1	54A1
54A2	54A2
54A3	54A3
54A4	54A4
54A5	54A5
54A6	54A6
54A7	54A7
54A8	54A8
54A9	54A9
54AA	54AA
54AB	54AB
54AC	54AC
54AD	54AD
54AE	54AE
54AF	54AF
54B0	54B0
54B1	54B1
54B2	54B2
54B3	54B3
54B4	54B4
54B5	54B5
54B6	54B6
54B7	54B7
54B8	54B8
54B9	54B9
54BA	54BA
54BB	54BB
54BC	54BC
54BD	54BD
54BE	54BE
54BF	54BF
54C0	54C0
54C1	54C1
54C2	54C2
54C3	54C3
54C4	54C4
54C5	54C5
54C6	54C6
54C7	54C7
54C8	54C8
54C9	54C9
54CA	54CA
54CB	54CB
54CC	54CC
54CD	54CD
54CE	54CE
54CF	54CF
54D0	54D0
54D1	54D1
54D2	54D2
54D3	54D3
54D4	54D4
54D5	54D5
54D6	54D6
54D7	54D7
54D8	54D8
54D9	54D9
54DA	54DA
54DB	54DB
54DC	54DC
54DD	54DD
54DE	54DE
54DF	54DF
54E0	54E0
54E1	54E1
54E2	54E2
54E3	54E3
54E4	54E4
54E5	54E5
54E6	54E6
54E7	54E7
54E8	54E8
54E9	54E9
54EA	54EA
54EB	54EB
54EC	54EC
54ED	54ED
54EE	54EE
54EF	54EF
54F0	54F0
54F1	54F1
54F2	54F2
54F3	54F3
54F4	54F4
54F5	54F5
54F6	54F6
54F7	54F7
54F8	54F8
54F9	54F9
54FA	54FA
54FB	54FB
54FC	54FC
54FD	54FD
54FE	54FE
54FF	54FF
5500	5500
5501	5501
5502	5502
5503	5503
5504	5504
5505	5505
5506	5506
5507	5507
5508	5508
5509	5509
550A	550A
550B	550B
550C	550C
550D	550D
550E	550E
550F	550F
5510	5510
5511	5511
5512	5512
5513	5513
5514	5514
5515	5515
5516	5516
5517	5517
5518	5518
5519	5519
551A	551A
551B	551B
551C	551C
551D	551D
551E	551E
551F	551F
5520	5520
5521	5521
5522	5522
5523	5523
5524	5524
5525	5525
5526	5526
5527	5527
5528	5528
5529	5529
552A	552A
552B	552B
552C	552C
552D	552D
552E	552E
552F	552F
5530	5530
5531	5531
5532	5532
5533	5533
5534	5534
5535	5535
5536	5536
5537	5537
5538	5538
5539	5539
553A	553A
553B	553B
553C	553C
553D	553D
553E	553E
553F	553F
5540	5540
5541	5541
5542	5542
5543	5543
5544	5544
5545	5545
5546	5546
5547	5547
5548	5548
5549	5549
554A	554A
554B	554B
554C	554C
554D	554D
554E	554E
554F	554F
5550	5550
5551	5551
5552	5552
5553	5553
5554	5554
5555	5555
5556	5556
5557	5557
5558	5558
5559	5559
555A	555A
555B	555B
555C	555C
555D	555D
555E	555E
555F	555F
5560	5560
5561	5561
5562	5562
5563	5563
5564	5564
5565	5565
5566	5566
5567	5567
5568	5568
5569	5569
556A	556A
556B	556B
556C	556C
556D	556D
556E	556E
556F	556F
5570	5570
5571	5571
5572	5572
5573	5573
5574	5574
5575	5575
5576	5576
5577	5577
5578	5578
5579	5579
557A	557A
557B	557B
557C	557C
557D	557D
557E	557E
557F	557F
5580	5580
5581	5581
5582	5582
5583	5583
5584	5584
5585	5585
5586	5586
5587	5587
5588	5588
5589	5589
558A	558A
558B	558B
558C	558C
558D	558D
558E	558E
558F	558F
5590	5590
5591	5591
5592	5592
5593	5593
5594	5594
5595	5595
5596	5596
5597	5597
5598	5598
5599	5599
559A	559A
559B	559B
559C	559C
559D	559D
559E	559E
559F	559F
55A0	55A0
55A1	55A1
55A2	55A2
55A3	55A3
55A4	55A4
55A5	55A5
55A6	55A6
55A7	55A7
55A8	55A8
55A9	55A9
55AA	55AA
55AB	55AB
55AC	55AC
55AD	55AD
55AE	55AE
55AF	55AF
55B0	55B0
55B1	55B1
55B2	55B2
55B3	55B3
55B4	55B4
55B5	55B5
55B6	55B6
55B7	55B7
55B8	55B8
55B9	55B9
55BA	55BA
55BB	55BB
55BC	55BC
55BD	55BD
55BE	55BE
55BF	55BF
55C0	55C0
55C1	55C1
55C2	55C2
55C3	55C3
55C4	55C4
55C5	55C5
55C6	55C6
55C7	55C7
55C8	55C8
55C9	55C9
55CA	55CA
55CB	55CB
55CC	55CC
55CD	55CD
55CE	55CE
55CF	55CF
55D0	55D0
55D1	55D1
55D2	55D2
55D3	55D3
55D4	55D4
55D5	55D5
55D6	55D6
55D7	55D7
55D8	55D8
55D9	55D9
55DA	55DA
55DB	55DB
55DC	55DC
55DD	55DD
55DE	55DE
55DF	55DF
55E0	55E0
55E1	55E1
55E2	55E2
55E3	55E3
55E4	55E4
55E5	55E5
55E6	55E6
55E7	55E7
55E8	55E8
55E9	55E9
55EA	55EA
55EB	55EB
55EC	55EC
55ED	55ED
55EE	55EE
55EF	55EF
55F0	55F0
55F1	55F1
55F2	55F2
55F3	55F3
55F4	55F4
55F5	55F5
55F6	55F6
55F7	55F7
55F8	55F8
55F9	55F9
55FA	55FA
55FB	55FB
55FC	55FC
55FD	55FD
55FE	55FE
55FF	55FF
5600	5600
5601	5601
5602	5602
5603	5603
5604	5604
5605	5605
5606	5606
5607	5607
5608	5608
5609	5609
560A	560A
560B	560B
560C	560C
560D	560D
560E	560E
560F	560F
5610	5610
5611	5611
5612	5612
5613	5613
5614	5614
5615	5615
5616	5616
5617	5617
5618	5618
5619	5619
561A	561A
561B	561B
561C	561C
561D	561D
561E	561E
561F	561F
5620	5620
5621	5621
5622	5622
5623	5623
5624	5624
5625	5625
5626	5626
5627	5627
5628	5628
5629	5629
562A	562A
562B	562B
562C	562C
562D	562D
562E	562E
562F	562F
5630	5630
5631	5631
5632	5632
5633	5633
5634	5634
5635	5635
5636	5636
5637	5637
5638	5638
5639	5639
563A	563A
563B	563B
563C	563C
563D	563D
563E	563E
563F	563F
5640	5640
5641	5641
5642	5642
5643	5643
5644	5644
5645	5645
5646	5646
5647	5647
5648	5648
5649	5649
564A	564A
564B	564B
564C	564C
564D	564D
564E	564E
564F	564F
5650	5650
5651	5651
5652	5652
5653	5653
5654	5654
5655	5655
5656	5656
5657	5657
5658	5658
5659	5659
565A	565A
565B	565B
565C	565C
565D	565D
565E	565E
565F	565F
5660	5660
5661	5661
5662	5662
5663	5663
5664	5664
5665	5665
5666	5666
5667	5667
5668	5668
5669	5669
566A	566A
566B	566B
566C	566C
566D	566D
566E	566E
566F	566F
5670	5670
5671	5671
5672	5672
5673	5673
5674	5674
5675	5675
5676	5676
5677	5677
5678	5678
5679	5679
567A	567A
567B	567B
567C	567C
567D	567D
567E	567E
567F	567F
5680	5680
5681	5681
5682	5682
5683	5683
5684	5684
5685	5685
5686	5686
5687	5687
5688	5688
5689	5689
568A	568A
568B	568B
568C	568C
568D	568D
568E	568E
568F	568F
5690	5690
5691	5691
5692	5692
5693	5693
5694	5694
5695	5695
5696	5696
5697	5697
5698	5698
5699	5699
569A	569A
569B	569B
569C	569C
569D	569D
569E	569E
569F	569F
56A0	56A0
56A1	56A1
56A2	56A2
56A3	56A3
56A4	56A4
56A5	56A5
56A6	56A6
56A7	56A7
56A8	56A8
56A9	56A9
56AA	56AA
56AB	56AB
56AC	56AC
56AD	56AD
56AE	56AE
56AF	56AF
56B0	56B0
56B1	56B1
56B2	56B2
56B3	56B3
56B4	56B4
56B5	56B5
56B6	56B6
56B7	56B7
56B8	56B8
56B9	56B9
56BA	56BA
56BB	56BB
56BC	56BC
56BD	56BD
56BE	56BE
56BF	56BF
56C0	56C0
56C1	56C1
56C2	56C2
56C3	56C3
56C4	56C4
56C5	56C5
56C6	56C6
56C7	56C7
56C8	56C8
56C9	56C9
56CA	56CA
56CB	56CB
56CC	56CC
56CD	56CD
56CE	56CE
56CF	56CF
56D0	56D0
56D1	56D1
56D2	56D2
56D3	56D3
56D4	56D4
56D5	56D5
56D6	56D6
56D7	56D7
56D8	56D8
56D9	56D9
56DA	56DA
56DB	56DB
56DC	56DC
56DD	56DD
56DE	56DE
56DF	56DF
56E0	56E0
56E1	56E1
56E2	56E2
56E3	56E3
56E4	56E4
56E5	56E5
56E6	56E6
56E7	56E7
56E8	56E8
56E9	56E9
56EA	56EA
56EB	56EB
56EC	56EC
56ED	56ED
56EE	56EE
56EF	56EF
56F0	56F0
56F1	56F1
56F2	56F2
56F3	56F3
56F4	56F4
56F5	56F5
56F6	56F6
56F7	56F7
56F8	56F8
56F9	56F9
56FA	56FA
56FB	56FB
56FC	56FC
56FD	56FD
56FE	56FE
56FF	56FF
5700	5700
5701	5701
5702	5702
5703	5703
5704	5704
5705	5705
5706	5706
5707	5707
5708	5708
5709	5709
570A	570A
570B	570B
570C	570C
570D	570D
570E	570E
570F	570F
5710	5710
5711	5711
5712	5712
5713	5713
5714	5714
5715	5715
5716	5716
5717	5717
5718	5718
5719	5719
571A	571A
571B	571B
571C	571C
571D	571D
571E	571E
571F	571F
5720	5720
5721	5721
5722	5722
5723	5723
5724	5724
5725	5725
5726	5726
5727	5727
5728	5728
5729	5729
572A	572A
572B	572B
572C	572C
572D	572D
572E	572E
572F	572F
5730	5730
5731	5731
5732	5732
5733	5733
5734	5734
5735	5735
5736	5736
5737	5737
5738	5738
5739	5739
573A	573A
573B	573B
573C	573C
573D	573D
573E	573E
573F	573F
5740	5740
5741	5741
5742	5742
5743	5743
5744	5744
5745	5745
5746	5746
5747	5747
5748	5748
5749	5749
574A	574A
574B	574B
574C	574C
574D	574D
574E	574E
574F	574F
5750	5750
5751	5751
5752	5752
5753	5753
5754	5754
5755	5755
5756	5756
5757	5757
5758	5758
5759	5759
575A	575A
575B	575B
575C	575C
575D	575D
575E	575E
575F	575F
5760	5760
5761	5761
5762	5762
5763	5763
5764	5764
5765	5765
5766	5766
5767	5767
5768	5768
5769	5769
576A	576A
576B	576B
576C	576C
576D	576D
576E	576E
576F	576F
5770	5770
5771	5771
5772	5772
5773	5773
5774	5774
5775	5775
5776	5776
5777	5777
5778	5778
5779	5779
577A	577A
577B	577B
577C	577C
577D	577D
577E	577E
577F	577F
5780	5780
5781	5781
5782	5782
5783	5783
5784	5784
5785	5785
5786	5786
5787	5787
5788	5788
5789	5789
578A	578A
578B	578B
578C	578C
578D	578D
578E	578E
578F	578F
5790	5790
5791	5791
5792	5792
5793	5793
5794	5794
5795	5795
5796	5796
5797	5797
5798	5798
5799	5799
579A	579A
579B	579B
579C	579C
579D	579D
579E	579E
579F	579F
57A0	57A0
57A1	57A1
57A2	57A2
57A3	57A3
57A4	57A4
57A5	57A5
57A6	57A6
57A7	57A7
57A8	57A8
57A9	57A9
57AA	57AA
57AB	57AB
57AC	57AC
57AD	57AD
57AE	57AE
57AF	57AF
57B0	57B0
57B1	57B1
57B2	57B2
57B3	57B3
57B4	57B4
57B5	57B5
57B6	57B6
57B7	57B7
57B8	57B8
57B9	57B9
57BA	57BA
57BB	57BB
57BC	57BC
57BD	57BD
57BE	57BE
57BF	57BF
57C0	57C0
57C1	57C1
57C2	57C2
57C3	57C3
57C4	57C4
57C5	57C5
57C6	57C6
57C7	57C7
57C8	57C8
57C9	57C9
57CA	57CA
57CB	57CB
57CC	57CC
57CD	57CD
57CE	57CE
57CF	57CF
57D0	57D0
57D1	57D1
57D2	57D2
57D3	57D3
57D4	57D4
57D5	57D5
57D6	57D6
57D7	57D7
57D8	57D8
57D9	57D9
57DA	57DA
57DB	57DB
57DC	57DC
57DD	57DD
57DE	57DE
57DF	57DF
57E0	57E0
57E1	57E1
57E2	57E2
57E3	57E3
57E4	57E4
57E5	57E5
57E6	57E6
57E7	57E7
57E8	57E8
57E9	57E9
57EA	57EA
57EB	57EB
57EC	57EC
57ED	57ED
57EE	57EE
57EF	57EF
57F0	57F0
57F1	57F1
57F2	57F2
57F3	57F3
57F4	57F4
57F5	57F5
57F6	57F6
57F7	57F7
57F8	57F8
57F9	57F9
57FA	57FA
57FB	57FB
57FC	57FC
57FD	57FD
57FE	57FE
57FF	57FF
5800	5800
5801	5801
5802	5802
5803	5803
5804	5804
5805	5805
5806	5806
5807	5807
5808	5808
5809	5809
580A	580A
580B	580B
580C	580C
580D	580D
580E	580E
580F	580F
5810	5810
5811	5811
5812	5812
5813	5813
5814	5814
5815	5815
5816	5816
5817	5817
5818	5818
5819	5819
581A	581A
581B	581B
581C	581C
581D	581D
581E	581E
581F	581F
5820	5820
5821	5821
5822	5822
5823	5823
5824	5824
5825	5825
5826	5826
5827	5827
5828	5828
5829	5829
582A	582A
582B	582B
582C	582C
582D	582D
582E	582E
582F	582F
5830	5830
5831	5831
5832	5832
5833	5833
5834	5834
5835	5835
5836	5836
5837	5837
5838	5838
5839	5839
583A	583A
583B	583B
583C	583C
583D	583D
583E	583E
583F	583F
5840	5840
5841	5841
5842	5842
5843	5843
5844	5844
5845	5845
5846	5846
5847	5847
5848	5848
5849	5849
584A	584A
584B	584B
584C	584C
584D	584D
584E	584E
584F	584F
5850	5850
5851	5851
5852	5852
5853	5853
5854	5854
5855	5855
5856	5856
5857	5857
5858	5858
5859	5859
585A	585A
585B	585B
585C	585C
585D	585D
585E	585E
585F	585F
5860	5860
5861	5861
5862	5862
5863	5863
5864	5864
5865	5865
5866	5866
5867	5867
5868	5868
5869	5869
586A	586A
586B	586B
586C	586C
586D	586D
586E	586E
586F	586F
5870	5870
5871	5871
5872	5872
5873	5873
5874	5874
5875	5875
5876	5876
5877	5877
5878	5878
5879	5879
587A	587A
587B	587B
587C	587C
587D	587D
587E	587E
587F	587F
5880	5880
5881	5881
5882	5882
5883	5883
5884	5884
5885	5885
5886	5886
5887	5887
5888	5888
5889	5889
588A	588A
588B	588B
588C	588C
588D	588D
588E	588E
588F	588F
5890	5890
5891	5891
5892	5892
5893	5893
5894	5894
5895	5895
5896	5896
5897	5897
5898	5898
5899	5899
589A	589A
589B	589B
589C	589C
589D	589D
589E	589E
589F	589F
58A0	58A0
58A1	58A1
58A2	58A2
58A3	58A3
58A4	58A4
58A5	58A5
58A6	58A6
58A7	58A7
58A8	58A8
58A9	58A9
58AA	58AA
58AB	58AB
58AC	58AC
58AD	58AD
58AE	58AE
58AF	58AF
58B0	58B0
58B1	58B1
58B2	58B2
58B3	58B3
58B4	58B4
58B5	58B5
58B6	58B6
58B7	58B7
58B8	58B8
58B9	58B9
58BA	58BA
58BB	58BB
58BC	58BC
58BD	58BD
58BE	58BE
58BF	58BF
58C0	58C0
58C1	58C1
58C2	58C2
58C3	58C3
58C4	58C4
58C5	58C5
58C6	58C6
58C7	58C7
58C8	58C8
58C9	58C9
58CA	58CA
58CB	58CB
58CC	58CC
58CD	58CD
58CE	58CE
58CF	58CF
58D0	58D0
58D1	58D1
58D2	58D2
58D3	58D3
58D4	58D4
58D5	58D5
58D6	58D6
58D7	58D7
58D8	58D8
58D9	58D9
58DA	58DA
58DB	58DB
58DC	58DC
58DD	58DD
58DE	58DE
58DF	58DF
58E0	58E0
58E1	58E1
58E2	58E2
58E3	58E3
58E4	58E4
58E5	58E5
58E6	58E6
58E7	58E7
58E8	58E8
58E9	58E9
58EA	58EA
58EB	58EB
58EC	58EC
58ED	58ED
58EE	58EE
58EF	58EF
58F0	58F0
58F1	58F1
58F2	58F2
58F3	58F3
58F4	58F4
58F5	58F5
58F6	58F6
58F7	58F7
58F8	58F8
58F9	58F9
58FA	58FA
58FB	58FB
58FC	58FC
58FD	58FD
58FE	58FE
58FF	58FF
5900	5900
5901	5901
5902	5902
5903	5903
5904	5904
5905	5905
5906	5906
5907	5907
5908	5908
5909	5909
590A	590A
590B	590B
590C	590C
590D	590D
590E	590E
590F	590F
5910	5910
5911	5911
5912	5912
5913	5913
5914	5914
5915	5915
5916	5916
5917	5917
5918	5918
5919	5919
591A	591A
591B	591B
591C	591C
591D	591D
591E	591E
591F	591F
5920	5920
5921	5921
5922	5922
5923	5923
5924	5924
5925	5925
5926	5926
5927	5927
5928	5928
5929	5929
592A	592A
592B	592B
592C	592C
592D	592D
592E	592E
592F	592F
5930	5930
5931	5931
5932	5932
5933	5933
5934	5934
5935	5935
5936	5936
5937	5937
5938	5938
5939	5939
593A	593A
593B	593B
593C	593C
593D	593D
593E	593E
593F	593F
5940	5940
5941	5941
5942	5942
5943	5943
5944	5944
5945	5945
5946	5946
5947	5947
5948	5948
5949	5949
594A	594A
594B	594B
594C	594C
594D	594D
594E	594E
594F	594F
5950	5950
5951	5951
5952	5952
5953	5953
5954	5954
5955	5955
5956	5956
5957	5957
5958	5958
5959	5959
595A	595A
595B	595B
595C	595C
595D	595D
595E	595E
595F	595F
5960	5960
5961	5961
5962	5962
5963	5963
5964	5964
5965	5965
5966	5966
5967	5967
5968	5968
5969	5969
596A	596A
596B	596B
596C	596C
596D	596D
596E	596E
596F	596F
5970	5970
5971	5971
5972	5972
5973	5973
5974	5974
5975	5975
5976	5976
5977	5977
5978	5978
5979	5979
597A	597A
597B	597B
597C	597C
597D	597D
597E	597E
597F	597F
5980	5980
5981	5981
5982	5982
5983	5983
5984	5984
5985	5985
5986	5986
5987	5987
5988	5988
5989	5989
598A	598A
598B	598B
598C	598C
598D	598D
598E	598E
598F	598F
5990	5990
5991	5991
5992	5992
5993	5993
5994	5994
5995	5995
5996	5996
5997	5997
5998	5998
5999	5999
599A	599A
599B	599B
599C	599C
599D	599D
599E	599E
599F	599F
59A0	59A0
59A1	59A1
59A2	59A2
59A3	59A3
59A4	59A4
59A5	59A5
59A6	59A6
59A7	59A7
59A8	59A8
59A9	59A9
59AA	59AA
59AB	59AB
59AC	59AC
59AD	59AD
59AE	59AE
59AF	59AF
59B0	59B0
59B1	59B1
59B2	59B2
59B3	59B3
59B4	59B4
59B5	59B5
59B6	59B6
59B7	59B7
59B8	59B8
59B9	59B9
59BA	59BA
59BB	59BB
59BC	59BC
59BD	59BD
59BE	59BE
59BF	59BF
59C0	59C0
59C1	59C1
59C2	59C2
59C3	59C3
59C4	59C4
59C5	59C5
59C6	59C6
59C7	59C7
59C8	59C8
59C9	59C9
59CA	59CA
59CB	59CB
59CC	59CC
59CD	59CD
59CE	59CE
59CF	59CF
59D0	59D0
59D1	59D1
59D2	59D2
59D3	59D3
59D4	59D4
59D5	59D5
59D6	59D6
59D7	59D7
59D8	59D8
59D9	59D9
59DA	59DA
59DB	59DB
59DC	59DC
59DD	59DD
59DE	59DE
59DF	59DF
59E0	59E0
59E1	59E1
59E2	59E2
59E3	59E3
59E4	59E4
59E5	59E5
59E6	59E6
59E7	59E7
59E8	59E8
59E9	59E9
59EA	59EA
59EB	59EB
59EC	59EC
59ED	59ED
59EE	59EE
59EF	59EF
59F0	59F0
59F1	59F1
59F2	59F2
59F3	59F3
59F4	59F4
59F5	59F5
59F6	59F6
59F7	59F7
59F8	59F8
59F9	59F9
59FA	59FA
59FB	59FB
59FC	59FC
59FD	59FD
59FE	59FE
59FF	59FF
5A00	5A00
5A01	5A01
5A02	5A02
5A03	5A03
5A04	5A04
5A05	5A05
5A06	5A06
5A07	5A07
5A08	5A08
5A09	5A09
5A0A	5A0A
5A0B	5A0B
5A0C	5A0C
5A0D	5A0D
5A0E	5A0E
5A0F	5A0F
5A10	5A10
5A11	5A11
5A12	5A12
5A13	5A13
5A14	5A14
5A15	5A15
5A16	5A16
5A17	5A17
5A18	5A18
5A19	5A19
5A1A	5A1A
5A1B	5A1B
5A1C	5A1C
5A1D	5A1D
5A1E	5A1E
5A1F	5A1F
5A20	5A20
5A21	5A21
5A22	5A22
5A23	5A23
5A24	5A24
5A25	5A25
5A26	5A26
5A27	5A27
5A28	5A28
5A29	5A29
5A2A	5A2A
5A2B	5A2B
5A2C	5A2C
5A2D	5A2D
5A2E	5A2E
5A2F	5A2F
5A30	5A30
5A31	5A31
5A32	5A32
5A33	5A33
5A34	5A34
5A35	5A35
5A36	5A36
5A37	5A37
5A38	5A38
5A39	5A39
5A3A	5A3A
5A3B	5A3B
5A3C	5A3C
5A3D	5A3D
5A3E	5A3E
5A3F	5A3F
5A40	5A40
5A41	5A41
5A42	5A42
5A43	5A43
5A44	5A44
5A45	5A45
5A46	5A46
5A47	5A47
5A48	5A48
5A49	5A49
5A4A	5A4A
5A4B	5A4B
5A4C	5A4C
5A4D	5A4D
5A4E	5A4E
5A4F	5A4F
5A50	5A50
5A51	5A51
5A52	5A52
5A53	5A53
5A54	5A54
5A55	5A55
5A56	5A56
5A57	5A57
5A58	5A58
5A59	5A59
5A5A	5A5A
5A5B	5A5B
5A5C	5A5C
5A5D	5A5D
5A5E	5A5E
5A5F	5A5F
5A60	5A60
5A61	5A61
5A62	5A62
5A63	5A63
5A64	5A64
5A65	5A65
5A66	5A66
5A67	5A67
5A68	5A68
5A69	5A69
5A6A	5A6A
5A6B	5A6B
5A6C	5A6C
5A6D	5A6D
5A6E	5A6E
5A6F	5A6F
5A70	5A70
5A71	5A71
5A72	5A72
5A73	5A73
5A74	5A74
5A75	5A75
5A76	5A76
5A77	5A77
5A78	5A78
5A79	5A79
5A7A	5A7A
5A7B	5A7B
5A7C	5A7C
5A7D	5A7D
5A7E	5A7E
5A7F	5A7F
5A80	5A80
5A81	5A81
5A82	5A82
5A83	5A83
5A84	5A84
5A85	5A85
5A86	5A86
5A87	5A87
5A88	5A88
5A89	5A89
5A8A	5A8A
5A8B	5A8B
5A8C	5A8C
5A8D	5A8D
5A8E	5A8E
5A8F	5A8F
5A90	5A90
5A91	5A91
5A92	5A92
5A93	5A93
5A94	5A94
5A95	5A95
5A96	5A96
5A97	5A97
5A98	5A98
5A99	5A99
5A9A	5A9A
5A9B	5A9B
5A9C	5A9C
5A9D	5A9D
5A9E	5A9E
5A9F	5A9F
5AA0	5AA0
5AA1	5AA1
5AA2	5AA2
5AA3	5AA3
5AA4	5AA4
5AA5	5AA5
5AA6	5AA6
5AA7	5AA7
5AA8	5AA8
5AA9	5AA9
5AAA	5AAA
5AAB	5AAB
5AAC	5AAC
5AAD	5AAD
5AAE	5AAE
5AAF	5AAF
5AB0	5AB0
5AB1	5AB1
5AB2	5AB2
5AB3	5AB3
5AB4	5AB4
5AB5	5AB5
5AB6	5AB6
5AB7	5AB7
5AB8	5AB8
5AB9	5AB9
5ABA	5ABA
5ABB	5ABB
5ABC	5ABC
5ABD	5ABD
5ABE	5ABE
5ABF	5ABF
5AC0	5AC0
5AC1	5AC1
5AC2	5AC2
5AC3	5AC3
5AC4	5AC4
5AC5	5AC5
5AC6	5AC6
5AC7	5AC7
5AC8	5AC8
5AC9	5AC9
5ACA	5ACA
5ACB	5ACB
5ACC	5ACC
5ACD	5ACD
5ACE	5ACE
5ACF	5ACF
5AD0	5AD0
5AD1	5AD1
5AD2	5AD2
5AD3	5AD3
5AD4	5AD4
5AD5	5AD5
5AD6	5AD6
5AD7	5AD7
5AD8	5AD8
5AD9	5AD9
5ADA	5ADA
5ADB	5ADB
5ADC	5ADC
5ADD	5ADD
5ADE	5ADE
5ADF	5ADF
5AE0	5AE0
5AE1	5AE1
5AE2	5AE2
5AE3	5AE3
5AE4	5AE4
5AE5	5AE5
5AE6	5AE6
5AE7	5AE7
5AE8	5AE8
5AE9	5AE9
5AEA	5AEA
5AEB	5AEB
5AEC	5AEC
5AED	5AED
5AEE	5AEE
5AEF	5AEF
5AF0	5AF0
5AF1	5AF1
5AF2	5AF2
5AF3	5AF3
5AF4	5AF4
5AF5	5AF5
5AF6	5AF6
5AF7	5AF7
5AF8	5AF8
5AF9	5AF9
5AFA	5AFA
5AFB	5AFB
5AFC	5AFC
5AFD	5AFD
5AFE	5AFE
5AFF	5AFF
5B00	5B00
5B01	5B01
5B02	5B02
5B03	5B03
5B04	5B04
5B05	5B05
5B06	5B06
5B07	5B07
5B08	5B08
5B09	5B09
5B0A	5B0A
5B0B	5B0B
5B0C	5B0C
5B0D	5B0D
5B0E	5B0E
5B0F	5B0F
5B10	5B10
5B11	5B11
5B12	5B12
5B13	5B13
5B14	5B14
5B15	5B15
5B16	5B16
5B17	5B17
5B18	5B18
5B19	5B19
5B1A	5B1A
5B1B	5B1B
5B1C	5B1C
5B1D	5B1D
5B1E	5B1E
5B1F	5B1F
5B20	5B20
5B21	5B21
5B22	5B22
5B23	5B23
5B24	5B24
5B25	5B25
5B26	5B26
5B27	5B27
5B28	5B28
5B29	5B29
5B2A	5B2A
5B2B	5B2B
5B2C	5B2C
5B2D	5B2D
5B2E	5B2E
5B2F	5B2F
5B30	5B30
5B31	5B31
5B32	5B32
5B33	5B33
5B34	5B34
5B35	5B35
5B36	5B36
5B37	5B37
5B38	5B38
5B39	5B39
5B3A	5B3A
5B3B	5B3B
5B3C	5B3C
5B3D	5B3D
5B3E	5B3E
5B3F	5B3F
5B40	5B40
5B41	5B41
5B42	5B42
5B43	5B43
5B44	5B44
5B45	5B45
5B46	5B46
5B47	5B47
5B48	5B48
5B49	5B49
5B4A	5B4A
5B4B	5B4B
5B4C	5B4C
5B4D	5B4D
5B4E	5B4E
5B4F	5B4F
5B50	5B50
5B51	5B51
5B52	5B52
5B53	5B53
5B54	5B54
5B55	5B55
5B56	5B56
5B57	5B57
5B58	5B58
5B59	5B59
5B5A	5B5A
5B5B	5B5B
5B5C	5B5C
5B5D	5B5D
5B5E	5B5E
5B5F	5B5F
5B60	5B60
5B61	5B61
5B62	5B62
5B63	5B63
5B64	5B64
5B65	5B65
5B66	5B66
5B67	5B67
5B68	5B68
5B69	5B69
5B6A	5B6A
5B6B	5B6B
5B6C	5B6C
5B6D	5B6D
5B6E	5B6E
5B6F	5B6F
5B70	5B70
5B71	5B71
5B72	5B72
5B73	5B73
5B74	5B74
5B75	5B75
5B76	5B76
5B77	5B77
5B78	5B78
5B79	5B79
5B7A	5B7A
5B7B	5B7B
5B7C	5B7C
5B7D	5B7D
5B7E	5B7E
5B7F	5B7F
5B80	5B80
5B81	5B81
5B82	5B82
5B83	5B83
5B84	5B84
5B85	5B85
5B86	5B86
5B87	5B87
5B88	5B88
5B89	5B89
5B8A	5B8A
5B8B	5B8B
5B8C	5B8C
5B8D	5B8D
5B8E	5B8E
5B8F	5B8F
5B90	5B90
5B91	5B91
5B92	5B92
5B93	5B93
5B94	5B94
5B95	5B95
5B96	5B96
5B97	5B97
5B98	5B98
5B99	5B99
5B9A	5B9A
5B9B	5B9B
5B9C	5B9C
5B9D	5B9D
5B9E	5B9E
5B9F	5B9F
5BA0	5BA0
5BA1	5BA1
5BA2	5BA2
5BA3	5BA3
5BA4	5BA4
5BA5	5BA5
5BA6	5BA6
5BA7	5BA7
5BA8	5BA8
5BA9	5BA9
5BAA	5BAA
5BAB	5BAB
5BAC	5BAC
5BAD	5BAD
5BAE	5BAE
5BAF	5BAF
5BB0	5BB0
5BB1	5BB1
5BB2	5BB2
5BB3	5BB3
5BB4	5BB4
5BB5	5BB5
5BB6	5BB6
5BB7	5BB7
5BB8	5BB8
5BB9	5BB9
5BBA	5BBA
5BBB	5BBB
5BBC	5BBC
5BBD	5BBD
5BBE	5BBE
5BBF	5BBF
5BC0	5BC0
5BC1	5BC1
5BC2	5BC2
5BC3	5BC3
5BC4	5BC4
5BC5	5BC5
5BC6	5BC6
5BC7	5BC7
5BC8	5BC8
5BC9	5BC9
5BCA	5BCA
5BCB	5BCB
5BCC	5BCC
5BCD	5BCD
5BCE	5BCE
5BCF	5BCF
5BD0	5BD0
5BD1	5BD1
5BD2	5BD2
5BD3	5BD3
5BD4	5BD4
5BD5	5BD5
5BD6	5BD6
5BD7	5BD7
5BD8	5BD8
5BD9	5BD9
5BDA	5BDA
5BDB	5BDB
5BDC	5BDC
5BDD	5BDD
5BDE	5BDE
5BDF	5BDF
5BE0	5BE0
5BE1	5BE1
5BE2	5BE2
5BE3	5BE3
5BE4	5BE4
5BE5	5BE5
5BE6	5BE6
5BE7	5BE7
5BE8	5BE8
5BE9	5BE9
5BEA	5BEA
5BEB	5BEB
5BEC	5BEC
5BED	5BED
5BEE	5BEE
5BEF	5BEF
5BF0	5BF0
5BF1	5BF1
5BF2	5BF2
5BF3	5BF3
5BF4	5BF4
5BF5	5BF5
5BF6	5BF6
5BF7	5BF7
5BF8	5BF8
5BF9	5BF9
5BFA	5BFA
5BFB	5BFB
5BFC	5BFC
5BFD	5BFD
5BFE	5BFE
5BFF	5BFF
5C00	5C00
5C01	5C01
5C02	5C02
5C03	5C03
5C04	5C04
5C05	5C05
5C06	5C06
5C07	5C07
5C08	5C08
5C09	5C09
5C0A	5C0A
5C0B	5C0B
5C0C	5C0C
5C0D	5C0D
5C0E	5C0E
5C0F	5C0F
5C10	5C10
5C11	5C11
5C12	5C12
5C13	5C13
5C14	5C14
5C15	5C15
5C16	5C16
5C17	5C17
5C18	5C18
5C19	5C19
5C1A	5C1A
5C1B	5C1B
5C1C	5C1C
5C1D	5C1D
5C1E	5C1E
5C1F	5C1F
5C20	5C20
5C21	5C21
5C22	5C22
5C23	5C23
5C24	5C24
5C25	5C25
5C26	5C26
5C27	5C27
5C28	5C28
5C29	5C29
5C2A	5C2A
5C2B	5C2B
5C2C	5C2C
5C2D	5C2D
5C2E	5C2E
5C2F	5C2F
5C30	5C30
5C31	5C31
5C32	5C32
5C33	5C33
5C34	5C34
5C35	5C35
5C36	5C36
5C37	5C37
5C38	5C38
5C39	5C39
5C3A	5C3A
5C3B	5C3B
5C3C	5C3C
5C3D	5C3D
5C3E	5C3E
5C3F	5C3F
5C40	5C40
5C41	5C41
5C42	5C42
5C43	5C43
5C44	5C44
5C45	5C45
5C46	5C46
5C47	5C47
5C48	5C48
5C49	5C49
5C4A	5C4A
5C4B	5C4B
5C4C	5C4C
5C4D	5C4D
5C4E	5C4E
5C4F	5C4F
5C50	5C50
5C51	5C51
5C52	5C52
5C53	5C53
5C54	5C54
5C55	5C55
5C56	5C56
5C57	5C57
5C58	5C58
5C59	5C59
5C5A	5C5A
5C5B	5C5B
5C5C	5C5C
5C5D	5C5D
5C5E	5C5E
5C5F	5C5F
5C60	5C60
5C61	5C61
5C62	5C62
5C63	5C63
5C64	5C64
5C65	5C65
5C66	5C66
5C67	5C67
5C68	5C68
5C69	5C69
5C6A	5C6A
5C6B	5C6B
5C6C	5C6C
5C6D	5C6D
5C6E	5C6E
5C6F	5C6F
5C70	5C70
5C71	5C71
5C72	5C72
5C73	5C73
5C74	5C74
5C75	5C75
5C76	5C76
5C77	5C77
5C78	5C78
5C79	5C79
5C7A	5C7A
5C7B	5C7B
5C7C	5C7C
5C7D	5C7D
5C7E	5C7E
5C7F	5C7F
5C80	5C80
5C81	5C81
5C82	5C82
5C83	5C83
5C84	5C84
5C85	5C85
5C86	5C86
5C87	5C87
5C88	5C88
5C89	5C89
5C8A	5C8A
5C8B	5C8B
5C8C	5C8C
5C8D	5C8D
5C8E	5C8E
5C8F	5C8F
5C90	5C90
5C91	5C91
5C92	5C92
5C93	5C93
5C94	5C94
5C95	5C95
5C96	5C96
5C97	5C97
5C98	5C98
5C99	5C99
5C9A	5C9A
5C9B	5C9B
5C9C	5C9C
5C9D	5C9D
5C9E	5C9E
5C9F	5C9F
5CA0	5CA0
5CA1	5CA1
5CA2	5CA2
5CA3	5CA3
5CA4	5CA4
5CA5	5CA5
5CA6	5CA6
5CA7	5CA7
5CA8	5CA8
5CA9	5CA9
5CAA	5CAA
5CAB	5CAB
5CAC	5CAC
5CAD	5CAD
5CAE	5CAE
5CAF	5CAF
5CB0	5CB0
5CB1	5CB1
5CB2	5CB2
5CB3	5CB3
5CB4	5CB4
5CB5	5CB5
5CB6	5CB6
5CB7	5CB7
5CB8	5CB8
5CB9	5CB9
5CBA	5CBA
5CBB	5CBB
5CBC	5CBC
5CBD	5CBD
5CBE	5CBE
5CBF	5CBF
5CC0	5CC0
5CC1	5CC1
5CC2	5CC2
5CC3	5CC3
5CC4	5CC4
5CC5	5CC5
5CC6	5CC6
5CC7	5CC7
5CC8	5CC8
5CC9	5CC9
5CCA	5CCA
5CCB	5CCB
5CCC	5CCC
5CCD	5CCD
5CCE	5CCE
5CCF	5CCF
5CD0	5CD0
5CD1	5CD1
5CD2	5CD2
5CD3	5CD3
5CD4	5CD4
5CD5	5CD5
5CD6	5CD6
5CD7	5CD7
5CD8	5CD8
5CD9	5CD9
5CDA	5CDA
5CDB	5CDB
5CDC	5CDC
5CDD	5CDD
5CDE	5CDE
5CDF	5CDF
5CE0	5CE0
5CE1	5CE1
5CE2	5CE2
5CE3	5CE3
5CE4	5CE4
5CE5	5CE5
5CE6	5CE6
5CE7	5CE7
5CE8	5CE8
5CE9	5CE9
5CEA	5CEA
5CEB	5CEB
5CEC	5CEC
5CED	5CED
5CEE	5CEE
5CEF	5CEF
5CF0	5CF0
5CF1	5CF1
5CF2	5CF2
5CF3	5CF3
5CF4	5CF4
5CF5	5CF5
5CF6	5CF6
5CF7	5CF7
5CF8	5CF8
5CF9	5CF9
5CFA	5CFA
5CFB	5CFB
5CFC	5CFC
5CFD	5CFD
5CFE	5CFE
5CFF	5CFF
5D00	5D00
5D01	5D01
5D02	5D02
5D03	5D03
5D04	5D04
5D05	5D05
5D06	5D06
5D07	5D07
5D08	5D08
5D09	5D09
5D0A	5D0A
5D0B	5D0B
5D0C	5D0C
5D0D	5D0D
5D0E	5D0E
5D0F	5D0F
5D10	5D10
5D11	5D11
5D12	5D12
5D13	5D13
5D14	5D14
5D15	5D15
5D16	5D16
5D17	5D17
5D18	5D18
5D19	5D19
5D1A	5D1A
5D1B	5D1B
5D1C	5D1C
5D1D	5D1D
5D1E	5D1E
5D1F	5D1F
5D20	5D20
5D21	5D21
5D22	5D22
5D23	5D23
5D24	5D24
5D25	5D25
5D26	5D26
5D27	5D27
5D28	5D28
5D29	5D29
5D2A	5D2A
5D2B	5D2B
5D2C	5D2C
5D2D	5D2D
5D2E	5D2E
5D2F	5D2F
5D30	5D30
5D31	5D31
5D32	5D32
5D33	5D33
5D34	5D34
5D35	5D35
5D36	5D36
5D37	5D37
5D38	5D38
5D39	5D39
5D3A	5D3A
5D3B	5D3B
5D3C	5D3C
5D3D	5D3D
5D3E	5D3E
5D3F	5D3F
5D40	5D40
5D41	5D41
5D42	5D42
5D43	5D43
5D44	5D44
5D45	5D45
5D46	5D46
5D47	5D47
5D48	5D48
5D49	5D49
5D4A	5D4A
5D4B	5D4B
5D4C	5D4C
5D4D	5D4D
5D4E	5D4E
5D4F	5D4F
5D50	5D50
5D51	5D51
5D52	5D52
5D53	5D53
5D54	5D54
5D55	5D55
5D56	5D56
5D57	5D57
5D58	5D58
5D59	5D59
5D5A	5D5A
5D5B	5D5B
5D5C	5D5C
5D5D	5D5D
5D5E	5D5E
5D5F	5D5F
5D60	5D60
5D61	5D61
5D62	5D62
5D63	5D63
5D64	5D64
5D65	5D65
5D66	5D66
5D67	5D67
5D68	5D68
5D69	5D69
5D6A	5D6A
5D6B	5D6B
5D6C	5D6C
5D6D	5D6D
5D6E	5D6E
5D6F	5D6F
5D70	5D70
5D71	5D71
5D72	5D72
5D73	5D73
5D74	5D74
5D75	5D75
5D76	5D76
5D77	5D77
5D78	5D78
5D79	5D79
5D7A	5D7A
5D7B	5D7B
5D7C	5D7C
5D7D	5D7D
5D7E	5D7E
5D7F	5D7F
5D80	5D80
5D81	5D81
5D82	5D82
5D83	5D83
5D84	5D84
5D85	5D85
5D86	5D86
5D87	5D87
5D88	5D88
5D89	5D89
5D8A	5D8A
5D8B	5D8B
5D8C	5D8C
5D8D	5D8D
5D8E	5D8E
5D8F	5D8F
5D90	5D90
5D91	5D91
5D92	5D92
5D93	5D93
5D94	5D94
5D95	5D95
5D96	5D96
5D97	5D97
5D98	5D98
5D99	5D99
5D9A	5D9A
5D9B	5D9B
5D9C	5D9C
5D9D	5D9D
5D9E	5D9E
5D9F	5D9F
5DA0	5DA0
5DA1	5DA1
5DA2	5DA2
5DA3	5DA3
5DA4	5DA4
5DA5	5DA5
5DA6	5DA6
5DA7	5DA7
5DA8	5DA8
5DA9	5DA9
5DAA	5DAA
5DAB	5DAB
5DAC	5DAC
5DAD	5DAD
5DAE	5DAE
5DAF	5DAF
5DB0	5DB0
5DB1	5DB1
5DB2	5DB2
5DB3	5DB3
5DB4	5DB4
5DB5	5DB5
5DB6	5DB6
5DB7	5DB7
5DB8	5DB8
5DB9	5DB9
5DBA	5DBA
5DBB	5DBB
5DBC	5DBC
5DBD	5DBD
5DBE	5DBE
5DBF	5DBF
5DC0	5DC0
5DC1	5DC1
5DC2	5DC2
5DC3	5DC3
5DC4	5DC4
5DC5	5DC5
5DC6	5DC6
5DC7	5DC7
5DC8	5DC8
5DC9	5DC9
5DCA	5DCA
5DCB	5DCB
5DCC	5DCC
5DCD	5DCD
5DCE	5DCE
5DCF	5DCF
5DD0	5DD0
5DD1	5DD1
5DD2	5DD2
5DD3	5DD3
5DD4	5DD4
5DD5	5DD5
5DD6	5DD6
5DD7	5DD7
5DD8	5DD8
5DD9	5DD9
5DDA	5DDA
5DDB	5DDB
5DDC	5DDC
5DDD	5DDD
5DDE	5DDE
5DDF	5DDF
5DE0	5DE0
5DE1	5DE1
5DE2	5DE2
5DE3	5DE3
5DE4	5DE4
5DE5	5DE5
5DE6	5DE6
5DE7	5DE7
5DE8	5DE8
5DE9	5DE9
5DEA	5DEA
5DEB	5DEB
5DEC	5DEC
5DED	5DED
5DEE	5DEE
5DEF	5DEF
5DF0	5DF0
5DF1	5DF1
5DF2	5DF2
5DF3	5DF3
5DF4	5DF4
5DF5	5DF5
5DF6	5DF6
5DF7	5DF7
5DF8	5DF8
5DF9	5DF9
5DFA	5DFA
5DFB	5DFB
5DFC	5DFC
5DFD	5DFD
5DFE	5DFE
5DFF	5DFF
5E00	5E00
5E01	5E01
5E02	5E02
5E03	5E03
5E04	5E04
5E05	5E05
5E06	5E06
5E07	5E07
5E08	5E08
5E09	5E09
5E0A	5E0A
5E0B	5E0B
5E0C	5E0C
5E0D	5E0D
5E0E	5E0E
5E0F	5E0F
5E10	5E10
5E11	5E11
5E12	5E12
5E13	5E13
5E14	5E14
5E15	5E15
5E16	5E16
5E17	5E17
5E18	5E18
5E19	5E19
5E1A	5E1A
5E1B	5E1B
5E1C	5E1C
5E1D	5E1D
5E1E	5E1E
5E1F	5E1F
5E20	5E20
5E21	5E21
5E22	5E22
5E23	5E23
5E24	5E24
5E25	5E25
5E26	5E26
5E27	5E27
5E28	5E28
5E29	5E29
5E2A	5E2A
5E2B	5E2B
5E2C	5E2C
5E2D	5E2D
5E2E	5E2E
5E2F	5E2F
5E30	5E30
5E31	5E31
5E32	5E32
5E33	5E33
5E34	5E34
5E35	5E35
5E36	5E36
5E37	5E37
5E38	5E38
5E39	5E39
5E3A	5E3A
5E3B	5E3B
5E3C	5E3C
5E3D	5E3D
5E3E	5E3E
5E3F	5E3F
5E40	5E40
5E41	5E41
5E42	5E42
5E43	5E43
5E44	5E44
5E45	5E45
5E46	5E46
5E47	5E47
5E48	5E48
5E49	5E49
5E4A	5E4A
5E4B	5E4B
5E4C	5E4C
5E4D	5E4D
5E4E	5E4E
5E4F	5E4F
5E50	5E50
5E51	5E51
5E52	5E52
5E53	5E53
5E54	5E54
5E55	5E55
5E56	5E56
5E57	5E57
5E58	5E58
5E59	5E59
5E5A	5E5A
5E5B	5E5B
5E5C	5E5C
5E5D	5E5D
5E5E	5E5E
5E5F	5E5F
5E60	5E60
5E61	5E61
5E62	5E62
5E63	5E63
5E64	5E64
5E65	5E65
5E66	5E66
5E67	5E67
5E68	5E68
5E69	5E69
5E6A	5E6A
5E6B	5E6B
5E6C	5E6C
5E6D	5E6D
5E6E	5E6E
5E6F	5E6F
5E70	5E70
5E71	5E71
5E72	5E72
5E73	5E73
5E74	5E74
5E75	5E75
5E76	5E76
5E77	5E77
5E78	5E78
5E79	5E79
5E7A	5E7A
5E7B	5E7B
5E7C	5E7C
5E7D	5E7D
5E7E	5E7E
5E7F	5E7F
5E80	5E80
5E81	5E81
5E82	5E82
5E83	5E83
5E84	5E84
5E85	5E85
5E86	5E86
5E87	5E87
5E88	5E88
5E89	5E89
5E8A	5E8A
5E8B	5E8B
5E8C	5E8C
5E8D	5E8D
5E8E	5E8E
5E8F	5E8F
5E90	5E90
5E91	5E91
5E92	5E92
5E93	5E93
5E94	5E94
5E95	5E95
5E96	5E96
5E97	5E97
5E98	5E98
5E99	5E99
5E9A	5E9A
5E9B	5E9B
5E9C	5E9C
5E9D	5E9D
5E9E	5E9E
5E9F	5E9F
5EA0	5EA0
5EA1	5EA1
5EA2	5EA2
5EA3	5EA3
5EA4	5EA4
5EA5	5EA5
5EA6	5EA6
5EA7	5EA7
5EA8	5EA8
5EA9	5EA9
5EAA	5EAA
5EAB	5EAB
5EAC	5EAC
5EAD	5EAD
5EAE	5EAE
5EAF	5EAF
5EB0	5EB0
5EB1	5EB1
5EB2	5EB2
5EB3	5EB3
5EB4	5EB4
5EB5	5EB5
5EB6	5EB6
5EB7	5EB7
5EB8	5EB8
5EB9	5EB9
5EBA	5EBA
5EBB	5EBB
5EBC	5EBC
5EBD	5EBD
5EBE	5EBE
5EBF	5EBF
5EC0	5EC0
5EC1	5EC1
5EC2	5EC2
5EC3	5EC3
5EC4	5EC4
5EC5	5EC5
5EC6	5EC6
5EC7	5EC7
5EC8	5EC8
5EC9	5EC9
5ECA	5ECA
5ECB	5ECB
5ECC	5ECC
5ECD	5ECD
5ECE	5ECE
5ECF	5ECF
5ED0	5ED0
5ED1	5ED1
5ED2	5ED2
5ED3	5ED3
5ED4	5ED4
5ED5	5ED5
5ED6	5ED6
5ED7	5ED7
5ED8	5ED8
5ED9	5ED9
5EDA	5EDA
5EDB	5EDB
5EDC	5EDC
5EDD	5EDD
5EDE	5EDE
5EDF	5EDF
5EE0	5EE0
5EE1	5EE1
5EE2	5EE2
5EE3	5EE3
5EE4	5EE4
5EE5	5EE5
5EE6	5EE6
5EE7	5EE7
5EE8	5EE8
5EE9	5EE9
5EEA	5EEA
5EEB	5EEB
5EEC	5EEC
5EED	5EED
5EEE	5EEE
5EEF	5EEF
5EF0	5EF0
5EF1	5EF1
5EF2	5EF2
5EF3	5EF3
5EF4	5EF4
5EF5	5EF5
5EF6	5EF6
5EF7	5EF7
5EF8	5EF8
5EF9	5EF9
5EFA	5EFA
5EFB	5EFB
5EFC	5EFC
5EFD	5EFD
5EFE	5EFE
5EFF	5EFF
5F00	5F00
5F01	5F01
5F02	5F02
5F03	5F03
5F04	5F04
5F05	5F05
5F06	5F06
5F07	5F07
5F08	5F08
5F09	5F09
5F0A	5F0A
5F0B	5F0B
5F0C	5F0C
5F0D	5F0D
5F0E	5F0E
5F0F	5F0F
5F10	5F10
5F11	5F11
5F12	5F12
5F13	5F13
5F14	5F14
5F15	5F15
5F16	5F16
5F17	5F17
5F18	5F18
5F19	5F19
5F1A	5F1A
5F1B	5F1B
5F1C	5F1C
5F1D	5F1D
5F1E	5F1E
5F1F	5F1F
5F20	5F20
5F21	5F21
5F22	5F22
5F23	5F23
5F24	5F24
5F25	5F25
5F26	5F26
5F27	5F27
5F28	5F28
5F29	5F29
5F2A	5F2A
5F2B	5F2B
5F2C	5F2C
5F2D	5F2D
5F2E	5F2E
5F2F	5F2F
5F30	5F30
5F31	5F31
5F32	5F32
5F33	5F33
5F34	5F34
5F35	5F35
5F36	5F36
5F37	5F37
5F38	5F38
5F39	5F39
5F3A	5F3A
5F3B	5F3B
5F3C	5F3C
5F3D	5F3D
5F3E	5F3E
5F3F	5F3F
5F40	5F40
5F41	5F41
5F42	5F42
5F43	5F43
5F44	5F44
5F45	5F45
5F46	5F46
5F47	5F47
5F48	5F48
5F49	5F49
5F4A	5F4A
5F4B	5F4B
5F4C	5F4C
5F4D	5F4D
5F4E	5F4E
5F4F	5F4F
5F50	5F50
5F51	5F51
5F52	5F52
5F53	5F53
5F54	5F54
5F55	5F55
5F56	5F56
5F57	5F57
5F58	5F58
5F59	5F59
5F5A	5F5A
5F5B	5F5B
5F5C	5F5C
5F5D	5F5D
5F5E	5F5E
5F5F	5F5F
5F60	5F60
5F61	5F61
5F62	5F62
5F63	5F63
5F64	5F64
5F65	5F65
5F66	5F66
5F67	5F67
5F68	5F68
5F69	5F69
5F6A	5F6A
5F6B	5F6B
5F6C	5F6C
5F6D	5F6D
5F6E	5F6E
5F6F	5F6F
5F70	5F70
5F71	5F71
5F72	5F72
5F73	5F73
5F74	5F74
5F75	5F75
5F76	5F76
5F77	5F77
5F78	5F78
5F79	5F79
5F7A	5F7A
5F7B	5F7B
5F7C	5F7C
5F7D	5F7D
5F7E	5F7E
5F7F	5F7F
5F80	5F80
5F81	5F81
5F82	5F82
5F83	5F83
5F84	5F84
5F85	5F85
5F86	5F86
5F87	5F87
5F88	5F88
5F89	5F89
5F8A	5F8A
5F8B	5F8B
5F8C	5F8C
5F8D	5F8D
5F8E	5F8E
5F8F	5F8F
5F90	5F90
5F91	5F91
5F92	5F92
5F93	5F93
5F94	5F94
5F95	5F95
5F96	5F96
5F97	5F97
5F98	5F98
5F99	5F99
5F9A	5F9A
5F9B	5F9B
5F9C	5F9C
5F9D	5F9D
5F9E	5F9E
5F9F	5F9F
5FA0	5FA0
5FA1	5FA1
5FA2	5FA2
5FA3	5FA3
5FA4	5FA4
5FA5	5FA5
5FA6	5FA6
5FA7	5FA7
5FA8	5FA8
5FA9	5FA9
5FAA	5FAA
5FAB	5FAB
5FAC	5FAC
5FAD	5FAD
5FAE	5FAE
5FAF	5FAF
5FB0	5FB0
5FB1	5FB1
5FB2	5FB2
5FB3	5FB3
5FB4	5FB4
5FB5	5FB5
5FB6	5FB6
5FB7	5FB7
5FB8	5FB8
5FB9	5FB9
5FBA	5FBA
5FBB	5FBB
5FBC	5FBC
5FBD	5FBD
5FBE	5FBE
5FBF	5FBF
5FC0	5FC0
5FC1	5FC1
5FC2	5FC2
5FC3	5FC3
5FC4	5FC4
5FC5	5FC5
5FC6	5FC6
5FC7	5FC7
5FC8	5FC8
5FC9	5FC9
5FCA	5FCA
5FCB	5FCB
5FCC	5FCC
5FCD	5FCD
5FCE	5FCE
5FCF	5FCF
5FD0	5FD0
5FD1	5FD1
5FD2	5FD2
5FD3	5FD3
5FD4	5FD4
5FD5	5FD5
5FD6	5FD6
5FD7	5FD7
5FD8	5FD8
5FD9	5FD9
5FDA	5FDA
5FDB	5FDB
5FDC	5FDC
5FDD	5FDD
5FDE	5FDE
5FDF	5FDF
5FE0	5FE0
5FE1	5FE1
5FE2	5FE2
5FE3	5FE3
5FE4	5FE4
5FE5	5FE5
5FE6	5FE6
5FE7	5FE7
5FE8	5FE8
5FE9	5FE9
5FEA	5FEA
5FEB	5FEB
5FEC	5FEC
5FED	5FED
5FEE	5FEE
5FEF	5FEF
5FF0	5FF0
5FF1	5FF1
5FF2	5FF2
5FF3	5FF3
5FF4	5FF4
5FF5	5FF5
5FF6	5FF6
5FF7	5FF7
5FF8	5FF8
5FF9	5FF9
5FFA	5FFA
5FFB	5FFB
5FFC	5FFC
5FFD	5FFD
5FFE	5FFE
5FFF	5FFF
6000	6000
6001	6001
6002	6002
6003	6003
6004	6004
6005	6005
6006	6006
6007	6007
6008	6008
6009	6009
600A	600A
600B	600B
600C	600C
600D	600D
600E	600E
600F	600F
6010	6010
6011	6011
6012	6012
6013	6013
6014	6014
6015	6015
6016	6016
6017	6017
6018	6018
6019	6019
601A	601A
601B	601B
601C	601C
601D	601D
601E	601E
601F	601F
6020	6020
6021	6021
6022	6022
6023	6023
6024	6024
6025	6025
6026	6026
6027	6027
6028	6028
6029	6029
602A	602A
602B	602B
602C	602C
602D	602D
602E	602E
602F	602F
6030	6030
6031	6031
6032	6032
6033	6033
6034	6034
6035	6035
6036	6036
6037	6037
6038	6038
6039	6039
603A	603A
603B	603B
603C	603C
603D	603D
603E	603E
603F	603F
6040	6040
6041	6041
6042	6042
6043	6043
6044	6044
6045	6045
6046	6046
6047	6047
6048	6048
6049	6049
604A	604A
604B	604B
604C	604C
604D	604D
604E	604E
604F	604F
6050	6050
6051	6051
6052	6052
6053	6053
6054	6054
6055	6055
6056	6056
6057	6057
6058	6058
6059	6059
605A	605A
605B	605B
605C	605C
605D	605D
605E	605E
605F	605F
6060	6060
6061	6061
6062	6062
6063	6063
6064	6064
6065	6065
6066	6066
6067	6067
6068	6068
6069	6069
606A	606A
606B	606B
606C	606C
606D	606D
606E	606E
606F	606F
6070	6070
6071	6071
6072	6072
6073	6073
6074	6074
6075	6075
6076	6076
6077	6077
6078	6078
6079	6079
607A	607A
607B	607B
607C	607C
607D	607D
607E	607E
607F	607F
6080	6080
6081	6081
6082	6082
6083	6083
6084	6084
6085	6085
6086	6086
6087	6087
6088	6088
6089	6089
608A	608A
608B	608B
608C	608C
608D	608D
608E	608E
608F	608F
6090	6090
6091	6091
6092	6092
6093	6093
6094	6094
6095	6095
6096	6096
6097	6097
6098	6098
6099	6099
609A	609A
609B	609B
609C	609C
609D	609D
609E	609E
609F	609F
60A0	60A0
60A1	60A1
60A2	60A2
60A3	60A3
60A4	60A4
60A5	60A5
60A6	60A6
60A7	60A7
60A8	60A8
60A9	60A9
60AA	60AA
60AB	60AB
60AC	60AC
60AD	60AD
60AE	60AE
60AF	60AF
60B0	60B0
60B1	60B1
60B2	60B2
60B3	60B3
60B4	60B4
60B5	60B5
60B6	60B6
60B7	60B7
60B8	60B8
60B9	60B9
60BA	60BA
60BB	60BB
60BC	60BC
60BD	60BD
60BE	60BE
60BF	60BF
60C0	60C0
60C1	60C1
60C2	60C2
60C3	60C3
60C4	60C4
60C5	60C5
60C6	60C6
60C7	60C7
60C8	60C8
60C9	60C9
60CA	60CA
60CB	60CB
60CC	60CC
60CD	60CD
60CE	60CE
60CF	60CF
60D0	60D0
60D1	60D1
60D2	60D2
60D3	60D3
60D4	60D4
60D5	60D5
60D6	60D6
60D7	60D7
60D8	60D8
60D9	60D9
60DA	60DA
60DB	60DB
60DC	60DC
60DD	60DD
60DE	60DE
60DF	60DF
60E0	60E0
60E1	60E1
60E2	60E2
60E3	60E3
60E4	60E4
60E5	60E5
60E6	60E6
60E7	60E7
60E8	60E8
60E9	60E9
60EA	60EA
60EB	60EB
60EC	60EC
60ED	60ED
60EE	60EE
60EF	60EF
60F0	60F0
60F1	60F1
60F2	60F2
60F3	60F3
60F4	60F4
60F5	60F5
60F6	60F6
60F7	60F7
60F8	60F8
60F9	60F9
60FA	60FA
60FB	60FB
60FC	60FC
60FD	60FD
60FE	60FE
60FF	60FF
6100	6100
6101	6101
6102	6102
6103	6103
6104	6104
6105	6105
6106	6106
6107	6107
6108	6108
6109	6109
610A	610A
610B	610B
610C	610C
610D	610D
610E	610E
610F	610F
6110	6110
6111	6111
6112	6112
6113	6113
6114	6114
6115	6115
6116	6116
6117	6117
6118	6118
6119	6119
611A	611A
611B	611B
611C	611C
611D	611D
611E	611E
611F	611F
6120	6120
6121	6121
6122	6122
6123	6123
6124	6124
6125	6125
6126	6126
6127	6127
6128	6128
6129	6129
612A	612A
612B	612B
612C	612C
612D	612D
612E	612E
612F	612F
6130	6130
6131	6131
6132	6132
6133	6133
6134	6134
6135	6135
6136	6136
6137	6137
6138	6138
6139	6139
613A	613A
613B	613B
613C	613C
613D	613D
613E	613E
613F	613F
6140	6140
6141	6141
6142	6142
6143	6143
6144	6144
6145	6145
6146	6146
6147	6147
6148	6148
6149	6149
614A	614A
614B	614B
614C	614C
614D	614D
614E	614E
614F	614F
6150	6150
6151	6151
6152	6152
6153	6153
6154	6154
6155	6155
6156	6156
6157	6157
6158	6158
6159	6159
615A	615A
615B	615B
615C	615C
615D	615D
615E	615E
615F	615F
6160	6160
6161	6161
6162	6162
6163	6163
6164	6164
6165	6165
6166	6166
6167	6167
6168	6168
6169	6169
616A	616A
616B	616B
616C	616C
616D	616D
616E	616E
616F	616F
6170	6170
6171	6171
6172	6172
6173	6173
6174	6174
6175	6175
6176	6176
6177	6177
6178	6178
6179	6179
617A	617A
617B	617B
617C	617C
617D	617D
617E	617E
617F	617F
6180	6180
6181	6181
6182	6182
6183	6183
6184	6184
6185	6185
6186	6186
6187	6187
6188	6188
6189	6189
618A	618A
618B	618B
618C	618C
618D	618D
618E	618E
618F	618F
6190	6190
6191	6191
6192	6192
6193	6193
6194	6194
6195	6195
6196	6196
6197	6197
6198	6198
6199	6199
619A	619A
619B	619B
619C	619C
619D	619D
619E	619E
619F	619F
61A0	61A0
61A1	61A1
61A2	61A2
61A3	61A3
61A4	61A4
61A5	61A5
61A6	61A6
61A7	61A7
61A8	61A8
61A9	61A9
61AA	61AA
61AB	61AB
61AC	61AC
61AD	61AD
61AE	61AE
61AF	61AF
61B0	61B0
61B1	61B1
61B2	61B2
61B3	61B3
61B4	61B4
61B5	61B5
61B6	61B6
61B7	61B7
61B8	61B8
61B9	61B9
61BA	61BA
61BB	61BB
61BC	61BC
61BD	61BD
61BE	61BE
61BF	61BF
61C0	61C0
61C1	61C1
61C2	61C2
61C3	61C3
61C4	61C4
61C5	61C5
61C6	61C6
61C7	61C7
61C8	61C8
61C9	61C9
61CA	61CA
61CB	61CB
61CC	61CC
61CD	61CD
61CE	61CE
61CF	61CF
61D0	61D0
61D1	61D1
61D2	61D2
61D3	61D3
61D4	61D4
61D5	61D5
61D6	61D6
61D7	61D7
61D8	61D8
61D9	61D9
61DA	61DA
61DB	61DB
61DC	61DC
61DD	61DD
61DE	61DE
61DF	61DF
61E0	61E0
61E1	61E1
61E2	61E2
61E3	61E3
61E4	61E4
61E5	61E5
61E6	61E6
61E7	61E7
61E8	61E8
61E9	61E9
61EA	61EA
61EB	61EB
61EC	61EC
61ED	61ED
61EE	61EE
61EF	61EF
61F0	61F0
61F1	61F1
61F2	61F2
61F3	61F3
61F4	61F4
61F5	61F5
61F6	61F6
61F7	61F7
61F8	61F8
61F9	61F9
61FA	61FA
61FB	61FB
61FC	61FC
61FD	61FD
61FE	61FE
61FF	61FF
6200	6200
6201	6201
6202	6202
6203	6203
6204	6204
6205	6205
6206	6206
6207	6207
6208	6208
6209	6209
620A	620A
620B	620B
620C	620C
620D	620D
620E	620E
620F	620F
6210	6210
6211	6211
6212	6212
6213	6213
6214	6214
6215	6215
6216	6216
6217	6217
6218	6218
6219	6219
621A	621A
621B	621B
621C	621C
621D	621D
621E	621E
621F	621F
6220	6220
6221	6221
6222	6222
6223	6223
6224	6224
6225	6225
6226	6226
6227	6227
6228	6228
6229	6229
622A	622A
622B	622B
622C	622C
622D	622D
622E	622E
622F	622F
6230	6230
6231	6231
6232	6232
6233	6233
6234	6234
6235	6235
6236	6236
6237	6237
6238	6238
6239	6239
623A	623A
623B	623B
623C	623C
623D	623D
623E	623E
623F	623F
6240	6240
6241	6241
6242	6242
6243	6243
6244	6244
6245	6245
6246	6246
6247	6247
6248	6248
6249	6249
624A	624A
624B	624B
624C	624C
624D	624D
624E	624E
624F	624F
6250	6250
6251	6251
6252	6252
6253	6253
6254	6254
6255	6255
6256	6256
6257	6257
6258	6258
6259	6259
625A	625A
625B	625B
625C	625C
625D	625D
625E	625E
625F	625F
6260	6260
6261	6261
6262	6262
6263	6263
6264	6264
6265	6265
6266	6266
6267	6267
6268	6268
6269	6269
626A	626A
626B	626B
626C	626C
626D	626D
626E	626E
626F	626F
6270	6270
6271	6271
6272	6272
6273	6273
6274	6274
6275	6275
6276	6276
6277	6277
6278	6278
6279	6279
627A	627A
627B	627B
627C	627C
627D	627D
627E	627E
627F	627F
6280	6280
6281	6281
6282	6282
6283	6283
6284	6284
6285	6285
6286	6286
6287	6287
6288	6288
6289	6289
628A	628A
628B	628B
628C	628C
628D	628D
628E	628E
628F	628F
6290	6290
6291	6291
6292	6292
6293	6293
6294	6294
6295	6295
6296	6296
6297	6297
6298	6298
6299	6299
629A	629A
629B	629B
629C	629C
629D	629D
629E	629E
629F	629F
62A0	62A0
62A1	62A1
62A2	62A2
62A3	62A3
62A4	62A4
62A5	62A5
62A6	62A6
62A7	62A7
62A8	62A8
62A9	62A9
62AA	62AA
62AB	62AB
62AC	62AC
62AD	62AD
62AE	62AE
62AF	62AF
62B0	62B0
62B1	62B1
62B2	62B2
62B3	62B3
62B4	62B4
62B5	62B5
62B6	62B6
62B7	62B7
62B8	62B8
62B9	62B9
62BA	62BA
62BB	62BB
62BC	62BC
62BD	62BD
62BE	62BE
62BF	62BF
62C0	62C0
62C1	62C1
62C2	62C2
62C3	62C3
62C4	62C4
62C5	62C5
62C6	62C6
62C7	62C7
62C8	62C8
62C9	62C9
62CA	62CA
62CB	62CB
62CC	62CC
62CD	62CD
62CE	62CE
62CF	62CF
62D0	62D0
62D1	62D1
62D2	62D2
62D3	62D3
62D4	62D4
62D5	62D5
62D6	62D6
62D7	62D7
62D8	62D8
62D9	62D9
62DA	62DA
62DB	62DB
62DC	62DC
62DD	62DD
62DE	62DE
62DF	62DF
62E0	62E0
62E1	62E1
62E2	62E2
62E3	62E3
62E4	62E4
62E5	62E5
62E6	62E6
62E7	62E7
62E8	62E8
62E9	62E9
62EA	62EA
62EB	62EB
62EC	62EC
62ED	62ED
62EE	62EE
62EF	62EF
62F0	62F0
62F1	62F1
62F2	62F2
62F3	62F3
62F4	62F4
62F5	62F5
62F6	62F6
62F7	62F7
62F8	62F8
62F9	62F9
62FA	62FA
62FB	62FB
62FC	62FC
62FD	62FD
62FE	62FE
62FF	62FF
6300	6300
6301	6301
6302	6302
6303	6303
6304	6304
6305	6305
6306	6306
6307	6307
6308	6308
6309	6309
630A	630A
630B	630B
630C	630C
630D	630D
630E	630E
630F	630F
6310	6310
6311	6311
6312	6312
6313	6313
6314	6314
6315	6315
6316	6316
6317	6317
6318	6318
6319	6319
631A	631A
631B	631B
631C	631C
631D	631D
631E	631E
631F	631F
6320	6320
6321	6321
6322	6322
6323	6323
6324	6324
6325	6325
6326	6326
6327	6327
6328	6328
6329	6329
632A	632A
632B	632B
632C	632C
632D	632D
632E	632E
632F	632F
6330	6330
6331	6331
6332	6332
6333	6333
6334	6334
6335	6335
6336	6336
6337	6337
6338	6338
6339	6339
633A	633A
633B	633B
633C	633C
633D	633D
633E	633E
633F	633F
6340	6340
6341	6341
6342	6342
6343	6343
6344	6344
6345	6345
6346	6346
6347	6347
6348	6348
6349	6349
634A	634A
634B	634B
634C	634C
634D	634D
634E	634E
634F	634F
6350	6350
6351	6351
6352	6352
6353	6353
6354	6354
6355	6355
6356	6356
6357	6357
6358	6358
6359	6359
635A	635A
635B	635B
635C	635C
635D	635D
635E	635E
635F	635F
6360	6360
6361	6361
6362	6362
6363	6363
6364	6364
6365	6365
6366	6366
6367	6367
6368	6368
6369	6369
636A	636A
636B	636B
636C	636C
636D	636D
636E	636E
636F	636F
6370	6370
6371	6371
6372	6372
6373	6373
6374	6374
6375	6375
6376	6376
6377	6377
6378	6378
6379	6379
637A	637A
637B	637B
637C	637C
637D	637D
637E	637E
637F	637F
6380	6380
6381	6381
6382	6382
6383	6383
6384	6384
6385	6385
6386	6386
6387	6387
6388	6388
6389	6389
638A	638A
638B	638B
638C	638C
638D	638D
638E	638E
638F	638F
6390	6390
6391	6391
6392	6392
6393	6393
6394	6394
6395	6395
6396	6396
6397	6397
6398	6398
6399	6399
639A	639A
639B	639B
639C	639C
639D	639D
639E	639E
639F	639F
63A0	63A0
63A1	63A1
63A2	63A2
63A3	63A3
63A4	63A4
63A5	63A5
63A6	63A6
63A7	63A7
63A8	63A8
63A9	63A9
63AA	63AA
63AB	63AB
63AC	63AC
63AD	63AD
63AE	63AE
63AF	63AF
63B0	63B0
63B1	63B1
63B2	63B2
63B3	63B3
63B4	63B4
63B5	63B5
63B6	63B6
63B7	63B7
63B8	63B8
63B9	63B9
63BA	63BA
63BB	63BB
63BC	63BC
63BD	63BD
63BE	63BE
63BF	63BF
63C0	63C0
63C1	63C1
63C2	63C2
63C3	63C3
63C4	63C4
63C5	63C5
63C6	63C6
63C7	63C7
63C8	63C8
63C9	63C9
63CA	63CA
63CB	63CB
63CC	63CC
63CD	63CD
63CE	63CE
63CF	63CF
63D0	63D0
63D1	63D1
63D2	63D2
63D3	63D3
63D4	63D4
63D5	63D5
63D6	63D6
63D7	63D7
63D8	63D8
63D9	63D9
63DA	63DA
63DB	63DB
63DC	63DC
63DD	63DD
63DE	63DE
63DF	63DF
63E0	63E0
63E1	63E1
63E2	63E2
63E3	63E3
63E4	63E4
63E5	63E5
63E6	63E6
63E7	63E7
63E8	63E8
63E9	63E9
63EA	63EA
63EB	63EB
63EC	63EC
63ED	63ED
63EE	63EE
63EF	63EF
63F0	63F0
63F1	63F1
63F2	63F2
63F3	63F3
63F4	63F4
63F5	63F5
63F6	63F6
63F7	63F7
63F8	63F8
63F9	63F9
63FA	63FA
63FB	63FB
63FC	63FC
63FD	63FD
63FE	63FE
63FF	63FF
6400	6400
6401	6401
6402	6402
6403	6403
6404	6404
6405	6405
6406	6406
6407	6407
6408	6408
6409	6409
640A	640A
640B	640B
640C	640C
640D	640D
640E	640E
640F	640F
6410	6410
6411	6411
6412	6412
6413	6413
6414	6414
6415	6415
6416	6416
6417	6417
6418	6418
6419	6419
641A	641A
641B	641B
641C	641C
641D	641D
641E	641E
641F	641F
6420	6420
6421	6421
6422	6422
6423	6423
6424	6424
6425	6425
6426	6426
6427	6427
6428	6428
6429	6429
642A	642A
642B	642B
642C	642C
642D	642D
642E	642E
642F	642F
6430	6430
6431	6431
6432	6432
6433	6433
6434	6434
6435	6435
6436	6436
6437	6437
6438	6438
6439	6439
643A	643A
643B	643B
643C	643C
643D	643D
643E	643E
643F	643F
6440	6440
6441	6441
6442	6442
6443	6443
6444	6444
6445	6445
6446	6446
6447	6447
6448	6448
6449	6449
644A	644A
644B	644B
644C	644C
644D	644D
644E	644E
644F	644F
6450	6450
6451	6451
6452	6452
6453	6453
6454	6454
6455	6455
6456	6456
6457	6457
6458	6458
6459	6459
645A	645A
645B	645B
645C	645C
645D	645D
645E	645E
645F	645F
6460	6460
6461	6461
6462	6462
6463	6463
6464	6464
6465	6465
6466	6466
6467	6467
6468	6468
6469	6469
646A	646A
646B	646B
646C	646C
646D	646D
646E	646E
646F	646F
6470	6470
6471	6471
6472	6472
6473	6473
6474	6474
6475	6475
6476	6476
6477	6477
6478	6478
6479	6479
647A	647A
647B	647B
647C	647C
647D	647D
647E	647E
647F	647F
6480	6480
6481	6481
6482	6482
6483	6483
6484	6484
6485	6485
6486	6486
6487	6487
6488	6488
6489	6489
648A	648A
648B	648B
648C	648C
648D	648D
648E	648E
648F	648F
6490	6490
6491	6491
6492	6492
6493	6493
6494	6494
6495	6495
6496	6496
6497	6497
6498	6498
6499	6499
649A	649A
649B	649B
649C	649C
649D	649D
649E	649E
649F	649F
64A0	64A0
64A1	64A1
64A2	64A2
64A3	64A3
64A4	64A4
64A5	64A5
64A6	64A6
64A7	64A7
64A8	64A8
64A9	64A9
64AA	64AA
64AB	64AB
64AC	64AC
64AD	64AD
64AE	64AE
64AF	64AF
64B0	64B0
64B1	64B1
64B2	64B2
64B3	64B3
64B4	64B4
64B5	64B5
64B6	64B6
64B7	64B7
64B8	64B8
64B9	64B9
64BA	64BA
64BB	64BB
64BC	64BC
64BD	64BD
64BE	64BE
64BF	64BF
64C0	64C0
64C1	64C1
64C2	64C2
64C3	64C3
64C4	64C4
64C5	64C5
64C6	64C6
64C7	64C7
64C8	64C8
64C9	64C9
64CA	64CA
64CB	64CB
64CC	64CC
64CD	64CD
64CE	64CE
64CF	64CF
64D0	64D0
64D1	64D1
64D2	64D2
64D3	64D3
64D4	64D4
64D5	64D5
64D6	64D6
64D7	64D7
64D8	64D8
64D9	64D9
64DA	64DA
64DB	64DB
64DC	64DC
64DD	64DD
64DE	64DE
64DF	64DF
64E0	64E0
64E1	64E1
64E2	64E2
64E3	64E3
64E4	64E4
64E5	64E5
64E6	64E6
64E7	64E7
64E8	64E8
64E9	64E9
64EA	64EA
64EB	64EB
64EC	64EC
64ED	64ED
64EE	64EE
64EF	64EF
64F0	64F0
64F1	64F1
64F2	64F2
64F3	64F3
64F4	64F4
64F5	64F5
64F6	64F6
64F7	64F7
64F8	64F8
64F9	64F9
64FA	64FA
64FB	64FB
64FC	64FC
64FD	64FD
64FE	64FE
64FF	64FF
6500	6500
6501	6501
6502	6502
6503	6503
6504	6504
6505	6505
6506	6506
6507	6507
6508	6508
6509	6509
650A	650A
650B	650B
650C	650C
650D	650D
650E	650E
650F	650F
6510	6510
6511	6511
6512	6512
6513	6513
6514	6514
6515	6515
6516	6516
6517	6517
6518	6518
6519	6519
651A	651A
651B	651B
651C	651C
651D	651D
651E	651E
651F	651F
6520	6520
6521	6521
6522	6522
6523	6523
6524	6524
6525	6525
6526	6526
6527	6527
6528	6528
6529	6529
652A	652A
652B	652B
652C	652C
652D	652D
652E	652E
652F	652F
6530	6530
6531	6531
6532	6532
6533	6533
6534	6534
6535	6535
6536	6536
6537	6537
6538	6538
6539	6539
653A	653A
653B	653B
653C	653C
653D	653D
653E	653E
653F	653F
6540	6540
6541	6541
6542	6542
6543	6543
6544	6544
6545	6545
6546	6546
6547	6547
6548	6548
6549	6549
654A	654A
654B	654B
654C	654C
654D	654D
654E	654E
654F	654F
6550	6550
6551	6551
6552	6552
6553	6553
6554	6554
6555	6555
6556	6556
6557	6557
6558	6558
6559	6559
655A	655A
655B	655B
655C	655C
655D	655D
655E	655E
655F	655F
6560	6560
6561	6561
6562	6562
6563	6563
6564	6564
6565	6565
6566	6566
6567	6567
6568	6568
6569	6569
656A	656A
656B	656B
656C	656C
656D	656D
656E	656E
656F	656F
6570	6570
6571	6571
6572	6572
6573	6573
6574	6574
6575	6575
6576	6576
6577	6577
6578	6578
6579	6579
657A	657A
657B	657B
657C	657C
657D	657D
657E	657E
657F	657F
6580	6580
6581	6581
6582	6582
6583	6583
6584	6584
6585	6585
6586	6586
6587	6587
6588	6588
6589	6589
658A	658A
658B	658B
658C	658C
658D	658D
658E	658E
658F	658F
6590	6590
6591	6591
6592	6592
6593	6593
6594	6594
6595	6595
6596	6596
6597	6597
6598	6598
6599	6599
659A	659A
659B	659B
659C	659C
659D	659D
659E	659E
659F	659F
65A0	65A0
65A1	65A1
65A2	65A2
65A3	65A3
65A4	65A4
65A5	65A5
65A6	65A6
65A7	65A7
65A8	65A8
65A9	65A9
65AA	65AA
65AB	65AB
65AC	65AC
65AD	65AD
65AE	65AE
65AF	65AF
65B0	65B0
65B1	65B1
65B2	65B2
65B3	65B3
65B4	65B4
65B5	65B5
65B6	65B6
65B7	65B7
65B8	65B8
65B9	65B9
65BA	65BA
65BB	65BB
65BC	65BC
65BD	65BD
65BE	65BE
65BF	65BF
65C0	65C0
65C1	65C1
65C2	65C2
65C3	65C3
65C4	65C4
65C5	65C5
65C6	65C6
65C7	65C7
65C8	65C8
65C9	65C9
65CA	65CA
65CB	65CB
65CC	65CC
65CD	65CD
65CE	65CE
65CF	65CF
65D0	65D0
65D1	65D1
65D2	65D2
65D3	65D3
65D4	65D4
65D5	65D5
65D6	65D6
65D7	65D7
65D8	65D8
65D9	65D9
65DA	65DA
65DB	65DB
65DC	65DC
65DD	65DD
65DE	65DE
65DF	65DF
65E0	65E0
65E1	65E1
65E2	65E2
65E3	65E3
65E4	65E4
65E5	65E5
65E6	65E6
65E7	65E7
65E8	65E8
65E9	65E9
65EA	65EA
65EB	65EB
65EC	65EC
65ED	65ED
65EE	65EE
65EF	65EF
65F0	65F0
65F1	65F1
65F2	65F2
65F3	65F3
65F4	65F4
65F5	65F5
65F6	65F6
65F7	65F7
65F8	65F8
65F9	65F9
65FA	65FA
65FB	65FB
65FC	65FC
65FD	65FD
65FE	65FE
65FF	65FF
6600	6600
6601	6601
6602	6602
6603	6603
6604	6604
6605	6605
6606	6606
6607	6607
6608	6608
6609	6609
660A	660A
660B	660B
660C	660C
660D	660D
660E	660E
660F	660F
6610	6610
6611	6611
6612	6612
6613	6613
6614	6614
6615	6615
6616	6616
6617	6617
6618	6618
6619	6619
661A	661A
661B	661B
661C	661C
661D	661D
661E	661E
661F	661F
6620	6620
6621	6621
6622	6622
6623	6623
6624	6624
6625	6625
6626	6626
6627	6627
6628	6628
6629	6629
662A	662A
662B	662B
662C	662C
662D	662D
662E	662E
662F	662F
6630	6630
6631	6631
6632	6632
6633	6633
6634	6634
6635	6635
6636	6636
6637	6637
6638	6638
6639	6639
663A	663A
663B	663B
663C	663C
663D	663D
663E	663E
663F	663F
6640	6640
6641	6641
6642	6642
6643	6643
6644	6644
6645	6645
6646	6646
6647	6647
6648	6648
6649	6649
664A	664A
664B	664B
664C	664C
664D	664D
664E	664E
664F	664F
6650	6650
6651	6651
6652	6652
6653	6653
6654	6654
6655	6655
6656	6656
6657	6657
6658	6658
6659	6659
665A	665A
665B	665B
665C	665C
665D	665D
665E	665E
665F	665F
6660	6660
6661	6661
6662	6662
6663	6663
6664	6664
6665	6665
6666	6666
6667	6667
6668	6668
6669	6669
666A	666A
666B	666B
666C	666C
666D	666D
666E	666E
666F	666F
6670	6670
6671	6671
6672	6672
6673	6673
6674	6674
6675	6675
6676	6676
6677	6677
6678	6678
6679	6679
667A	667A
667B	667B
667C	667C
667D	667D
667E	667E
667F	667F
6680	6680
6681	6681
6682	6682
6683	6683
6684	6684
6685	6685
6686	6686
6687	6687
6688	6688
6689	6689
668A	668A
668B	668B
668C	668C
668D	668D
668E	668E
668F	668F
6690	6690
6691	6691
6692	6692
6693	6693
6694	6694
6695	6695
6696	6696
6697	6697
6698	6698
6699	6699
669A	669A
669B	669B
669C	669C
669D	669D
669E	669E
669F	669F
66A0	66A0
66A1	66A1
66A2	66A2
66A3	66A3
66A4	66A4
66A5	66A5
66A6	66A6
66A7	66A7
66A8	66A8
66A9	66A9
66AA	66AA
66AB	66AB
66AC	66AC
66AD	66AD
66AE	66AE
66AF	66AF
66B0	66B0
66B1	66B1
66B2	66B2
66B3	66B3
66B4	66B4
66B5	66B5
66B6	66B6
66B7	66B7
66B8	66B8
66B9	66B9
66BA	66BA
66BB	66BB
66BC	66BC
66BD	66BD
66BE	66BE
66BF	66BF
66C0	66C0
66C1	66C1
66C2	66C2
66C3	66C3
66C4	66C4
66C5	66C5
66C6	66C6
66C7	66C7
66C8	66C8
66C9	66C9
66CA	66CA
66CB	66CB
66CC	66CC
66CD	66CD
66CE	66CE
66CF	66CF
66D0	66D0
66D1	66D1
66D2	66D2
66D3	66D3
66D4	66D4
66D5	66D5
66D6	66D6
66D7	66D7
66D8	66D8
66D9	66D9
66DA	66DA
66DB	66DB
66DC	66DC
66DD	66DD
66DE	66DE
66DF	66DF
66E0	66E0
66E1	66E1
66E2	66E2
66E3	66E3
66E4	66E4
66E5	66E5
66E6	66E6
66E7	66E7
66E8	66E8
66E9	66E9
66EA	66EA
66EB	66EB
66EC	66EC
66ED	66ED
66EE	66EE
66EF	66EF
66F0	66F0
66F1	66F1
66F2	66F2
66F3	66F3
66F4	66F4
66F5	66F5
66F6	66F6
66F7	66F7
66F8	66F8
66F9	66F9
66FA	66FA
66FB	66FB
66FC	66FC
66FD	66FD
66FE	66FE
66FF	66FF
6700	6700
6701	6701
6702	6702
6703	6703
6704	6704
6705	6705
6706	6706
6707	6707
6708	6708
6709	6709
670A	670A
670B	670B
670C	670C
670D	670D
670E	670E
670F	670F
6710	6710
6711	6711
6712	6712
6713	6713
6714	6714
6715	6715
6716	6716
6717	6717
6718	6718
6719	6719
671A	671A
671B	671B
671C	671C
671D	671D
671E	671E
671F	671F
6720	6720
6721	6721
6722	6722
6723	6723
6724	6724
6725	6725
6726	6726
6727	6727
6728	6728
6729	6729
672A	672A
672B	672B
672C	672C
672D	672D
672E	672E
672F	672F
6730	6730
6731	6731
6732	6732
6733	6733
6734	6734
6735	6735
6736	6736
6737	6737
6738	6738
6739	6739
673A	673A
673B	673B
673C	673C
673D	673D
673E	673E
673F	673F
6740	6740
6741	6741
6742	6742
6743	6743
6744	6744
6745	6745
6746	6746
6747	6747
6748	6748
6749	6749
674A	674A
674B	674B
674C	674C
674D	674D
674E	674E
674F	674F
6750	6750
6751	6751
6752	6752
6753	6753
6754	6754
6755	6755
6756	6756
6757	6757
6758	6758
6759	6759
675A	675A
675B	675B
675C	675C
675D	675D
675E	675E
675F	675F
6760	6760
6761	6761
6762	6762
6763	6763
6764	6764
6765	6765
6766	6766
6767	6767
6768	6768
6769	6769
676A	676A
676B	676B
676C	676C
676D	676D
676E	676E
676F	676F
6770	6770
6771	6771
6772	6772
6773	6773
6774	6774
6775	6775
6776	6776
6777	6777
6778	6778
6779	6779
677A	677A
677B	677B
677C	677C
677D	677D
677E	677E
677F	677F
6780	6780
6781	6781
6782	6782
6783	6783
6784	6784
6785	6785
6786	6786
6787	6787
6788	6788
6789	6789
678A	678A
678B	678B
678C	678C
678D	678D
678E	678E
678F	678F
6790	6790
6791	6791
6792	6792
6793	6793
6794	6794
6795	6795
6796	6796
6797	6797
6798	6798
6799	6799
679A	679A
679B	679B
679C	679C
679D	679D
679E	679E
679F	679F
67A0	67A0
67A1	67A1
67A2	67A2
67A3	67A3
67A4	67A4
67A5	67A5
67A6	67A6
67A7	67A7
67A8	67A8
67A9	67A9
67AA	67AA
67AB	67AB
67AC	67AC
67AD	67AD
67AE	67AE
67AF	67AF
67B0	67B0
67B1	67B1
67B2	67B2
67B3	67B3
67B4	67B4
67B5	67B5
67B6	67B6
67B7	67B7
67B8	67B8
67B9	67B9
67BA	67BA
67BB	67BB
67BC	67BC
67BD	67BD
67BE	67BE
67BF	67BF
67C0	67C0
67C1	67C1
67C2	67C2
67C3	67C3
67C4	67C4
67C5	67C5
67C6	67C6
67C7	67C7
67C8	67C8
67C9	67C9
67CA	67CA
67CB	67CB
67CC	67CC
67CD	67CD
67CE	67CE
67CF	67CF
67D0	67D0
67D1	67D1
67D2	67D2
67D3	67D3
67D4	67D4
67D5	67D5
67D6	67D6
67D7	67D7
67D8	67D8
67D9	67D9
67DA	67DA
67DB	67DB
67DC	67DC
67DD	67DD
67DE	67DE
67DF	67DF
67E0	67E0
67E1	67E1
67E2	67E2
67E3	67E3
67E4	67E4
67E5	67E5
67E6	67E6
67E7	67E7
67E8	67E8
67E9	67E9
67EA	67EA
67EB	67EB
67EC	67EC
67ED	67ED
67EE	67EE
67EF	67EF
67F0	67F0
67F1	67F1
67F2	67F2
67F3	67F3
67F4	67F4
67F5	67F5
67F6	67F6
67F7	67F7
67F8	67F8
67F9	67F9
67FA	67FA
67FB	67FB
67FC	67FC
67FD	67FD
67FE	67FE
67FF	67FF
6800	6800
6801	6801
6802	6802
6803	6803
6804	6804
6805	6805
6806	6806
6807	6807
6808	6808
6809	6809
680A	680A
680B	680B
680C	680C
680D	680D
680E	680E
680F	680F
6810	6810
6811	6811
6812	6812
6813	6813
6814	6814
6815	6815
6816	6816
6817	6817
6818	6818
6819	6819
681A	681A
681B	681B
681C	681C
681D	681D
681E	681E
681F	681F
6820	6820
6821	6821
6822	6822
6823	6823
6824	6824
6825	6825
6826	6826
6827	6827
6828	6828
6829	6829
682A	682A
682B	682B
682C	682C
682D	682D
682E	682E
682F	682F
6830	6830
6831	6831
6832	6832
6833	6833
6834	6834
6835	6835
6836	6836
6837	6837
6838	6838
6839	6839
683A	683A
683B	683B
683C	683C
683D	683D
683E	683E
683F	683F
6840	6840
6841	6841
6842	6842
6843	6843
6844	6844
6845	6845
6846	6846
6847	6847
6848	6848
6849	6849
684A	684A
684B	684B
684C	684C
684D	684D
684E	684E
684F	684F
6850	6850
6851	6851
6852	6852
6853	6853
6854	6854
6855	6855
6856	6856
6857	6857
6858	6858
6859	6859
685A	685A
685B	685B
685C	685C
685D	685D
685E	685E
685F	685F
6860	6860
6861	6861
6862	6862
6863	6863
6864	6864
6865	6865
6866	6866
6867	6867
6868	6868
6869	6869
686A	686A
686B	686B
686C	686C
686D	686D
686E	686E
686F	686F
6870	6870
6871	6871
6872	6872
6873	6873
6874	6874
6875	6875
6876	6876
6877	6877
6878	6878
6879	6879
687A	687A
687B	687B
687C	687C
687D	687D
687E	687E
687F	687F
6880	6880
6881	6881
6882	6882
6883	6883
6884	6884
6885	6885
6886	6886
6887	6887
6888	6888
6889	6889
688A	688A
688B	688B
688C	688C
688D	688D
688E	688E
688F	688F
6890	6890
6891	6891
6892	6892
6893	6893
6894	6894
6895	6895
6896	6896
6897	6897
6898	6898
6899	6899
689A	689A
689B	689B
689C	689C
689D	689D
689E	689E
689F	689F
68A0	68A0
68A1	68A1
68A2	68A2
68A3	68A3
68A4	68A4
68A5	68A5
68A6	68A6
68A7	68A7
68A8	68A8
68A9	68A9
68AA	68AA
68AB	68AB
68AC	68AC
68AD	68AD
68AE	68AE
68AF	68AF
68B0	68B0
68B1	68B1
68B2	68B2
68B3	68B3
68B4	68B4
68B5	68B5
68B6	68B6
68B7	68B7
68B8	68B8
68B9	68B9
68BA	68BA
68BB	68BB
68BC	68BC
68BD	68BD
68BE	68BE
68BF	68BF
68C0	68C0
68C1	68C1
68C2	68C2
68C3	68C3
68C4	68C4
68C5	68C5
68C6	68C6
68C7	68C7
68C8	68C8
68C9	68C9
68CA	68CA
68CB	68CB
68CC	68CC
68CD	68CD
68CE	68CE
68CF	68CF
68D0	68D0
68D1	68D1
68D2	68D2
68D3	68D3
68D4	68D4
68D5	68D5
68D6	68D6
68D7	68D7
68D8	68D8
68D9	68D9
68DA	68DA
68DB	68DB
68DC	68DC
68DD	68DD
68DE	68DE
68DF	68DF
68E0	68E0
68E1	68E1
68E2	68E2
68E3	68E3
68E4	68E4
68E5	68E5
68E6	68E6
68E7	68E7
68E8	68E8
68E9	68E9
68EA	68EA
68EB	68EB
68EC	68EC
68ED	68ED
68EE	68EE
68EF	68EF
68F0	68F0
68F1	68F1
68F2	68F2
68F3	68F3
68F4	68F4
68F5	68F5
68F6	68F6
68F7	68F7
68F8	68F8
68F9	68F9
68FA	68FA
68FB	68FB
68FC	68FC
68FD	68FD
68FE	68FE
68FF	68FF
6900	6900
6901	6901
6902	6902
6903	6903
6904	6904
6905	6905
6906	6906
6907	6907
6908	6908
6909	6909
690A	690A
690B	690B
690C	690C
690D	690D
690E	690E
690F	690F
6910	6910
6911	6911
6912	6912
6913	6913
6914	6914
6915	6915
6916	6916
6917	6917
6918	6918
6919	6919
691A	691A
691B	691B
691C	691C
691D	691D
691E	691E
691F	691F
6920	6920
6921	6921
6922	6922
6923	6923
6924	6924
6925	6925
6926	6926
6927	6927
6928	6928
6929	6929
692A	692A
692B	692B
692C	692C
692D	692D
692E	692E
692F	692F
6930	6930
6931	6931
6932	6932
6933	6933
6934	6934
6935	6935
6936	6936
6937	6937
6938	6938
6939	6939
693A	693A
693B	693B
693C	693C
693D	693D
693E	693E
693F	693F
6940	6940
6941	6941
6942	6942
6943	6943
6944	6944
6945	6945
6946	6946
6947	6947
6948	6948
6949	6949
694A	694A
694B	694B
694C	694C
694D	694D
694E	694E
694F	694F
6950	6950
6951	6951
6952	6952
6953	6953
6954	6954
6955	6955
6956	6956
6957	6957
6958	6958
6959	6959
695A	695A
695B	695B
695C	695C
695D	695D
695E	695E
695F	695F
6960	6960
6961	6961
6962	6962
6963	6963
6964	6964
6965	6965
6966	6966
6967	6967
6968	6968
6969	6969
696A	696A
696B	696B
696C	696C
696D	696D
696E	696E
696F	696F
6970	6970
6971	6971
6972	6972
6973	6973
6974	6974
6975	6975
6976	6976
6977	6977
6978	6978
6979	6979
697A	697A
697B	697B
697C	697C
697D	697D
697E	697E
697F	697F
6980	6980
6981	6981
6982	6982
6983	6983
6984	6984
6985	6985
6986	6986
6987	6987
6988	6988
6989	6989
698A	698A
698B	698B
698C	698C
698D	698D
698E	698E
698F	698F
6990	6990
6991	6991
6992	6992
6993	6993
6994	6994
6995	6995
6996	6996
6997	6997
6998	6998
6999	6999
699A	699A
699B	699B
699C	699C
699D	699D
699E	699E
699F	699F
69A0	69A0
69A1	69A1
69A2	69A2
69A3	69A3
69A4	69A4
69A5	69A5
69A6	69A6
69A7	69A7
69A8	69A8
69A9	69A9
69AA	69AA
69AB	69AB
69AC	69AC
69AD	69AD
69AE	69AE
69AF	69AF
69B0	69B0
69B1	69B1
69B2	69B2
69B3	69B3
69B4	69B4
69B5	69B5
69B6	69B6
69B7	69B7
69B8	69B8
69B9	69B9
69BA	69BA
69BB	69BB
69BC	69BC
69BD	69BD
69BE	69BE
69BF	69BF
69C0	69C0
69C1	69C1
69C2	69C2
69C3	69C3
69C4	69C4
69C5	69C5
69C6	69C6
69C7	69C7
69C8	69C8
69C9	69C9
69CA	69CA
69CB	69CB
69CC	69CC
69CD	69CD
69CE	69CE
69CF	69CF
69D0	69D0
69D1	69D1
69D2	69D2
69D3	69D3
69D4	69D4
69D5	69D5
69D6	69D6
69D7	69D7
69D8	69D8
69D9	69D9
69DA	69DA
69DB	69DB
69DC	69DC
69DD	69DD
69DE	69DE
69DF	69DF
69E0	69E0
69E1	69E1
69E2	69E2
69E3	69E3
69E4	69E4
69E5	69E5
69E6	69E6
69E7	69E7
69E8	69E8
69E9	69E9
69EA	69EA
69EB	69EB
69EC	69EC
69ED	69ED
69EE	69EE
69EF	69EF
69F0	69F0
69F1	69F1
69F2	69F2
69F3	69F3
69F4	69F4
69F5	69F5
69F6	69F6
69F7	69F7
69F8	69F8
69F9	69F9
69FA	69FA
69FB	69FB
69FC	69FC
69FD	69FD
69FE	69FE
69FF	69FF
6A00	6A00
6A01	6A01
6A02	6A02
6A03	6A03
6A04	6A04
6A05	6A05
6A06	6A06
6A07	6A07
6A08	6A08
6A09	6A09
6A0A	6A0A
6A0B	6A0B
6A0C	6A0C
6A0D	6A0D
6A0E	6A0E
6A0F	6A0F
6A10	6A10
6A11	6A11
6A12	6A12
6A13	6A13
6A14	6A14
6A15	6A15
6A16	6A16
6A17	6A17
6A18	6A18
6A19	6A19
6A1A	6A1A
6A1B	6A1B
6A1C	6A1C
6A1D	6A1D
6A1E	6A1E
6A1F	6A1F
6A20	6A20
6A21	6A21
6A22	6A22
6A23	6A23
6A24	6A24
6A25	6A25
6A26	6A26
6A27	6A27
6A28	6A28
6A29	6A29
6A2A	6A2A
6A2B	6A2B
6A2C	6A2C
6A2D	6A2D
6A2E	6A2E
6A2F	6A2F
6A30	6A30
6A31	6A31
6A32	6A32
6A33	6A33
6A34	6A34
6A35	6A35
6A36	6A36
6A37	6A37
6A38	6A38
6A39	6A39
6A3A	6A3A
6A3B	6A3B
6A3C	6A3C
6A3D	6A3D
6A3E	6A3E
6A3F	6A3F
6A40	6A40
6A41	6A41
6A42	6A42
6A43	6A43
6A44	6A44
6A45	6A45
6A46	6A46
6A47	6A47
6A48	6A48
6A49	6A49
6A4A	6A4A
6A4B	6A4B
6A4C	6A4C
6A4D	6A4D
6A4E	6A4E
6A4F	6A4F
6A50	6A50
6A51	6A51
6A52	6A52
6A53	6A53
6A54	6A54
6A55	6A55
6A56	6A56
6A57	6A57
6A58	6A58
6A59	6A59
6A5A	6A5A
6A5B	6A5B
6A5C	6A5C
6A5D	6A5D
6A5E	6A5E
6A5F	6A5F
6A60	6A60
6A61	6A61
6A62	6A62
6A63	6A63
6A64	6A64
6A65	6A65
6A66	6A66
6A67	6A67
6A68	6A68
6A69	6A69
6A6A	6A6A
6A6B	6A6B
6A6C	6A6C
6A6D	6A6D
6A6E	6A6E
6A6F	6A6F
6A70	6A70
6A71	6A71
6A72	6A72
6A73	6A73
6A74	6A74
6A75	6A75
6A76	6A76
6A77	6A77
6A78	6A78
6A79	6A79
6A7A	6A7A
6A7B	6A7B
6A7C	6A7C
6A7D	6A7D
6A7E	6A7E
6A7F	6A7F
6A80	6A80
6A81	6A81
6A82	6A82
6A83	6A83
6A84	6A84
6A85	6A85
6A86	6A86
6A87	6A87
6A88	6A88
6A89	6A89
6A8A	6A8A
6A8B	6A8B
6A8C	6A8C
6A8D	6A8D
6A8E	6A8E
6A8F	6A8F
6A90	6A90
6A91	6A91
6A92	6A92
6A93	6A93
6A94	6A94
6A95	6A95
6A96	6A96
6A97	6A97
6A98	6A98
6A99	6A99
6A9A	6A9A
6A9B	6A9B
6A9C	6A9C
6A9D	6A9D
6A9E	6A9E
6A9F	6A9F
6AA0	6AA0
6AA1	6AA1
6AA2	6AA2
6AA3	6AA3
6AA4	6AA4
6AA5	6AA5
6AA6	6AA6
6AA7	6AA7
6AA8	6AA8
6AA9	6AA9
6AAA	6AAA
6AAB	6AAB
6AAC	6AAC
6AAD	6AAD
6AAE	6AAE
6AAF	6AAF
6AB0	6AB0
6AB1	6AB1
6AB2	6AB2
6AB3	6AB3
6AB4	6AB4
6AB5	6AB5
6AB6	6AB6
6AB7	6AB7
6AB8	6AB8
6AB9	6AB9
6ABA	6ABA
6ABB	6ABB
6ABC	6ABC
6ABD	6ABD
6ABE	6ABE
6ABF	6ABF
6AC0	6AC0
6AC1	6AC1
6AC2	6AC2
6AC3	6AC3
6AC4	6AC4
6AC5	6AC5
6AC6	6AC6
6AC7	6AC7
6AC8	6AC8
6AC9	6AC9
6ACA	6ACA
6ACB	6ACB
6ACC	6ACC
6ACD	6ACD
6ACE	6ACE
6ACF	6ACF
6AD0	6AD0
6AD1	6AD1
6AD2	6AD2
6AD3	6AD3
6AD4	6AD4
6AD5	6AD5
6AD6	6AD6
6AD7	6AD7
6AD8	6AD8
6AD9	6AD9
6ADA	6ADA
6ADB	6ADB
6ADC	6ADC
6ADD	6ADD
6ADE	6ADE
6ADF	6ADF
6AE0	6AE0
6AE1	6AE1
6AE2	6AE2
6AE3	6AE3
6AE4	6AE4
6AE5	6AE5
6AE6	6AE6
6AE7	6AE7
6AE8	6AE8
6AE9	6AE9
6AEA	6AEA
6AEB	6AEB
6AEC	6AEC
6AED	6AED
6AEE	6AEE
6AEF	6AEF
6AF0	6AF0
6AF1	6AF1
6AF2	6AF2
6AF3	6AF3
6AF4	6AF4
6AF5	6AF5
6AF6	6AF6
6AF7	6AF7
6AF8	6AF8
6AF9	6AF9
6AFA	6AFA
6AFB	6AFB
6AFC	6AFC
6AFD	6AFD
6AFE	6AFE
6AFF	6AFF
6B00	6B00
6B01	6B01
6B02	6B02
6B03	6B03
6B04	6B04
6B05	6B05
6B06	6B06
6B07	6B07
6B08	6B08
6B09	6B09
6B0A	6B0A
6B0B	6B0B
6B0C	6B0C
6B0D	6B0D
6B0E	6B0E
6B0F	6B0F
6B10	6B10
6B11	6B11
6B12	6B12
6B13	6B13
6B14	6B14
6B15	6B15
6B16	6B16
6B17	6B17
6B18	6B18
6B19	6B19
6B1A	6B1A
6B1B	6B1B
6B1C	6B1C
6B1D	6B1D
6B1E	6B1E
6B1F	6B1F
6B20	6B20
6B21	6B21
6B22	6B22
6B23	6B23
6B24	6B24
6B25	6B25
6B26	6B26
6B27	6B27
6B28	6B28
6B29	6B29
6B2A	6B2A
6B2B	6B2B
6B2C	6B2C
6B2D	6B2D
6B2E	6B2E
6B2F	6B2F
6B30	6B30
6B31	6B31
6B32	6B32
6B33	6B33
6B34	6B34
6B35	6B35
6B36	6B36
6B37	6B37
6B38	6B38
6B39	6B39
6B3A	6B3A
6B3B	6B3B
6B3C	6B3C
6B3D	6B3D
6B3E	6B3E
6B3F	6B3F
6B40	6B40
6B41	6B41
6B42	6B42
6B43	6B43
6B44	6B44
6B45	6B45
6B46	6B46
6B47	6B47
6B48	6B48
6B49	6B49
6B4A	6B4A
6B4B	6B4B
6B4C	6B4C
6B4D	6B4D
6B4E	6B4E
6B4F	6B4F
6B50	6B50
6B51	6B51
6B52	6B52
6B53	6B53
6B54	6B54
6B55	6B55
6B56	6B56
6B57	6B57
6B58	6B58
6B59	6B59
6B5A	6B5A
6B5B	6B5B
6B5C	6B5C
6B5D	6B5D
6B5E	6B5E
6B5F	6B5F
6B60	6B60
6B61	6B61
6B62	6B62
6B63	6B63
6B64	6B64
6B65	6B65
6B66	6B66
6B67	6B67
6B68	6B68
6B69	6B69
6B6A	6B6A
6B6B	6B6B
6B6C	6B6C
6B6D	6B6D
6B6E	6B6E
6B6F	6B6F
6B70	6B70
6B71	6B71
6B72	6B72
6B73	6B73
6B74	6B74
6B75	6B75
6B76	6B76
6B77	6B77
6B78	6B78
6B79	6B79
6B7A	6B7A
6B7B	6B7B
6B7C	6B7C
6B7D	6B7D
6B7E	6B7E
6B7F	6B7F
6B80	6B80
6B81	6B81
6B82	6B82
6B83	6B83
6B84	6B84
6B85	6B85
6B86	6B86
6B87	6B87
6B88	6B88
6B89	6B89
6B8A	6B8A
6B8B	6B8B
6B8C	6B8C
6B8D	6B8D
6B8E	6B8E
6B8F	6B8F
6B90	6B90
6B91	6B91
6B92	6B92
6B93	6B93
6B94	6B94
6B95	6B95
6B96	6B96
6B97	6B97
6B98	6B98
6B99	6B99
6B9A	6B9A
6B9B	6B9B
6B9C	6B9C
6B9D	6B9D
6B9E	6B9E
6B9F	6B9F
6BA0	6BA0
6BA1	6BA1
6BA2	6BA2
6BA3	6BA3
6BA4	6BA4
6BA5	6BA5
6BA6	6BA6
6BA7	6BA7
6BA8	6BA8
6BA9	6BA9
6BAA	6BAA
6BAB	6BAB
6BAC	6BAC
6BAD	6BAD
6BAE	6BAE
6BAF	6BAF
6BB0	6BB0
6BB1	6BB1
6BB2	6BB2
6BB3	6BB3
6BB4	6BB4
6BB5	6BB5
6BB6	6BB6
6BB7	6BB7
6BB8	6BB8
6BB9	6BB9
6BBA	6BBA
6BBB	6BBB
6BBC	6BBC
6BBD	6BBD
6BBE	6BBE
6BBF	6BBF
6BC0	6BC0
6BC1	6BC1
6BC2	6BC2
6BC3	6BC3
6BC4	6BC4
6BC5	6BC5
6BC6	6BC6
6BC7	6BC7
6BC8	6BC8
6BC9	6BC9
6BCA	6BCA
6BCB	6BCB
6BCC	6BCC
6BCD	6BCD
6BCE	6BCE
6BCF	6BCF
6BD0	6BD0
6BD1	6BD1
6BD2	6BD2
6BD3	6BD3
6BD4	6BD4
6BD5	6BD5
6BD6	6BD6
6BD7	6BD7
6BD8	6BD8
6BD9	6BD9
6BDA	6BDA
6BDB	6BDB
6BDC	6BDC
6BDD	6BDD
6BDE	6BDE
6BDF	6BDF
6BE0	6BE0
6BE1	6BE1
6BE2	6BE2
6BE3	6BE3
6BE4	6BE4
6BE5	6BE5
6BE6	6BE6
6BE7	6BE7
6BE8	6BE8
6BE9	6BE9
6BEA	6BEA
6BEB	6BEB
6BEC	6BEC
6BED	6BED
6BEE	6BEE
6BEF	6BEF
6BF0	6BF0
6BF1	6BF1
6BF2	6BF2
6BF3	6BF3
6BF4	6BF4
6BF5	6BF5
6BF6	6BF6
6BF7	6BF7
6BF8	6BF8
6BF9	6BF9
6BFA	6BFA
6BFB	6BFB
6BFC	6BFC
6BFD	6BFD
6BFE	6BFE
6BFF	6BFF
6C00	6C00
6C01	6C01
6C02	6C02
6C03	6C03
6C04	6C04
6C05	6C05
6C06	6C06
6C07	6C07
6C08	6C08
6C09	6C09
6C0A	6C0A
6C0B	6C0B
6C0C	6C0C
6C0D	6C0D
6C0E	6C0E
6C0F	6C0F
6C10	6C10
6C11	6C11
6C12	6C12
6C13	6C13
6C14	6C14
6C15	6C15
6C16	6C16
6C17	6C17
6C18	6C18
6C19	6C19
6C1A	6C1A
6C1B	6C1B
6C1C	6C1C
6C1D	6C1D
6C1E	6C1E
6C1F	6C1F
6C20	6C20
6C21	6C21
6C22	6C22
6C23	6C23
6C24	6C24
6C25	6C25
6C26	6C26
6C27	6C27
6C28	6C28
6C29	6C29
6C2A	6C2A
6C2B	6C2B
6C2C	6C2C
6C2D	6C2D
6C2E	6C2E
6C2F	6C2F
6C30	6C30
6C31	6C31
6C32	6C32
6C33	6C33
6C34	6C34
6C35	6C35
6C36	6C36
6C37	6C37
6C38	6C38
6C39	6C39
6C3A	6C3A
6C3B	6C3B
6C3C	6C3C
6C3D	6C3D
6C3E	6C3E
6C3F	6C3F
6C40	6C40
6C41	6C41
6C42	6C42
6C43	6C43
6C44	6C44
6C45	6C45
6C46	6C46
6C47	6C47
6C48	6C48
6C49	6C49
6C4A	6C4A
6C4B	6C4B
6C4C	6C4C
6C4D	6C4D
6C4E	6C4E
6C4F	6C4F
6C50	6C50
6C51	6C51
6C52	6C52
6C53	6C53
6C54	6C54
6C55	6C55
6C56	6C56
6C57	6C57
6C58	6C58
6C59	6C59
6C5A	6C5A
6C5B	6C5B
6C5C	6C5C
6C5D	6C5D
6C5E	6C5E
6C5F	6C5F
6C60	6C60
6C61	6C61
6C62	6C62
6C63	6C63
6C64	6C64
6C65	6C65
6C66	6C66
6C67	6C67
6C68	6C68
6C69	6C69
6C6A	6C6A
6C6B	6C6B
6C6C	6C6C
6C6D	6C6D
6C6E	6C6E
6C6F	6C6F
6C70	6C70
6C71	6C71
6C72	6C72
6C73	6C73
6C74	6C74
6C75	6C75
6C76	6C76
6C77	6C77
6C78	6C78
6C79	6C79
6C7A	6C7A
6C7B	6C7B
6C7C	6C7C
6C7D	6C7D
6C7E	6C7E
6C7F	6C7F
6C80	6C80
6C81	6C81
6C82	6C82
6C83	6C83
6C84	6C84
6C85	6C85
6C86	6C86
6C87	6C87
6C88	6C88
6C89	6C89
6C8A	6C8A
6C8B	6C8B
6C8C	6C8C
6C8D	6C8D
6C8E	6C8E
6C8F	6C8F
6C90	6C90
6C91	6C91
6C92	6C92
6C93	6C93
6C94	6C94
6C95	6C95
6C96	6C96
6C97	6C97
6C98	6C98
6C99	6C99
6C9A	6C9A
6C9B	6C9B
6C9C	6C9C
6C9D	6C9D
6C9E	6C9E
6C9F	6C9F
6CA0	6CA0
6CA1	6CA1
6CA2	6CA2
6CA3	6CA3
6CA4	6CA4
6CA5	6CA5
6CA6	6CA6
6CA7	6CA7
6CA8	6CA8
6CA9	6CA9
6CAA	6CAA
6CAB	6CAB
6CAC	6CAC
6CAD	6CAD
6CAE	6CAE
6CAF	6CAF
6CB0	6CB0
6CB1	6CB1
6CB2	6CB2
6CB3	6CB3
6CB4	6CB4
6CB5	6CB5
6CB6	6CB6
6CB7	6CB7
6CB8	6CB8
6CB9	6CB9
6CBA	6CBA
6CBB	6CBB
6CBC	6CBC
6CBD	6CBD
6CBE	6CBE
6CBF	6CBF
6CC0	6CC0
6CC1	6CC1
6CC2	6CC2
6CC3	6CC3
6CC4	6CC4
6CC5	6CC5
6CC6	6CC6
6CC7	6CC7
6CC8	6CC8
6CC9	6CC9
6CCA	6CCA
6CCB	6CCB
6CCC	6CCC
6CCD	6CCD
6CCE	6CCE
6CCF	6CCF
6CD0	6CD0
6CD1	6CD1
6CD2	6CD2
6CD3	6CD3
6CD4	6CD4
6CD5	6CD5
6CD6	6CD6
6CD7	6CD7
6CD8	6CD8
6CD9	6CD9
6CDA	6CDA
6CDB	6CDB
6CDC	6CDC
6CDD	6CDD
6CDE	6CDE
6CDF	6CDF
6CE0	6CE0
6CE1	6CE1
6CE2	6CE2
6CE3	6CE3
6CE4	6CE4
6CE5	6CE5
6CE6	6CE6
6CE7	6CE7
6CE8	6CE8
6CE9	6CE9
6CEA	6CEA
6CEB	6CEB
6CEC	6CEC
6CED	6CED
6CEE	6CEE
6CEF	6CEF
6CF0	6CF0
6CF1	6CF1
6CF2	6CF2
6CF3	6CF3
6CF4	6CF4
6CF5	6CF5
6CF6	6CF6
6CF7	6CF7
6CF8	6CF8
6CF9	6CF9
6CFA	6CFA
6CFB	6CFB
6CFC	6CFC
6CFD	6CFD
6CFE	6CFE
6CFF	6CFF
6D00	6D00
6D01	6D01
6D02	6D02
6D03	6D03
6D04	6D04
6D05	6D05
6D06	6D06
6D07	6D07
6D08	6D08
6D09	6D09
6D0A	6D0A
6D0B	6D0B
6D0C	6D0C
6D0D	6D0D
6D0E	6D0E
6D0F	6D0F
6D10	6D10
6D11	6D11
6D12	6D12
6D13	6D13
6D14	6D14
6D15	6D15
6D16	6D16
6D17	6D17
6D18	6D18
6D19	6D19
6D1A	6D1A
6D1B	6D1B
6D1C	6D1C
6D1D	6D1D
6D1E	6D1E
6D1F	6D1F
6D20	6D20
6D21	6D21
6D22	6D22
6D23	6D23
6D24	6D24
6D25	6D25
6D26	6D26
6D27	6D27
6D28	6D28
6D29	6D29
6D2A	6D2A
6D2B	6D2B
6D2C	6D2C
6D2D	6D2D
6D2E	6D2E
6D2F	6D2F
6D30	6D30
6D31	6D31
6D32	6D32
6D33	6D33
6D34	6D34
6D35	6D35
6D36	6D36
6D37	6D37
6D38	6D38
6D39	6D39
6D3A	6D3A
6D3B	6D3B
6D3C	6D3C
6D3D	6D3D
6D3E	6D3E
6D3F	6D3F
6D40	6D40
6D41	6D41
6D42	6D42
6D43	6D43
6D44	6D44
6D45	6D45
6D46	6D46
6D47	6D47
6D48	6D48
6D49	6D49
6D4A	6D4A
6D4B	6D4B
6D4C	6D4C
6D4D	6D4D
6D4E	6D4E
6D4F	6D4F
6D50	6D50
6D51	6D51
6D52	6D52
6D53	6D53
6D54	6D54
6D55	6D55
6D56	6D56
6D57	6D57
6D58	6D58
6D59	6D59
6D5A	6D5A
6D5B	6D5B
6D5C	6D5C
6D5D	6D5D
6D5E	6D5E
6D5F	6D5F
6D60	6D60
6D61	6D61
6D62	6D62
6D63	6D63
6D64	6D64
6D65	6D65
6D66	6D66
6D67	6D67
6D68	6D68
6D69	6D69
6D6A	6D6A
6D6B	6D6B
6D6C	6D6C
6D6D	6D6D
6D6E	6D6E
6D6F	6D6F
6D70	6D70
6D71	6D71
6D72	6D72
6D73	6D73
6D74	6D74
6D75	6D75
6D76	6D76
6D77	6D77
6D78	6D78
6D79	6D79
6D7A	6D7A
6D7B	6D7B
6D7C	6D7C
6D7D	6D7D
6D7E	6D7E
6D7F	6D7F
6D80	6D80
6D81	6D81
6D82	6D82
6D83	6D83
6D84	6D84
6D85	6D85
6D86	6D86
6D87	6D87
6D88	6D88
6D89	6D89
6D8A	6D8A
6D8B	6D8B
6D8C	6D8C
6D8D	6D8D
6D8E	6D8E
6D8F	6D8F
6D90	6D90
6D91	6D91
6D92	6D92
6D93	6D93
6D94	6D94
6D95	6D95
6D96	6D96
6D97	6D97
6D98	6D98
6D99	6D99
6D9A	6D9A
6D9B	6D9B
6D9C	6D9C
6D9D	6D9D
6D9E	6D9E
6D9F	6D9F
6DA0	6DA0
6DA1	6DA1
6DA2	6DA2
6DA3	6DA3
6DA4	6DA4
6DA5	6DA5
6DA6	6DA6
6DA7	6DA7
6DA8	6DA8
6DA9	6DA9
6DAA	6DAA
6DAB	6DAB
6DAC	6DAC
6DAD	6DAD
6DAE	6DAE
6DAF	6DAF
6DB0	6DB0
6DB1	6DB1
6DB2	6DB2
6DB3	6DB3
6DB4	6DB4
6DB5	6DB5
6DB6	6DB6
6DB7	6DB7
6DB8	6DB8
6DB9	6DB9
6DBA	6DBA
6DBB	6DBB
6DBC	6DBC
6DBD	6DBD
6DBE	6DBE
6DBF	6DBF
6DC0	6DC0
6DC1	6DC1
6DC2	6DC2
6DC3	6DC3
6DC4	6DC4
6DC5	6DC5
6DC6	6DC6
6DC7	6DC7
6DC8	6DC8
6DC9	6DC9
6DCA	6DCA
6DCB	6DCB
6DCC	6DCC
6DCD	6DCD
6DCE	6DCE
6DCF	6DCF
6DD0	6DD0
6DD1	6DD1
6DD2	6DD2
6DD3	6DD3
6DD4	6DD4
6DD5	6DD5
6DD6	6DD6
6DD7	6DD7
6DD8	6DD8
6DD9	6DD9
6DDA	6DDA
6DDB	6DDB
6DDC	6DDC
6DDD	6DDD
6DDE	6DDE
6DDF	6DDF
6DE0	6DE0
6DE1	6DE1
6DE2	6DE2
6DE3	6DE3
6DE4	6DE4
6DE5	6DE5
6DE6	6DE6
6DE7	6DE7
6DE8	6DE8
6DE9	6DE9
6DEA	6DEA
6DEB	6DEB
6DEC	6DEC
6DED	6DED
6DEE	6DEE
6DEF	6DEF
6DF0	6DF0
6DF1	6DF1
6DF2	6DF2
6DF3	6DF3
6DF4	6DF4
6DF5	6DF5
6DF6	6DF6
6DF7	6DF7
6DF8	6DF8
6DF9	6DF9
6DFA	6DFA
6DFB	6DFB
6DFC	6DFC
6DFD	6DFD
6DFE	6DFE
6DFF	6DFF
6E00	6E00
6E01	6E01
6E02	6E02
6E03	6E03
6E04	6E04
6E05	6E05
6E06	6E06
6E07	6E07
6E08	6E08
6E09	6E09
6E0A	6E0A
6E0B	6E0B
6E0C	6E0C
6E0D	6E0D
6E0E	6E0E
6E0F	6E0F
6E10	6E10
6E11	6E11
6E12	6E12
6E13	6E13
6E14	6E14
6E15	6E15
6E16	6E16
6E17	6E17
6E18	6E18
6E19	6E19
6E1A	6E1A
6E1B	6E1B
6E1C	6E1C
6E1D	6E1D
6E1E	6E1E
6E1F	6E1F
6E20	6E20
6E21	6E21
6E22	6E22
6E23	6E23
6E24	6E24
6E25	6E25
6E26	6E26
6E27	6E27
6E28	6E28
6E29	6E29
6E2A	6E2A
6E2B	6E2B
6E2C	6E2C
6E2D	6E2D
6E2E	6E2E
6E2F	6E2F
6E30	6E30
6E31	6E31
6E32	6E32
6E33	6E33
6E34	6E34
6E35	6E35
6E36	6E36
6E37	6E37
6E38	6E38
6E39	6E39
6E3A	6E3A
6E3B	6E3B
6E3C	6E3C
6E3D	6E3D
6E3E	6E3E
6E3F	6E3F
6E40	6E40
6E41	6E41
6E42	6E42
6E43	6E43
6E44	6E44
6E45	6E45
6E46	6E46
6E47	6E47
6E48	6E48
6E49	6E49
6E4A	6E4A
6E4B	6E4B
6E4C	6E4C
6E4D	6E4D
6E4E	6E4E
6E4F	6E4F
6E50	6E50
6E51	6E51
6E52	6E52
6E53	6E53
6E54	6E54
6E55	6E55
6E56	6E56
6E57	6E57
6E58	6E58
6E59	6E59
6E5A	6E5A
6E5B	6E5B
6E5C	6E5C
6E5D	6E5D
6E5E	6E5E
6E5F	6E5F
6E60	6E60
6E61	6E61
6E62	6E62
6E63	6E63
6E64	6E64
6E65	6E65
6E66	6E66
6E67	6E67
6E68	6E68
6E69	6E69
6E6A	6E6A
6E6B	6E6B
6E6C	6E6C
6E6D	6E6D
6E6E	6E6E
6E6F	6E6F
6E70	6E70
6E71	6E71
6E72	6E72
6E73	6E73
6E74	6E74
6E75	6E75
6E76	6E76
6E77	6E77
6E78	6E78
6E79	6E79
6E7A	6E7A
6E7B	6E7B
6E7C	6E7C
6E7D	6E7D
6E7E	6E7E
6E7F	6E7F
6E80	6E80
6E81	6E81
6E82	6E82
6E83	6E83
6E84	6E84
6E85	6E85
6E86	6E86
6E87	6E87
6E88	6E88
6E89	6E89
6E8A	6E8A
6E8B	6E8B
6E8C	6E8C
6E8D	6E8D
6E8E	6E8E
6E8F	6E8F
6E90	6E90
6E91	6E91
6E92	6E92
6E93	6E93
6E94	6E94
6E95	6E95
6E96	6E96
6E97	6E97
6E98	6E98
6E99	6E99
6E9A	6E9A
6E9B	6E9B
6E9C	6E9C
6E9D	6E9D
6E9E	6E9E
6E9F	6E9F
6EA0	6EA0
6EA1	6EA1
6EA2	6EA2
6EA3	6EA3
6EA4	6EA4
6EA5	6EA5
6EA6	6EA6
6EA7	6EA7
6EA8	6EA8
6EA9	6EA9
6EAA	6EAA
6EAB	6EAB
6EAC	6EAC
6EAD	6EAD
6EAE	6EAE
6EAF	6EAF
6EB0	6EB0
6EB1	6EB1
6EB2	6EB2
6EB3	6EB3
6EB4	6EB4
6EB5	6EB5
6EB6	6EB6
6EB7	6EB7
6EB8	6EB8
6EB9	6EB9
6EBA	6EBA
6EBB	6EBB
6EBC	6EBC
6EBD	6EBD
6EBE	6EBE
6EBF	6EBF
6EC0	6EC0
6EC1	6EC1
6EC2	6EC2
6EC3	6EC3
6EC4	6EC4
6EC5	6EC5
6EC6	6EC6
6EC7	6EC7
6EC8	6EC8
6EC9	6EC9
6ECA	6ECA
6ECB	6ECB
6ECC	6ECC
6ECD	6ECD
6ECE	6ECE
6ECF	6ECF
6ED0	6ED0
6ED1	6ED1
6ED2	6ED2
6ED3	6ED3
6ED4	6ED4
6ED5	6ED5
6ED6	6ED6
6ED7	6ED7
6ED8	6ED8
6ED9	6ED9
6EDA	6EDA
6EDB	6EDB
6EDC	6EDC
6EDD	6EDD
6EDE	6EDE
6EDF	6EDF
6EE0	6EE0
6EE1	6EE1
6EE2	6EE2
6EE3	6EE3
6EE4	6EE4
6EE5	6EE5
6EE6	6EE6
6EE7	6EE7
6EE8	6EE8
6EE9	6EE9
6EEA	6EEA
6EEB	6EEB
6EEC	6EEC
6EED	6EED
6EEE	6EEE
6EEF	6EEF
6EF0	6EF0
6EF1	6EF1
6EF2	6EF2
6EF3	6EF3
6EF4	6EF4
6EF5	6EF5
6EF6	6EF6
6EF7	6EF7
6EF8	6EF8
6EF9	6EF9
6EFA	6EFA
6EFB	6EFB
6EFC	6EFC
6EFD	6EFD
6EFE	6EFE
6EFF	6EFF
6F00	6F00
6F01	6F01
6F02	6F02
6F03	6F03
6F04	6F04
6F05	6F05
6F06	6F06
6F07	6F07
6F08	6F08
6F09	6F09
6F0A	6F0A
6F0B	6F0B
6F0C	6F0C
6F0D	6F0D
6F0E	6F0E
6F0F	6F0F
6F10	6F10
6F11	6F11
6F12	6F12
6F13	6F13
6F14	6F14
6F15	6F15
6F16	6F16
6F17	6F17
6F18	6F18
6F19	6F19
6F1A	6F1A
6F1B	6F1B
6F1C	6F1C
6F1D	6F1D
6F1E	6F1E
6F1F	6F1F
6F20	6F20
6F21	6F21
6F22	6F22
6F23	6F23
6F24	6F24
6F25	6F25
6F26	6F26
6F27	6F27
6F28	6F28
6F29	6F29
6F2A	6F2A
6F2B	6F2B
6F2C	6F2C
6F2D	6F2D
6F2E	6F2E
6F2F	6F2F
6F30	6F30
6F31	6F31
6F32	6F32
6F33	6F33
6F34	6F34
6F35	6F35
6F36	6F36
6F37	6F37
6F38	6F38
6F39	6F39
6F3A	6F3A
6F3B	6F3B
6F3C	6F3C
6F3D	6F3D
6F3E	6F3E
6F3F	6F3F
6F40	6F40
6F41	6F41
6F42	6F42
6F43	6F43
6F44	6F44
6F45	6F45
6F46	6F46
6F47	6F47
6F48	6F48
6F49	6F49
6F4A	6F4A
6F4B	6F4B
6F4C	6F4C
6F4D	6F4D
6F4E	6F4E
6F4F	6F4F
6F50	6F50
6F51	6F51
6F52	6F52
6F53	6F53
6F54	6F54
6F55	6F55
6F56	6F56
6F57	6F57
6F58	6F58
6F59	6F59
6F5A	6F5A
6F5B	6F5B
6F5C	6F5C
6F5D	6F5D
6F5E	6F5E
6F5F	6F5F
6F60	6F60
6F61	6F61
6F62	6F62
6F63	6F63
6F64	6F64
6F65	6F65
6F66	6F66
6F67	6F67
6F68	6F68
6F69	6F69
6F6A	6F6A
6F6B	6F6B
6F6C	6F6C
6F6D	6F6D
6F6E	6F6E
6F6F	6F6F
6F70	6F70
6F71	6F71
6F72	6F72
6F73	6F73
6F74	6F74
6F75	6F75
6F76	6F76
6F77	6F77
6F78	6F78
6F79	6F79
6F7A	6F7A
6F7B	6F7B
6F7C	6F7C
6F7D	6F7D
6F7E	6F7E
6F7F	6F7F
6F80	6F80
6F81	6F81
6F82	6F82
6F83	6F83
6F84	6F84
6F85	6F85
6F86	6F86
6F87	6F87
6F88	6F88
6F89	6F89
6F8A	6F8A
6F8B	6F8B
6F8C	6F8C
6F8D	6F8D
6F8E	6F8E
6F8F	6F8F
6F90	6F90
6F91	6F91
6F92	6F92
6F93	6F93
6F94	6F94
6F95	6F95
6F96	6F96
6F97	6F97
6F98	6F98
6F99	6F99
6F9A	6F9A
6F9B	6F9B
6F9C	6F9C
6F9D	6F9D
6F9E	6F9E
6F9F	6F9F
6FA0	6FA0
6FA1	6FA1
6FA2	6FA2
6FA3	6FA3
6FA4	6FA4
6FA5	6FA5
6FA6	6FA6
6FA7	6FA7
6FA8	6FA8
6FA9	6FA9
6FAA	6FAA
6FAB	6FAB
6FAC	6FAC
6FAD	6FAD
6FAE	6FAE
6FAF	6FAF
6FB0	6FB0
6FB1	6FB1
6FB2	6FB2
6FB3	6FB3
6FB4	6FB4
6FB5	6FB5
6FB6	6FB6
6FB7	6FB7
6FB8	6FB8
6FB9	6FB9
6FBA	6FBA
6FBB	6FBB
6FBC	6FBC
6FBD	6FBD
6FBE	6FBE
6FBF	6FBF
6FC0	6FC0
6FC1	6FC1
6FC2	6FC2
6FC3	6FC3
6FC4	6FC4
6FC5	6FC5
6FC6	6FC6
6FC7	6FC7
6FC8	6FC8
6FC9	6FC9
6FCA	6FCA
6FCB	6FCB
6FCC	6FCC
6FCD	6FCD
6FCE	6FCE
6FCF	6FCF
6FD0	6FD0
6FD1	6FD1
6FD2	6FD2
6FD3	6FD3
6FD4	6FD4
6FD5	6FD5
6FD6	6FD6
6FD7	6FD7
6FD8	6FD8
6FD9	6FD9
6FDA	6FDA
6FDB	6FDB
6FDC	6FDC
6FDD	6FDD
6FDE	6FDE
6FDF	6FDF
6FE0	6FE0
6FE1	6FE1
6FE2	6FE2
6FE3	6FE3
6FE4	6FE4
6FE5	6FE5
6FE6	6FE6
6FE7	6FE7
6FE8	6FE8
6FE9	6FE9
6FEA	6FEA
6FEB	6FEB
6FEC	6FEC
6FED	6FED
6FEE	6FEE
6FEF	6FEF
6FF0	6FF0
6FF1	6FF1
6FF2	6FF2
6FF3	6FF3
6FF4	6FF4
6FF5	6FF5
6FF6	6FF6
6FF7	6FF7
6FF8	6FF8
6FF9	6FF9
6FFA	6FFA
6FFB	6FFB
6FFC	6FFC
6FFD	6FFD
6FFE	6FFE
6FFF	6FFF
7000	7000
7001	7001
7002	7002
7003	7003
7004	7004
7005	7005
7006	7006
7007	7007
7008	7008
7009	7009
700A	700A
700B	700B
700C	700C
700D	700D
700E	700E
700F	700F
7010	7010
7011	7011
7012	7012
7013	7013
7014	7014
7015	7015
7016	7016
7017	7017
7018	7018
7019	7019
701A	701A
701B	701B
701C	701C
701D	701D
701E	701E
701F	701F
7020	7020
7021	7021
7022	7022
7023	7023
7024	7024
7025	7025
7026	7026
7027	7027
7028	7028
7029	7029
702A	702A
702B	702B
702C	702C
702D	702D
702E	702E
702F	702F
7030	7030
7031	7031
7032	7032
7033	7033
7034	7034
7035	7035
7036	7036
7037	7037
7038	7038
7039	7039
703A	703A
703B	703B
703C	703C
703D	703D
703E	703E
703F	703F
7040	7040
7041	7041
7042	7042
7043	7043
7044	7044
7045	7045
7046	7046
7047	7047
7048	7048
7049	7049
704A	704A
704B	704B
704C	704C
704D	704D
704E	704E
704F	704F
7050	7050
7051	7051
7052	7052
7053	7053
7054	7054
7055	7055
7056	7056
7057	7057
7058	7058
7059	7059
705A	705A
705B	705B
705C	705C
705D	705D
705E	705E
705F	705F
7060	7060
7061	7061
7062	7062
7063	7063
7064	7064
7065	7065
7066	7066
7067	7067
7068	7068
7069	7069
706A	706A
706B	706B
706C	706C
706D	706D
706E	706E
706F	706F
7070	7070
7071	7071
7072	7072
7073	7073
7074	7074
7075	7075
7076	7076
7077	7077
7078	7078
7079	7079
707A	707A
707B	707B
707C	707C
707D	707D
707E	707E
707F	707F
7080	7080
7081	7081
7082	7082
7083	7083
7084	7084
7085	7085
7086	7086
7087	7087
7088	7088
7089	7089
708A	708A
708B	708B
708C	708C
708D	708D
708E	708E
708F	708F
7090	7090
7091	7091
7092	7092
7093	7093
7094	7094
7095	7095
7096	7096
7097	7097
7098	7098
7099	7099
709A	709A
709B	709B
709C	709C
709D	709D
709E	709E
709F	709F
70A0	70A0
70A1	70A1
70A2	70A2
70A3	70A3
70A4	70A4
70A5	70A5
70A6	70A6
70A7	70A7
70A8	70A8
70A9	70A9
70AA	70AA
70AB	70AB
70AC	70AC
70AD	70AD
70AE	70AE
70AF	70AF
70B0	70B0
70B1	70B1
70B2	70B2
70B3	70B3
70B4	70B4
70B5	70B5
70B6	70B6
70B7	70B7
70B8	70B8
70B9	70B9
70BA	70BA
70BB	70BB
70BC	70BC
70BD	70BD
70BE	70BE
70BF	70BF
70C0	70C0
70C1	70C1
70C2	70C2
70C3	70C3
70C4	70C4
70C5	70C5
70C6	70C6
70C7	70C7
70C8	70C8
70C9	70C9
70CA	70CA
70CB	70CB
70CC	70CC
70CD	70CD
70CE	70CE
70CF	70CF
70D0	70D0
70D1	70D1
70D2	70D2
70D3	70D3
70D4	70D4
70D5	70D5
70D6	70D6
70D7	70D7
70D8	70D8
70D9	70D9
70DA	70DA
70DB	70DB
70DC	70DC
70DD	70DD
70DE	70DE
70DF	70DF
70E0	70E0
70E1	70E1
70E2	70E2
70E3	70E3
70E4	70E4
70E5	70E5
70E6	70E6
70E7	70E7
70E8	70E8
70E9	70E9
70EA	70EA
70EB	70EB
70EC	70EC
70ED	70ED
70EE	70EE
70EF	70EF
70F0	70F0
70F1	70F1
70F2	70F2
70F3	70F3
70F4	70F4
70F5	70F5
70F6	70F6
70F7	70F7
70F8	70F8
70F9	70F9
70FA	70FA
70FB	70FB
70FC	70FC
70FD	70FD
70FE	70FE
70FF	70FF
7100	7100
7101	7101
7102	7102
7103	7103
7104	7104
7105	7105
7106	7106
7107	7107
7108	7108
7109	7109
710A	710A
710B	710B
710C	710C
710D	710D
710E	710E
710F	710F
7110	7110
7111	7111
7112	7112
7113	7113
7114	7114
7115	7115
7116	7116
7117	7117
7118	7118
7119	7119
711A	711A
711B	711B
711C	711C
711D	711D
711E	711E
711F	711F
7120	7120
7121	7121
7122	7122
7123	7123
7124	7124
7125	7125
7126	7126
7127	7127
7128	7128
7129	7129
712A	712A
712B	712B
712C	712C
712D	712D
712E	712E
712F	712F
7130	7130
7131	7131
7132	7132
7133	7133
7134	7134
7135	7135
7136	7136
7137	7137
7138	7138
7139	7139
713A	713A
713B	713B
713C	713C
713D	713D
713E	713E
713F	713F
7140	7140
7141	7141
7142	7142
7143	7143
7144	7144
7145	7145
7146	7146
7147	7147
7148	7148
7149	7149
714A	714A
714B	714B
714C	714C
714D	714D
714E	714E
714F	714F
7150	7150
7151	7151
7152	7152
7153	7153
7154	7154
7155	7155
7156	7156
7157	7157
7158	7158
7159	7159
715A	715A
715B	715B
715C	715C
715D	715D
715E	715E
715F	715F
7160	7160
7161	7161
7162	7162
7163	7163
7164	7164
7165	7165
7166	7166
7167	7167
7168	7168
7169	7169
716A	716A
716B	716B
716C	716C
716D	716D
716E	716E
716F	716F
7170	7170
7171	7171
7172	7172
7173	7173
7174	7174
7175	7175
7176	7176
7177	7177
7178	7178
7179	7179
717A	717A
717B	717B
717C	717C
717D	717D
717E	717E
717F	717F
7180	7180
7181	7181
7182	7182
7183	7183
7184	7184
7185	7185
7186	7186
7187	7187
7188	7188
7189	7189
718A	718A
718B	718B
718C	718C
718D	718D
718E	718E
718F	718F
7190	7190
7191	7191
7192	7192
7193	7193
7194	7194
7195	7195
7196	7196
7197	7197
7198	7198
7199	7199
719A	719A
719B	719B
719C	719C
719D	719D
719E	719E
719F	719F
71A0	71A0
71A1	71A1
71A2	71A2
71A3	71A3
71A4	71A4
71A5	71A5
71A6	71A6
71A7	71A7
71A8	71A8
71A9	71A9
71AA	71AA
71AB	71AB
71AC	71AC
71AD	71AD
71AE	71AE
71AF	71AF
71B0	71B0
71B1	71B1
71B2	71B2
71B3	71B3
71B4	71B4
71B5	71B5
71B6	71B6
71B7	71B7
71B8	71B8
71B9	71B9
71BA	71BA
71BB	71BB
71BC	71BC
71BD	71BD
71BE	71BE
71BF	71BF
71C0	71C0
71C1	71C1
71C2	71C2
71C3	71C3
71C4	71C4
71C5	71C5
71C6	71C6
71C7	71C7
71C8	71C8
71C9	71C9
71CA	71CA
71CB	71CB
71CC	71CC
71CD	71CD
71CE	71CE
71CF	71CF
71D0	71D0
71D1	71D1
71D2	71D2
71D3	71D3
71D4	71D4
71D5	71D5
71D6	71D6
71D7	71D7
71D8	71D8
71D9	71D9
71DA	71DA
71DB	71DB
71DC	71DC
71DD	71DD
71DE	71DE
71DF	71DF
71E0	71E0
71E1	71E1
71E2	71E2
71E3	71E3
71E4	71E4
71E5	71E5
71E6	71E6
71E7	71E7
71E8	71E8
71E9	71E9
71EA	71EA
71EB	71EB
71EC	71EC
71ED	71ED
71EE	71EE
71EF	71EF
71F0	71F0
71F1	71F1
71F2	71F2
71F3	71F3
71F4	71F4
71F5	71F5
71F6	71F6
71F7	71F7
71F8	71F8
71F9	71F9
71FA	71FA
71FB	71FB
71FC	71FC
71FD	71FD
71FE	71FE
71FF	71FF
7200	7200
7201	7201
7202	7202
7203	7203
7204	7204
7205	7205
7206	7206
7207	7207
7208	7208
7209	7209
720A	720A
720B	720B
720C	720C
720D	720D
720E	720E
720F	720F
7210	7210
7211	7211
7212	7212
7213	7213
7214	7214
7215	7215
7216	7216
7217	7217
7218	7218
7219	7219
721A	721A
721B	721B
721C	721C
721D	721D
721E	721E
721F	721F
7220	7220
7221	7221
7222	7222
7223	7223
7224	7224
7225	7225
7226	7226
7227	7227
7228	7228
7229	7229
722A	722A
722B	722B
722C	722C
722D	722D
722E	722E
722F	722F
7230	7230
7231	7231
7232	7232
7233	7233
7234	7234
7235	7235
7236	7236
7237	7237
7238	7238
7239	7239
723A	723A
723B	723B
723C	723C
723D	723D
723E	723E
723F	723F
7240	7240
7241	7241
7242	7242
7243	7243
7244	7244
7245	7245
7246	7246
7247	7247
7248	7248
7249	7249
724A	724A
724B	724B
724C	724C
724D	724D
724E	724E
724F	724F
7250	7250
7251	7251
7252	7252
7253	7253
7254	7254
7255	7255
7256	7256
7257	7257
7258	7258
7259	7259
725A	725A
725B	725B
725C	725C
725D	725D
725E	725E
725F	725F
7260	7260
7261	7261
7262	7262
7263	7263
7264	7264
7265	7265
7266	7266
7267	7267
7268	7268
7269	7269
726A	726A
726B	726B
726C	726C
726D	726D
726E	726E
726F	726F
7270	7270
7271	7271
7272	7272
7273	7273
7274	7274
7275	7275
7276	7276
7277	7277
7278	7278
7279	7279
727A	727A
727B	727B
727C	727C
727D	727D
727E	727E
727F	727F
7280	7280
7281	7281
7282	7282
7283	7283
7284	7284
7285	7285
7286	7286
7287	7287
7288	7288
7289	7289
728A	728A
728B	728B
728C	728C
728D	728D
728E	728E
728F	728F
7290	7290
7291	7291
7292	7292
7293	7293
7294	7294
7295	7295
7296	7296
7297	7297
7298	7298
7299	7299
729A	729A
729B	729B
729C	729C
729D	729D
729E	729E
729F	729F
72A0	72A0
72A1	72A1
72A2	72A2
72A3	72A3
72A4	72A4
72A5	72A5
72A6	72A6
72A7	72A7
72A8	72A8
72A9	72A9
72AA	72AA
72AB	72AB
72AC	72AC
72AD	72AD
72AE	72AE
72AF	72AF
72B0	72B0
72B1	72B1
72B2	72B2
72B3	72B3
72B4	72B4
72B5	72B5
72B6	72B6
72B7	72B7
72B8	72B8
72B9	72B9
72BA	72BA
72BB	72BB
72BC	72BC
72BD	72BD
72BE	72BE
72BF	72BF
72C0	72C0
72C1	72C1
72C2	72C2
72C3	72C3
72C4	72C4
72C5	72C5
72C6	72C6
72C7	72C7
72C8	72C8
72C9	72C9
72CA	72CA
72CB	72CB
72CC	72CC
72CD	72CD
72CE	72CE
72CF	72CF
72D0	72D0
72D1	72D1
72D2	72D2
72D3	72D3
72D4	72D4
72D5	72D5
72D6	72D6
72D7	72D7
72D8	72D8
72D9	72D9
72DA	72DA
72DB	72DB
72DC	72DC
72DD	72DD
72DE	72DE
72DF	72DF
72E0	72E0
72E1	72E1
72E2	72E2
72E3	72E3
72E4	72E4
72E5	72E5
72E6	72E6
72E7	72E7
72E8	72E8
72E9	72E9
72EA	72EA
72EB	72EB
72EC	72EC
72ED	72ED
72EE	72EE
72EF	72EF
72F0	72F0
72F1	72F1
72F2	72F2
72F3	72F3
72F4	72F4
72F5	72F5
72F6	72F6
72F7	72F7
72F8	72F8
72F9	72F9
72FA	72FA
72FB	72FB
72FC	72FC
72FD	72FD
72FE	72FE
72FF	72FF
7300	7300
7301	7301
7302	7302
7303	7303
7304	7304
7305	7305
7306	7306
7307	7307
7308	7308
7309	7309
730A	730A
730B	730B
730C	730C
730D	730D
730E	730E
730F	730F
7310	7310
7311	7311
7312	7312
7313	7313
7314	7314
7315	7315
7316	7316
7317	7317
7318	7318
7319	7319
731A	731A
731B	731B
731C	731C
731D	731D
731E	731E
731F	731F
7320	7320
7321	7321
7322	7322
7323	7323
7324	7324
7325	7325
7326	7326
7327	7327
7328	7328
7329	7329
732A	732A
732B	732B
732C	732C
732D	732D
732E	732E
732F	732F
7330	7330
7331	7331
7332	7332
7333	7333
7334	7334
7335	7335
7336	7336
7337	7337
7338	7338
7339	7339
733A	733A
733B	733B
733C	733C
733D	733D
733E	733E
733F	733F
7340	7340
7341	7341
7342	7342
7343	7343
7344	7344
7345	7345
7346	7346
7347	7347
7348	7348
7349	7349
734A	734A
734B	734B
734C	734C
734D	734D
734E	734E
734F	734F
7350	7350
7351	7351
7352	7352
7353	7353
7354	7354
7355	7355
7356	7356
7357	7357
7358	7358
7359	7359
735A	735A
735B	735B
735C	735C
735D	735D
735E	735E
735F	735F
7360	7360
7361	7361
7362	7362
7363	7363
7364	7364
7365	7365
7366	7366
7367	7367
7368	7368
7369	7369
736A	736A
736B	736B
736C	736C
736D	736D
736E	736E
736F	736F
7370	7370
7371	7371
7372	7372
7373	7373
7374	7374
7375	7375
7376	7376
7377	7377
7378	7378
7379	7379
737A	737A
737B	737B
737C	737C
737D	737D
737E	737E
737F	737F
7380	7380
7381	7381
7382	7382
7383	7383
7384	7384
7385	7385
7386	7386
7387	7387
7388	7388
7389	7389
738A	738A
738B	738B
738C	738C
738D	738D
738E	738E
738F	738F
7390	7390
7391	7391
7392	7392
7393	7393
7394	7394
7395	7395
7396	7396
7397	7397
7398	7398
7399	7399
739A	739A
739B	739B
739C	739C
739D	739D
739E	739E
739F	739F
73A0	73A0
73A1	73A1
73A2	73A2
73A3	73A3
73A4	73A4
73A5	73A5
73A6	73A6
73A7	73A7
73A8	73A8
73A9	73A9
73AA	73AA
73AB	73AB
73AC	73AC
73AD	73AD
73AE	73AE
73AF	73AF
73B0	73B0
73B1	73B1
73B2	73B2
73B3	73B3
73B4	73B4
73B5	73B5
73B6	73B6
73B7	73B7
73B8	73B8
73B9	73B9
73BA	73BA
73BB	73BB
73BC	73BC
73BD	73BD
73BE	73BE
73BF	73BF
73C0	73C0
73C1	73C1
73C2	73C2
73C3	73C3
73C4	73C4
73C5	73C5
73C6	73C6
73C7	73C7
73C8	73C8
73C9	73C9
73CA	73CA
73CB	73CB
73CC	73CC
73CD	73CD
73CE	73CE
73CF	73CF
73D0	73D0
73D1	73D1
73D2	73D2
73D3	73D3
73D4	73D4
73D5	73D5
73D6	73D6
73D7	73D7
73D8	73D8
73D9	73D9
73DA	73DA
73DB	73DB
73DC	73DC
73DD	73DD
73DE	73DE
73DF	73DF
73E0	73E0
73E1	73E1
73E2	73E2
73E3	73E3
73E4	73E4
73E5	73E5
73E6	73E6
73E7	73E7
73E8	73E8
73E9	73E9
73EA	73EA
73EB	73EB
73EC	73EC
73ED	73ED
73EE	73EE
73EF	73EF
73F0	73F0
73F1	73F1
73F2	73F2
73F3	73F3
73F4	73F4
73F5	73F5
73F6	73F6
73F7	73F7
73F8	73F8
73F9	73F9
73FA	73FA
73FB	73FB
73FC	73FC
73FD	73FD
73FE	73FE
73FF	73FF
7400	7400
7401	7401
7402	7402
7403	7403
7404	7404
7405	7405
7406	7406
7407	7407
7408	7408
7409	7409
740A	740A
740B	740B
740C	740C
740D	740D
740E	740E
740F	740F
7410	7410
7411	7411
7412	7412
7413	7413
7414	7414
7415	7415
7416	7416
7417	7417
7418	7418
7419	7419
741A	741A
741B	741B
741C	741C
741D	741D
741E	741E
741F	741F
7420	7420
7421	7421
7422	7422
7423	7423
7424	7424
7425	7425
7426	7426
7427	7427
7428	7428
7429	7429
742A	742A
742B	742B
742C	742C
742D	742D
742E	742E
742F	742F
7430	7430
7431	7431
7432	7432
7433	7433
7434	7434
7435	7435
7436	7436
7437	7437
7438	7438
7439	7439
743A	743A
743B	743B
743C	743C
743D	743D
743E	743E
743F	743F
7440	7440
7441	7441
7442	7442
7443	7443
7444	7444
7445	7445
7446	7446
7447	7447
7448	7448
7449	7449
744A	744A
744B	744B
744C	744C
744D	744D
744E	744E
744F	744F
7450	7450
7451	7451
7452	7452
7453	7453
7454	7454
7455	7455
7456	7456
7457	7457
7458	7458
7459	7459
745A	745A
745B	745B
745C	745C
745D	745D
745E	745E
745F	745F
7460	7460
7461	7461
7462	7462
7463	7463
7464	7464
7465	7465
7466	7466
7467	7467
7468	7468
7469	7469
746A	746A
746B	746B
746C	746C
746D	746D
746E	746E
746F	746F
7470	7470
7471	7471
7472	7472
7473	7473
7474	7474
7475	7475
7476	7476
7477	7477
7478	7478
7479	7479
747A	747A
747B	747B
747C	747C
747D	747D
747E	747E
747F	747F
7480	7480
7481	7481
7482	7482
7483	7483
7484	7484
7485	7485
7486	7486
7487	7487
7488	7488
7489	7489
748A	748A
748B	748B
748C	748C
748D	748D
748E	748E
748F	748F
7490	7490
7491	7491
7492	7492
7493	7493
7494	7494
7495	7495
7496	7496
7497	7497
7498	7498
7499	7499
749A	749A
749B	749B
749C	749C
749D	749D
749E	749E
749F	749F
74A0	74A0
74A1	74A1
74A2	74A2
74A3	74A3
74A4	74A4
74A5	74A5
74A6	74A6
74A7	74A7
74A8	74A8
74A9	74A9
74AA	74AA
74AB	74AB
74AC	74AC
74AD	74AD
74AE	74AE
74AF	74AF
74B0	74B0
74B1	74B1
74B2	74B2
74B3	74B3
74B4	74B4
74B5	74B5
74B6	74B6
74B7	74B7
74B8	74B8
74B9	74B9
74BA	74BA
74BB	74BB
74BC	74BC
74BD	74BD
74BE	74BE
74BF	74BF
74C0	74C0
74C1	74C1
74C2	74C2
74C3	74C3
74C4	74C4
74C5	74C5
74C6	74C6
74C7	74C7
74C8	74C8
74C9	74C9
74CA	74CA
74CB	74CB
74CC	74CC
74CD	74CD
74CE	74CE
74CF	74CF
74D0	74D0
74D1	74D1
74D2	74D2
74D3	74D3
74D4	74D4
74D5	74D5
74D6	74D6
74D7	74D7
74D8	74D8
74D9	74D9
74DA	74DA
74DB	74DB
74DC	74DC
74DD	74DD
74DE	74DE
74DF	74DF
74E0	74E0
74E1	74E1
74E2	74E2
74E3	74E3
74E4	74E4
74E5	74E5
74E6	74E6
74E7	74E7
74E8	74E8
74E9	74E9
74EA	74EA
74EB	74EB
74EC	74EC
74ED	74ED
74EE	74EE
74EF	74EF
74F0	74F0
74F1	74F1
74F2	74F2
74F3	74F3
74F4	74F4
74F5	74F5
74F6	74F6
74F7	74F7
74F8	74F8
74F9	74F9
74FA	74FA
74FB	74FB
74FC	74FC
74FD	74FD
74FE	74FE
74FF	74FF
7500	7500
7501	7501
7502	7502
7503	7503
7504	7504
7505	7505
7506	7506
7507	7507
7508	7508
7509	7509
750A	750A
750B	750B
750C	750C
750D	750D
750E	750E
750F	750F
7510	7510
7511	7511
7512	7512
7513	7513
7514	7514
7515	7515
7516	7516
7517	7517
7518	7518
7519	7519
751A	751A
751B	751B
751C	751C
751D	751D
751E	751E
751F	751F
7520	7520
7521	7521
7522	7522
7523	7523
7524	7524
7525	7525
7526	7526
7527	7527
7528	7528
7529	7529
752A	752A
752B	752B
752C	752C
752D	752D
752E	752E
752F	752F
7530	7530
7531	7531
7532	7532
7533	7533
7534	7534
7535	7535
7536	7536
7537	7537
7538	7538
7539	7539
753A	753A
753B	753B
753C	753C
753D	753D
753E	753E
753F	753F
7540	7540
7541	7541
7542	7542
7543	7543
7544	7544
7545	7545
7546	7546
7547	7547
7548	7548
7549	7549
754A	754A
754B	754B
754C	754C
754D	754D
754E	754E
754F	754F
7550	7550
7551	7551
7552	7552
7553	7553
7554	7554
7555	7555
7556	7556
7557	7557
7558	7558
7559	7559
755A	755A
755B	755B
755C	755C
755D	755D
755E	755E
755F	755F
7560	7560
7561	7561
7562	7562
7563	7563
7564	7564
7565	7565
7566	7566
7567	7567
7568	7568
7569	7569
756A	756A
756B	756B
756C	756C
756D	756D
756E	756E
756F	756F
7570	7570
7571	7571
7572	7572
7573	7573
7574	7574
7575	7575
7576	7576
7577	7577
7578	7578
7579	7579
757A	757A
757B	757B
757C	757C
757D	757D
757E	757E
757F	757F
7580	7580
7581	7581
7582	7582
7583	7583
7584	7584
7585	7585
7586	7586
7587	7587
7588	7588
7589	7589
758A	758A
758B	758B
758C	758C
758D	758D
758E	758E
758F	758F
7590	7590
7591	7591
7592	7592
7593	7593
7594	7594
7595	7595
7596	7596
7597	7597
7598	7598
7599	7599
759A	759A
759B	759B
759C	759C
759D	759D
759E	759E
759F	759F
75A0	75A0
75A1	75A1
75A2	75A2
75A3	75A3
75A4	75A4
75A5	75A5
75A6	75A6
75A7	75A7
75A8	75A8
75A9	75A9
75AA	75AA
75AB	75AB
75AC	75AC
75AD	75AD
75AE	75AE
75AF	75AF
75B0	75B0
75B1	75B1
75B2	75B2
75B3	75B3
75B4	75B4
75B5	75B5
75B6	75B6
75B7	75B7
75B8	75B8
75B9	75B9
75BA	75BA
75BB	75BB
75BC	75BC
75BD	75BD
75BE	75BE
75BF	75BF
75C0	75C0
75C1	75C1
75C2	75C2
75C3	75C3
75C4	75C4
75C5	75C5
75C6	75C6
75C7	75C7
75C8	75C8
75C9	75C9
75CA	75CA
75CB	75CB
75CC	75CC
75CD	75CD
75CE	75CE
75CF	75CF
75D0	75D0
75D1	75D1
75D2	75D2
75D3	75D3
75D4	75D4
75D5	75D5
75D6	75D6
75D7	75D7
75D8	75D8
75D9	75D9
75DA	75DA
75DB	75DB
75DC	75DC
75DD	75DD
75DE	75DE
75DF	75DF
75E0	75E0
75E1	75E1
75E2	75E2
75E3	75E3
75E4	75E4
75E5	75E5
75E6	75E6
75E7	75E7
75E8	75E8
75E9	75E9
75EA	75EA
75EB	75EB
75EC	75EC
75ED	75ED
75EE	75EE
75EF	75EF
75F0	75F0
75F1	75F1
75F2	75F2
75F3	75F3
75F4	75F4
75F5	75F5
75F6	75F6
75F7	75F7
75F8	75F8
75F9	75F9
75FA	75FA
75FB	75FB
75FC	75FC
75FD	75FD
75FE	75FE
75FF	75FF
7600	7600
7601	7601
7602	7602
7603	7603
7604	7604
7605	7605
7606	7606
7607	7607
7608	7608
7609	7609
760A	760A
760B	760B
760C	760C
760D	760D
760E	760E
760F	760F
7610	7610
7611	7611
7612	7612
7613	7613
7614	7614
7615	7615
7616	7616
7617	7617
7618	7618
7619	7619
761A	761A
761B	761B
761C	761C
761D	761D
761E	761E
761F	761F
7620	7620
7621	7621
7622	7622
7623	7623
7624	7624
7625	7625
7626	7626
7627	7627
7628	7628
7629	7629
762A	762A
762B	762B
762C	762C
762D	762D
762E	762E
762F	762F
7630	7630
7631	7631
7632	7632
7633	7633
7634	7634
7635	7635
7636	7636
7637	7637
7638	7638
7639	7639
763A	763A
763B	763B
763C	763C
763D	763D
763E	763E
763F	763F
7640	7640
7641	7641
7642	7642
7643	7643
7644	7644
7645	7645
7646	7646
7647	7647
7648	7648
7649	7649
764A	764A
764B	764B
764C	764C
764D	764D
764E	764E
764F	764F
7650	7650
7651	7651
7652	7652
7653	7653
7654	7654
7655	7655
7656	7656
7657	7657
7658	7658
7659	7659
765A	765A
765B	765B
765C	765C
765D	765D
765E	765E
765F	765F
7660	7660
7661	7661
7662	7662
7663	7663
7664	7664
7665	7665
7666	7666
7667	7667
7668	7668
7669	7669
766A	766A
766B	766B
766C	766C
766D	766D
766E	766E
766F	766F
7670	7670
7671	7671
7672	7672
7673	7673
7674	7674
7675	7675
7676	7676
7677	7677
7678	7678
7679	7679
767A	767A
767B	767B
767C	767C
767D	767D
767E	767E
767F	767F
7680	7680
7681	7681
7682	7682
7683	7683
7684	7684
7685	7685
7686	7686
7687	7687
7688	7688
7689	7689
768A	768A
768B	768B
768C	768C
768D	768D
768E	768E
768F	768F
7690	7690
7691	7691
7692	7692
7693	7693
7694	7694
7695	7695
7696	7696
7697	7697
7698	7698
7699	7699
769A	769A
769B	769B
769C	769C
769D	769D
769E	769E
769F	769F
76A0	76A0
76A1	76A1
76A2	76A2
76A3	76A3
76A4	76A4
76A5	76A5
76A6	76A6
76A7	76A7
76A8	76A8
76A9	76A9
76AA	76AA
76AB	76AB
76AC	76AC
76AD	76AD
76AE	76AE
76AF	76AF
76B0	76B0
76B1	76B1
76B2	76B2
76B3	76B3
76B4	76B4
76B5	76B5
76B6	76B6
76B7	76B7
76B8	76B8
76B9	76B9
76BA	76BA
76BB	76BB
76BC	76BC
76BD	76BD
76BE	76BE
76BF	76BF
76C0	76C0
76C1	76C1
76C2	76C2
76C3	76C3
76C4	76C4
76C5	76C5
76C6	76C6
76C7	76C7
76C8	76C8
76C9	76C9
76CA	76CA
76CB	76CB
76CC	76CC
76CD	76CD
76CE	76CE
76CF	76CF
76D0	76D0
76D1	76D1
76D2	76D2
76D3	76D3
76D4	76D4
76D5	76D5
76D6	76D6
76D7	76D7
76D8	76D8
76D9	76D9
76DA	76DA
76DB	76DB
76DC	76DC
76DD	76DD
76DE	76DE
76DF	76DF
76E0	76E0
76E1	76E1
76E2	76E2
76E3	76E3
76E4	76E4
76E5	76E5
76E6	76E6
76E7	76E7
76E8	76E8
76E9	76E9
76EA	76EA
76EB	76EB
76EC	76EC
76ED	76ED
76EE	76EE
76EF	76EF
76F0	76F0
76F1	76F1
76F2	76F2
76F3	76F3
76F4	76F4
76F5	76F5
76F6	76F6
76F7	76F7
76F8	76F8
76F9	76F9
76FA	76FA
76FB	76FB
76FC	76FC
76FD	76FD
76FE	76FE
76FF	76FF
7700	7700
7701	7701
7702	7702
7703	7703
7704	7704
7705	7705
7706	7706
7707	7707
7708	7708
7709	7709
770A	770A
770B	770B
770C	770C
770D	770D
770E	770E
770F	770F
7710	7710
7711	7711
7712	7712
7713	7713
7714	7714
7715	7715
7716	7716
7717	7717
7718	7718
7719	7719
771A	771A
771B	771B
771C	771C
771D	771D
771E	771E
771F	771F
7720	7720
7721	7721
7722	7722
7723	7723
7724	7724
7725	7725
7726	7726
7727	7727
7728	7728
7729	7729
772A	772A
772B	772B
772C	772C
772D	772D
772E	772E
772F	772F
7730	7730
7731	7731
7732	7732
7733	7733
7734	7734
7735	7735
7736	7736
7737	7737
7738	7738
7739	7739
773A	773A
773B	773B
773C	773C
773D	773D
773E	773E
773F	773F
7740	7740
7741	7741
7742	7742
7743	7743
7744	7744
7745	7745
7746	7746
7747	7747
7748	7748
7749	7749
774A	774A
774B	774B
774C	774C
774D	774D
774E	774E
774F	774F
7750	7750
7751	7751
7752	7752
7753	7753
7754	7754
7755	7755
7756	7756
7757	7757
7758	7758
7759	7759
775A	775A
775B	775B
775C	775C
775D	775D
775E	775E
775F	775F
7760	7760
7761	7761
7762	7762
7763	7763
7764	7764
7765	7765
7766	7766
7767	7767
7768	7768
7769	7769
776A	776A
776B	776B
776C	776C
776D	776D
776E	776E
776F	776F
7770	7770
7771	7771
7772	7772
7773	7773
7774	7774
7775	7775
7776	7776
7777	7777
7778	7778
7779	7779
777A	777A
777B	777B
777C	777C
777D	777D
777E	777E
777F	777F
7780	7780
7781	7781
7782	7782
7783	7783
7784	7784
7785	7785
7786	7786
7787	7787
7788	7788
7789	7789
778A	778A
778B	778B
778C	778C
778D	778D
778E	778E
778F	778F
7790	7790
7791	7791
7792	7792
7793	7793
7794	7794
7795	7795
7796	7796
7797	7797
7798	7798
7799	7799
779A	779A
779B	779B
779C	779C
779D	779D
779E	779E
779F	779F
77A0	77A0
77A1	77A1
77A2	77A2
77A3	77A3
77A4	77A4
77A5	77A5
77A6	77A6
77A7	77A7
77A8	77A8
77A9	77A9
77AA	77AA
77AB	77AB
77AC	77AC
77AD	77AD
77AE	77AE
77AF	77AF
77B0	77B0
77B1	77B1
77B2	77B2
77B3	77B3
77B4	77B4
77B5	77B5
77B6	77B6
77B7	77B7
77B8	77B8
77B9	77B9
77BA	77BA
77BB	77BB
77BC	77BC
77BD	77BD
77BE	77BE
77BF	77BF
77C0	77C0
77C1	77C1
77C2	77C2
77C3	77C3
77C4	77C4
77C5	77C5
77C6	77C6
77C7	77C7
77C8	77C8
77C9	77C9
77CA	77CA
77CB	77CB
77CC	77CC
77CD	77CD
77CE	77CE
77CF	77CF
77D0	77D0
77D1	77D1
77D2	77D2
77D3	77D3
77D4	77D4
77D5	77D5
77D6	77D6
77D7	77D7
77D8	77D8
77D9	77D9
77DA	77DA
77DB	77DB
77DC	77DC
77DD	77DD
77DE	77DE
77DF	77DF
77E0	77E0
77E1	77E1
77E2	77E2
77E3	77E3
77E4	77E4
77E5	77E5
77E6	77E6
77E7	77E7
77E8	77E8
77E9	77E9
77EA	77EA
77EB	77EB
77EC	77EC
77ED	77ED
77EE	77EE
77EF	77EF
77F0	77F0
77F1	77F1
77F2	77F2
77F3	77F3
77F4	77F4
77F5	77F5
77F6	77F6
77F7	77F7
77F8	77F8
77F9	77F9
77FA	77FA
77FB	77FB
77FC	77FC
77FD	77FD
77FE	77FE
77FF	77FF
7800	7800
7801	7801
7802	7802
7803	7803
7804	7804
7805	7805
7806	7806
7807	7807
7808	7808
7809	7809
780A	780A
780B	780B
780C	780C
780D	780D
780E	780E
780F	780F
7810	7810
7811	7811
7812	7812
7813	7813
7814	7814
7815	7815
7816	7816
7817	7817
7818	7818
7819	7819
781A	781A
781B	781B
781C	781C
781D	781D
781E	781E
781F	781F
7820	7820
7821	7821
7822	7822
7823	7823
7824	7824
7825	7825
7826	7826
7827	7827
7828	7828
7829	7829
782A	782A
782B	782B
782C	782C
782D	782D
782E	782E
782F	782F
7830	7830
7831	7831
7832	7832
7833	7833
7834	7834
7835	7835
7836	7836
7837	7837
7838	7838
7839	7839
783A	783A
783B	783B
783C	783C
783D	783D
783E	783E
783F	783F
7840	7840
7841	7841
7842	7842
7843	7843
7844	7844
7845	7845
7846	7846
7847	7847
7848	7848
7849	7849
784A	784A
784B	784B
784C	784C
784D	784D
784E	784E
784F	784F
7850	7850
7851	7851
7852	7852
7853	7853
7854	7854
7855	7855
7856	7856
7857	7857
7858	7858
7859	7859
785A	785A
785B	785B
785C	785C
785D	785D
785E	785E
785F	785F
7860	7860
7861	7861
7862	7862
7863	7863
7864	7864
7865	7865
7866	7866
7867	7867
7868	7868
7869	7869
786A	786A
786B	786B
786C	786C
786D	786D
786E	786E
786F	786F
7870	7870
7871	7871
7872	7872
7873	7873
7874	7874
7875	7875
7876	7876
7877	7877
7878	7878
7879	7879
787A	787A
787B	787B
787C	787C
787D	787D
787E	787E
787F	787F
7880	7880
7881	7881
7882	7882
7883	7883
7884	7884
7885	7885
7886	7886
7887	7887
7888	7888
7889	7889
788A	788A
788B	788B
788C	788C
788D	788D
788E	788E
788F	788F
7890	7890
7891	7891
7892	7892
7893	7893
7894	7894
7895	7895
7896	7896
7897	7897
7898	7898
7899	7899
789A	789A
789B	789B
789C	789C
789D	789D
789E	789E
789F	789F
78A0	78A0
78A1	78A1
78A2	78A2
78A3	78A3
78A4	78A4
78A5	78A5
78A6	78A6
78A7	78A7
78A8	78A8
78A9	78A9
78AA	78AA
78AB	78AB
78AC	78AC
78AD	78AD
78AE	78AE
78AF	78AF
78B0	78B0
78B1	78B1
78B2	78B2
78B3	78B3
78B4	78B4
78B5	78B5
78B6	78B6
78B7	78B7
78B8	78B8
78B9	78B9
78BA	78BA
78BB	78BB
78BC	78BC
78BD	78BD
78BE	78BE
78BF	78BF
78C0	78C0
78C1	78C1
78C2	78C2
78C3	78C3
78C4	78C4
78C5	78C5
78C6	78C6
78C7	78C7
78C8	78C8
78C9	78C9
78CA	78CA
78CB	78CB
78CC	78CC
78CD	78CD
78CE	78CE
78CF	78CF
78D0	78D0
78D1	78D1
78D2	78D2
78D3	78D3
78D4	78D4
78D5	78D5
78D6	78D6
78D7	78D7
78D8	78D8
78D9	78D9
78DA	78DA
78DB	78DB
78DC	78DC
78DD	78DD
78DE	78DE
78DF	78DF
78E0	78E0
78E1	78E1
78E2	78E2
78E3	78E3
78E4	78E4
78E5	78E5
78E6	78E6
78E7	78E7
78E8	78E8
78E9	78E9
78EA	78EA
78EB	78EB
78EC	78EC
78ED	78ED
78EE	78EE
78EF	78EF
78F0	78F0
78F1	78F1
78F2	78F2
78F3	78F3
78F4	78F4
78F5	78F5
78F6	78F6
78F7	78F7
78F8	78F8
78F9	78F9
78FA	78FA
78FB	78FB
78FC	78FC
78FD	78FD
78FE	78FE
78FF	78FF
7900	7900
7901	7901
7902	7902
7903	7903
7904	7904
7905	7905
7906	7906
7907	7907
7908	7908
7909	7909
790A	790A
790B	790B
790C	790C
790D	790D
790E	790E
790F	790F
7910	7910
7911	7911
7912	7912
7913	7913
7914	7914
7915	7915
7916	7916
7917	7917
7918	7918
7919	7919
791A	791A
791B	791B
791C	791C
791D	791D
791E	791E
791F	791F
7920	7920
7921	7921
7922	7922
7923	7923
7924	7924
7925	7925
7926	7926
7927	7927
7928	7928
7929	7929
792A	792A
792B	792B
792C	792C
792D	792D
792E	792E
792F	792F
7930	7930
7931	7931
7932	7932
7933	7933
7934	7934
7935	7935
7936	7936
7937	7937
7938	7938
7939	7939
793A	793A
793B	793B
793C	793C
793D	793D
793E	793E
793F	793F
7940	7940
7941	7941
7942	7942
7943	7943
7944	7944
7945	7945
7946	7946
7947	7947
7948	7948
7949	7949
794A	794A
794B	794B
794C	794C
794D	794D
794E	794E
794F	794F
7950	7950
7951	7951
7952	7952
7953	7953
7954	7954
7955	7955
7956	7956
7957	7957
7958	7958
7959	7959
795A	795A
795B	795B
795C	795C
795D	795D
795E	795E
795F	795F
7960	7960
7961	7961
7962	7962
7963	7963
7964	7964
7965	7965
7966	7966
7967	7967
7968	7968
7969	7969
796A	796A
796B	796B
796C	796C
796D	796D
796E	796E
796F	796F
7970	7970
7971	7971
7972	7972
7973	7973
7974	7974
7975	7975
7976	7976
7977	7977
7978	7978
7979	7979
797A	797A
797B	797B
797C	797C
797D	797D
797E	797E
797F	797F
7980	7980
7981	7981
7982	7982
7983	7983
7984	7984
7985	7985
7986	7986
7987	7987
7988	7988
7989	7989
798A	798A
798B	798B
798C	798C
798D	798D
798E	798E
798F	798F
7990	7990
7991	7991
7992	7992
7993	7993
7994	7994
7995	7995
7996	7996
7997	7997
7998	7998
7999	7999
799A	799A
799B	799B
799C	799C
799D	799D
799E	799E
799F	799F
79A0	79A0
79A1	79A1
79A2	79A2
79A3	79A3
79A4	79A4
79A5	79A5
79A6	79A6
79A7	79A7
79A8	79A8
79A9	79A9
79AA	79AA
79AB	79AB
79AC	79AC
79AD	79AD
79AE	79AE
79AF	79AF
79B0	79B0
79B1	79B1
79B2	79B2
79B3	79B3
79B4	79B4
79B5	79B5
79B6	79B6
79B7	79B7
79B8	79B8
79B9	79B9
79BA	79BA
79BB	79BB
79BC	79BC
79BD	79BD
79BE	79BE
79BF	79BF
79C0	79C0
79C1	79C1
79C2	79C2
79C3	79C3
79C4	79C4
79C5	79C5
79C6	79C6
79C7	79C7
79C8	79C8
79C9	79C9
79CA	79CA
79CB	79CB
79CC	79CC
79CD	79CD
79CE	79CE
79CF	79CF
79D0	79D0
79D1	79D1
79D2	79D2
79D3	79D3
79D4	79D4
79D5	79D5
79D6	79D6
79D7	79D7
79D8	79D8
79D9	79D9
79DA	79DA
79DB	79DB
79DC	79DC
79DD	79DD
79DE	79DE
79DF	79DF
79E0	79E0
79E1	79E1
79E2	79E2
79E3	79E3
79E4	79E4
79E5	79E5
79E6	79E6
79E7	79E7
79E8	79E8
79E9	79E9
79EA	79EA
79EB	79EB
79EC	79EC
79ED	79ED
79EE	79EE
79EF	79EF
79F0	79F0
79F1	79F1
79F2	79F2
79F3	79F3
79F4	79F4
79F5	79F5
79F6	79F6
79F7	79F7
79F8	79F8
79F9	79F9
79FA	79FA
79FB	79FB
79FC	79FC
79FD	79FD
79FE	79FE
79FF	79FF
7A00	7A00
7A01	7A01
7A02	7A02
7A03	7A03
7A04	7A04
7A05	7A05
7A06	7A06
7A07	7A07
7A08	7A08
7A09	7A09
7A0A	7A0A
7A0B	7A0B
7A0C	7A0C
7A0D	7A0D
7A0E	7A0E
7A0F	7A0F
7A10	7A10
7A11	7A11
7A12	7A12
7A13	7A13
7A14	7A14
7A15	7A15
7A16	7A16
7A17	7A17
7A18	7A18
7A19	7A19
7A1A	7A1A
7A1B	7A1B
7A1C	7A1C
7A1D	7A1D
7A1E	7A1E
7A1F	7A1F
7A20	7A20
7A21	7A21
7A22	7A22
7A23	7A23
7A24	7A24
7A25	7A25
7A26	7A26
7A27	7A27
7A28	7A28
7A29	7A29
7A2A	7A2A
7A2B	7A2B
7A2C	7A2C
7A2D	7A2D
7A2E	7A2E
7A2F	7A2F
7A30	7A30
7A31	7A31
7A32	7A32
7A33	7A33
7A34	7A34
7A35	7A35
7A36	7A36
7A37	7A37
7A38	7A38
7A39	7A39
7A3A	7A3A
7A3B	7A3B
7A3C	7A3C
7A3D	7A3D
7A3E	7A3E
7A3F	7A3F
7A40	7A40
7A41	7A41
7A42	7A42
7A43	7A43
7A44	7A44
7A45	7A45
7A46	7A46
7A47	7A47
7A48	7A48
7A49	7A49
7A4A	7A4A
7A4B	7A4B
7A4C	7A4C
7A4D	7A4D
7A4E	7A4E
7A4F	7A4F
7A50	7A50
7A51	7A51
7A52	7A52
7A53	7A53
7A54	7A54
7A55	7A55
7A56	7A56
7A57	7A57
7A58	7A58
7A59	7A59
7A5A	7A5A
7A5B	7A5B
7A5C	7A5C
7A5D	7A5D
7A5E	7A5E
7A5F	7A5F
7A60	7A60
7A61	7A61
7A62	7A62
7A63	7A63
7A64	7A64
7A65	7A65
7A66	7A66
7A67	7A67
7A68	7A68
7A69	7A69
7A6A	7A6A
7A6B	7A6B
7A6C	7A6C
7A6D	7A6D
7A6E	7A6E
7A6F	7A6F
7A70	7A70
7A71	7A71
7A72	7A72
7A73	7A73
7A74	7A74
7A75	7A75
7A76	7A76
7A77	7A77
7A78	7A78
7A79	7A79
7A7A	7A7A
7A7B	7A7B
7A7C	7A7C
7A7D	7A7D
7A7E	7A7E
7A7F	7A7F
7A80	7A80
7A81	7A81
7A82	7A82
7A83	7A83
7A84	7A84
7A85	7A85
7A86	7A86
7A87	7A87
7A88	7A88
7A89	7A89
7A8A	7A8A
7A8B	7A8B
7A8C	7A8C
7A8D	7A8D
7A8E	7A8E
7A8F	7A8F
7A90	7A90
7A91	7A91
7A92	7A92
7A93	7A93
7A94	7A94
7A95	7A95
7A96	7A96
7A97	7A97
7A98	7A98
7A99	7A99
7A9A	7A9A
7A9B	7A9B
7A9C	7A9C
7A9D	7A9D
7A9E	7A9E
7A9F	7A9F
7AA0	7AA0
7AA1	7AA1
7AA2	7AA2
7AA3	7AA3
7AA4	7AA4
7AA5	7AA5
7AA6	7AA6
7AA7	7AA7
7AA8	7AA8
7AA9	7AA9
7AAA	7AAA
7AAB	7AAB
7AAC	7AAC
7AAD	7AAD
7AAE	7AAE
7AAF	7AAF
7AB0	7AB0
7AB1	7AB1
7AB2	7AB2
7AB3	7AB3
7AB4	7AB4
7AB5	7AB5
7AB6	7AB6
7AB7	7AB7
7AB8	7AB8
7AB9	7AB9
7ABA	7ABA
7ABB	7ABB
7ABC	7ABC
7ABD	7ABD
7ABE	7ABE
7ABF	7ABF
7AC0	7AC0
7AC1	7AC1
7AC2	7AC2
7AC3	7AC3
7AC4	7AC4
7AC5	7AC5
7AC6	7AC6
7AC7	7AC7
7AC8	7AC8
7AC9	7AC9
7ACA	7ACA
7ACB	7ACB
7ACC	7ACC
7ACD	7ACD
7ACE	7ACE
7ACF	7ACF
7AD0	7AD0
7AD1	7AD1
7AD2	7AD2
7AD3	7AD3
7AD4	7AD4
7AD5	7AD5
7AD6	7AD6
7AD7	7AD7
7AD8	7AD8
7AD9	7AD9
7ADA	7ADA
7ADB	7ADB
7ADC	7ADC
7ADD	7ADD
7ADE	7ADE
7ADF	7ADF
7AE0	7AE0
7AE1	7AE1
7AE2	7AE2
7AE3	7AE3
7AE4	7AE4
7AE5	7AE5
7AE6	7AE6
7AE7	7AE7
7AE8	7AE8
7AE9	7AE9
7AEA	7AEA
7AEB	7AEB
7AEC	7AEC
7AED	7AED
7AEE	7AEE
7AEF	7AEF
7AF0	7AF0
7AF1	7AF1
7AF2	7AF2
7AF3	7AF3
7AF4	7AF4
7AF5	7AF5
7AF6	7AF6
7AF7	7AF7
7AF8	7AF8
7AF9	7AF9
7AFA	7AFA
7AFB	7AFB
7AFC	7AFC
7AFD	7AFD
7AFE	7AFE
7AFF	7AFF
7B00	7B00
7B01	7B01
7B02	7B02
7B03	7B03
7B04	7B04
7B05	7B05
7B06	7B06
7B07	7B07
7B08	7B08
7B09	7B09
7B0A	7B0A
7B0B	7B0B
7B0C	7B0C
7B0D	7B0D
7B0E	7B0E
7B0F	7B0F
7B10	7B10
7B11	7B11
7B12	7B12
7B13	7B13
7B14	7B14
7B15	7B15
7B16	7B16
7B17	7B17
7B18	7B18
7B19	7B19
7B1A	7B1A
7B1B	7B1B
7B1C	7B1C
7B1D	7B1D
7B1E	7B1E
7B1F	7B1F
7B20	7B20
7B21	7B21
7B22	7B22
7B23	7B23
7B24	7B24
7B25	7B25
7B26	7B26
7B27	7B27
7B28	7B28
7B29	7B29
7B2A	7B2A
7B2B	7B2B
7B2C	7B2C
7B2D	7B2D
7B2E	7B2E
7B2F	7B2F
7B30	7B30
7B31	7B31
7B32	7B32
7B33	7B33
7B34	7B34
7B35	7B35
7B36	7B36
7B37	7B37
7B38	7B38
7B39	7B39
7B3A	7B3A
7B3B	7B3B
7B3C	7B3C
7B3D	7B3D
7B3E	7B3E
7B3F	7B3F
7B40	7B40
7B41	7B41
7B42	7B42
7B43	7B43
7B44	7B44
7B45	7B45
7B46	7B46
7B47	7B47
7B48	7B48
7B49	7B49
7B4A	7B4A
7B4B	7B4B
7B4C	7B4C
7B4D	7B4D
7B4E	7B4E
7B4F	7B4F
7B50	7B50
7B51	7B51
7B52	7B52
7B53	7B53
7B54	7B54
7B55	7B55
7B56	7B56
7B57	7B57
7B58	7B58
7B59	7B59
7B5A	7B5A
7B5B	7B5B
7B5C	7B5C
7B5D	7B5D
7B5E	7B5E
7B5F	7B5F
7B60	7B60
7B61	7B61
7B62	7B62
7B63	7B63
7B64	7B64
7B65	7B65
7B66	7B66
7B67	7B67
7B68	7B68
7B69	7B69
7B6A	7B6A
7B6B	7B6B
7B6C	7B6C
7B6D	7B6D
7B6E	7B6E
7B6F	7B6F
7B70	7B70
7B71	7B71
7B72	7B72
7B73	7B73
7B74	7B74
7B75	7B75
7B76	7B76
7B77	7B77
7B78	7B78
7B79	7B79
7B7A	7B7A
7B7B	7B7B
7B7C	7B7C
7B7D	7B7D
7B7E	7B7E
7B7F	7B7F
7B80	7B80
7B81	7B81
7B82	7B82
7B83	7B83
7B84	7B84
7B85	7B85
7B86	7B86
7B87	7B87
7B88	7B88
7B89	7B89
7B8A	7B8A
7B8B	7B8B
7B8C	7B8C
7B8D	7B8D
7B8E	7B8E
7B8F	7B8F
7B90	7B90
7B91	7B91
7B92	7B92
7B93	7B93
7B94	7B94
7B95	7B95
7B96	7B96
7B97	7B97
7B98	7B98
7B99	7B99
7B9A	7B9A
7B9B	7B9B
7B9C	7B9C
7B9D	7B9D
7B9E	7B9E
7B9F	7B9F
7BA0	7BA0
7BA1	7BA1
7BA2	7BA2
7BA3	7BA3
7BA4	7BA4
7BA5	7BA5
7BA6	7BA6
7BA7	7BA7
7BA8	7BA8
7BA9	7BA9
7BAA	7BAA
7BAB	7BAB
7BAC	7BAC
7BAD	7BAD
7BAE	7BAE
7BAF	7BAF
7BB0	7BB0
7BB1	7BB1
7BB2	7BB2
7BB3	7BB3
7BB4	7BB4
7BB5	7BB5
7BB6	7BB6
7BB7	7BB7
7BB8	7BB8
7BB9	7BB9
7BBA	7BBA
7BBB	7BBB
7BBC	7BBC
7BBD	7BBD
7BBE	7BBE
7BBF	7BBF
7BC0	7BC0
7BC1	7BC1
7BC2	7BC2
7BC3	7BC3
7BC4	7BC4
7BC5	7BC5
7BC6	7BC6
7BC7	7BC7
7BC8	7BC8
7BC9	7BC9
7BCA	7BCA
7BCB	7BCB
7BCC	7BCC
7BCD	7BCD
7BCE	7BCE
7BCF	7BCF
7BD0	7BD0
7BD1	7BD1
7BD2	7BD2
7BD3	7BD3
7BD4	7BD4
7BD5	7BD5
7BD6	7BD6
7BD7	7BD7
7BD8	7BD8
7BD9	7BD9
7BDA	7BDA
7BDB	7BDB
7BDC	7BDC
7BDD	7BDD
7BDE	7BDE
7BDF	7BDF
7BE0	7BE0
7BE1	7BE1
7BE2	7BE2
7BE3	7BE3
7BE4	7BE4
7BE5	7BE5
7BE6	7BE6
7BE7	7BE7
7BE8	7BE8
7BE9	7BE9
7BEA	7BEA
7BEB	7BEB
7BEC	7BEC
7BED	7BED
7BEE	7BEE
7BEF	7BEF
7BF0	7BF0
7BF1	7BF1
7BF2	7BF2
7BF3	7BF3
7BF4	7BF4
7BF5	7BF5
7BF6	7BF6
7BF7	7BF7
7BF8	7BF8
7BF9	7BF9
7BFA	7BFA
7BFB	7BFB
7BFC	7BFC
7BFD	7BFD
7BFE	7BFE
7BFF	7BFF
7C00	7C00
7C01	7C01
7C02	7C02
7C03	7C03
7C04	7C04
7C05	7C05
7C06	7C06
7C07	7C07
7C08	7C08
7C09	7C09
7C0A	7C0A
7C0B	7C0B
7C0C	7C0C
7C0D	7C0D
7C0E	7C0E
7C0F	7C0F
7C10	7C10
7C11	7C11
7C12	7C12
7C13	7C13
7C14	7C14
7C15	7C15
7C16	7C16
7C17	7C17
7C18	7C18
7C19	7C19
7C1A	7C1A
7C1B	7C1B
7C1C	7C1C
7C1D	7C1D
7C1E	7C1E
7C1F	7C1F
7C20	7C20
7C21	7C21
7C22	7C22
7C23	7C23
7C24	7C24
7C25	7C25
7C26	7C26
7C27	7C27
7C28	7C28
7C29	7C29
7C2A	7C2A
7C2B	7C2B
7C2C	7C2C
7C2D	7C2D
7C2E	7C2E
7C2F	7C2F
7C30	7C30
7C31	7C31
7C32	7C32
7C33	7C33
7C34	7C34
7C35	7C35
7C36	7C36
7C37	7C37
7C38	7C38
7C39	7C39
7C3A	7C3A
7C3B	7C3B
7C3C	7C3C
7C3D	7C3D
7C3E	7C3E
7C3F	7C3F
7C40	7C40
7C41	7C41
7C42	7C42
7C43	7C43
7C44	7C44
7C45	7C45
7C46	7C46
7C47	7C47
7C48	7C48
7C49	7C49
7C4A	7C4A
7C4B	7C4B
7C4C	7C4C
7C4D	7C4D
7C4E	7C4E
7C4F	7C4F
7C50	7C50
7C51	7C51
7C52	7C52
7C53	7C53
7C54	7C54
7C55	7C55
7C56	7C56
7C57	7C57
7C58	7C58
7C59	7C59
7C5A	7C5A
7C5B	7C5B
7C5C	7C5C
7C5D	7C5D
7C5E	7C5E
7C5F	7C5F
7C60	7C60
7C61	7C61
7C62	7C62
7C63	7C63
7C64	7C64
7C65	7C65
7C66	7C66
7C67	7C67
7C68	7C68
7C69	7C69
7C6A	7C6A
7C6B	7C6B
7C6C	7C6C
7C6D	7C6D
7C6E	7C6E
7C6F	7C6F
7C70	7C70
7C71	7C71
7C72	7C72
7C73	7C73
7C74	7C74
7C75	7C75
7C76	7C76
7C77	7C77
7C78	7C78
7C79	7C79
7C7A	7C7A
7C7B	7C7B
7C7C	7C7C
7C7D	7C7D
7C7E	7C7E
7C7F	7C7F
7C80	7C80
7C81	7C81
7C82	7C82
7C83	7C83
7C84	7C84
7C85	7C85
7C86	7C86
7C87	7C87
7C88	7C88
7C89	7C89
7C8A	7C8A
7C8B	7C8B
7C8C	7C8C
7C8D	7C8D
7C8E	7C8E
7C8F	7C8F
7C90	7C90
7C91	7C91
7C92	7C92
7C93	7C93
7C94	7C94
7C95	7C95
7C96	7C96
7C97	7C97
7C98	7C98
7C99	7C99
7C9A	7C9A
7C9B	7C9B
7C9C	7C9C
7C9D	7C9D
7C9E	7C9E
7C9F	7C9F
7CA0	7CA0
7CA1	7CA1
7CA2	7CA2
7CA3	7CA3
7CA4	7CA4
7CA5	7CA5
7CA6	7CA6
7CA7	7CA7
7CA8	7CA8
7CA9	7CA9
7CAA	7CAA
7CAB	7CAB
7CAC	7CAC
7CAD	7CAD
7CAE	7CAE
7CAF	7CAF
7CB0	7CB0
7CB1	7CB1
7CB2	7CB2
7CB3	7CB3
7CB4	7CB4
7CB5	7CB5
7CB6	7CB6
7CB7	7CB7
7CB8	7CB8
7CB9	7CB9
7CBA	7CBA
7CBB	7CBB
7CBC	7CBC
7CBD	7CBD
7CBE	7CBE
7CBF	7CBF
7CC0	7CC0
7CC1	7CC1
7CC2	7CC2
7CC3	7CC3
7CC4	7CC4
7CC5	7CC5
7CC6	7CC6
7CC7	7CC7
7CC8	7CC8
7CC9	7CC9
7CCA	7CCA
7CCB	7CCB
7CCC	7CCC
7CCD	7CCD
7CCE	7CCE
7CCF	7CCF
7CD0	7CD0
7CD1	7CD1
7CD2	7CD2
7CD3	7CD3
7CD4	7CD4
7CD5	7CD5
7CD6	7CD6
7CD7	7CD7
7CD8	7CD8
7CD9	7CD9
7CDA	7CDA
7CDB	7CDB
7CDC	7CDC
7CDD	7CDD
7CDE	7CDE
7CDF	7CDF
7CE0	7CE0
7CE1	7CE1
7CE2	7CE2
7CE3	7CE3
7CE4	7CE4
7CE5	7CE5
7CE6	7CE6
7CE7	7CE7
7CE8	7CE8
7CE9	7CE9
7CEA	7CEA
7CEB	7CEB
7CEC	7CEC
7CED	7CED
7CEE	7CEE
7CEF	7CEF
7CF0	7CF0
7CF1	7CF1
7CF2	7CF2
7CF3	7CF3
7CF4	7CF4
7CF5	7CF5
7CF6	7CF6
7CF7	7CF7
7CF8	7CF8
7CF9	7CF9
7CFA	7CFA
7CFB	7CFB
7CFC	7CFC
7CFD	7CFD
7CFE	7CFE
7CFF	7CFF
7D00	7D00
7D01	7D01
7D02	7D02
7D03	7D03
7D04	7D04
7D05	7D05
7D06	7D06
7D07	7D07
7D08	7D08
7D09	7D09
7D0A	7D0A
7D0B	7D0B
7D0C	7D0C
7D0D	7D0D
7D0E	7D0E
7D0F	7D0F
7D10	7D10
7D11	7D11
7D12	7D12
7D13	7D13
7D14	7D14
7D15	7D15
7D16	7D16
7D17	7D17
7D18	7D18
7D19	7D19
7D1A	7D1A
7D1B	7D1B
7D1C	7D1C
7D1D	7D1D
7D1E	7D1E
7D1F	7D1F
7D20	7D20
7D21	7D21
7D22	7D22
7D23	7D23
7D24	7D24
7D25	7D25
7D26	7D26
7D27	7D27
7D28	7D28
7D29	7D29
7D2A	7D2A
7D2B	7D2B
7D2C	7D2C
7D2D	7D2D
7D2E	7D2E
7D2F	7D2F
7D30	7D30
7D31	7D31
7D32	7D32
7D33	7D33
7D34	7D34
7D35	7D35
7D36	7D36
7D37	7D37
7D38	7D38
7D39	7D39
7D3A	7D3A
7D3B	7D3B
7D3C	7D3C
7D3D	7D3D
7D3E	7D3E
7D3F	7D3F
7D40	7D40
7D41	7D41
7D42	7D42
7D43	7D43
7D44	7D44
7D45	7D45
7D46	7D46
7D47	7D47
7D48	7D48
7D49	7D49
7D4A	7D4A
7D4B	7D4B
7D4C	7D4C
7D4D	7D4D
7D4E	7D4E
7D4F	7D4F
7D50	7D50
7D51	7D51
7D52	7D52
7D53	7D53
7D54	7D54
7D55	7D55
7D56	7D56
7D57	7D57
7D58	7D58
7D59	7D59
7D5A	7D5A
7D5B	7D5B
7D5C	7D5C
7D5D	7D5D
7D5E	7D5E
7D5F	7D5F
7D60	7D60
7D61	7D61
7D62	7D62
7D63	7D63
7D64	7D64
7D65	7D65
7D66	7D66
7D67	7D67
7D68	7D68
7D69	7D69
7D6A	7D6A
7D6B	7D6B
7D6C	7D6C
7D6D	7D6D
7D6E	7D6E
7D6F	7D6F
7D70	7D70
7D71	7D71
7D72	7D72
7D73	7D73
7D74	7D74
7D75	7D75
7D76	7D76
7D77	7D77
7D78	7D78
7D79	7D79
7D7A	7D7A
7D7B	7D7B
7D7C	7D7C
7D7D	7D7D
7D7E	7D7E
7D7F	7D7F
7D80	7D80
7D81	7D81
7D82	7D82
7D83	7D83
7D84	7D84
7D85	7D85
7D86	7D86
7D87	7D87
7D88	7D88
7D89	7D89
7D8A	7D8A
7D8B	7D8B
7D8C	7D8C
7D8D	7D8D
7D8E	7D8E
7D8F	7D8F
7D90	7D90
7D91	7D91
7D92	7D92
7D93	7D93
7D94	7D94
7D95	7D95
7D96	7D96
7D97	7D97
7D98	7D98
7D99	7D99
7D9A	7D9A
7D9B	7D9B
7D9C	7D9C
7D9D	7D9D
7D9E	7D9E
7D9F	7D9F
7DA0	7DA0
7DA1	7DA1
7DA2	7DA2
7DA3	7DA3
7DA4	7DA4
7DA5	7DA5
7DA6	7DA6
7DA7	7DA7
7DA8	7DA8
7DA9	7DA9
7DAA	7DAA
7DAB	7DAB
7DAC	7DAC
7DAD	7DAD
7DAE	7DAE
7DAF	7DAF
7DB0	7DB0
7DB1	7DB1
7DB2	7DB2
7DB3	7DB3
7DB4	7DB4
7DB5	7DB5
7DB6	7DB6
7DB7	7DB7
7DB8	7DB8
7DB9	7DB9
7DBA	7DBA
7DBB	7DBB
7DBC	7DBC
7DBD	7DBD
7DBE	7DBE
7DBF	7DBF
7DC0	7DC0
7DC1	7DC1
7DC2	7DC2
7DC3	7DC3
7DC4	7DC4
7DC5	7DC5
7DC6	7DC6
7DC7	7DC7
7DC8	7DC8
7DC9	7DC9
7DCA	7DCA
7DCB	7DCB
7DCC	7DCC
7DCD	7DCD
7DCE	7DCE
7DCF	7DCF
7DD0	7DD0
7DD1	7DD1
7DD2	7DD2
7DD3	7DD3
7DD4	7DD4
7DD5	7DD5
7DD6	7DD6
7DD7	7DD7
7DD8	7DD8
7DD9	7DD9
7DDA	7DDA
7DDB	7DDB
7DDC	7DDC
7DDD	7DDD
7DDE	7DDE
7DDF	7DDF
7DE0	7DE0
7DE1	7DE1
7DE2	7DE2
7DE3	7DE3
7DE4	7DE4
7DE5	7DE5
7DE6	7DE6
7DE7	7DE7
7DE8	7DE8
7DE9	7DE9
7DEA	7DEA
7DEB	7DEB
7DEC	7DEC
7DED	7DED
7DEE	7DEE
7DEF	7DEF
7DF0	7DF0
7DF1	7DF1
7DF2	7DF2
7DF3	7DF3
7DF4	7DF4
7DF5	7DF5
7DF6	7DF6
7DF7	7DF7
7DF8	7DF8
7DF9	7DF9
7DFA	7DFA
7DFB	7DFB
7DFC	7DFC
7DFD	7DFD
7DFE	7DFE
7DFF	7DFF
7E00	7E00
7E01	7E01
7E02	7E02
7E03	7E03
7E04	7E04
7E05	7E05
7E06	7E06
7E07	7E07
7E08	7E08
7E09	7E09
7E0A	7E0A
7E0B	7E0B
7E0C	7E0C
7E0D	7E0D
7E0E	7E0E
7E0F	7E0F
7E10	7E10
7E11	7E11
7E12	7E12
7E13	7E13
7E14	7E14
7E15	7E15
7E16	7E16
7E17	7E17
7E18	7E18
7E19	7E19
7E1A	7E1A
7E1B	7E1B
7E1C	7E1C
7E1D	7E1D
7E1E	7E1E
7E1F	7E1F
7E20	7E20
7E21	7E21
7E22	7E22
7E23	7E23
7E24	7E24
7E25	7E25
7E26	7E26
7E27	7E27
7E28	7E28
7E29	7E29
7E2A	7E2A
7E2B	7E2B
7E2C	7E2C
7E2D	7E2D
7E2E	7E2E
7E2F	7E2F
7E30	7E30
7E31	7E31
7E32	7E32
7E33	7E33
7E34	7E34
7E35	7E35
7E36	7E36
7E37	7E37
7E38	7E38
7E39	7E39
7E3A	7E3A
7E3B	7E3B
7E3C	7E3C
7E3D	7E3D
7E3E	7E3E
7E3F	7E3F
7E40	7E40
7E41	7E41
7E42	7E42
7E43	7E43
7E44	7E44
7E45	7E45
7E46	7E46
7E47	7E47
7E48	7E48
7E49	7E49
7E4A	7E4A
7E4B	7E4B
7E4C	7E4C
7E4D	7E4D
7E4E	7E4E
7E4F	7E4F
7E50	7E50
7E51	7E51
7E52	7E52
7E53	7E53
7E54	7E54
7E55	7E55
7E56	7E56
7E57	7E57
7E58	7E58
7E59	7E59
7E5A	7E5A
7E5B	7E5B
7E5C	7E5C
7E5D	7E5D
7E5E	7E5E
7E5F	7E5F
7E60	7E60
7E61	7E61
7E62	7E62
7E63	7E63
7E64	7E64
7E65	7E65
7E66	7E66
7E67	7E67
7E68	7E68
7E69	7E69
7E6A	7E6A
7E6B	7E6B
7E6C	7E6C
7E6D	7E6D
7E6E	7E6E
7E6F	7E6F
7E70	7E70
7E71	7E71
7E72	7E72
7E73	7E73
7E74	7E74
7E75	7E75
7E76	7E76
7E77	7E77
7E78	7E78
7E79	7E79
7E7A	7E7A
7E7B	7E7B
7E7C	7E7C
7E7D	7E7D
7E7E	7E7E
7E7F	7E7F
7E80	7E80
7E81	7E81
7E82	7E82
7E83	7E83
7E84	7E84
7E85	7E85
7E86	7E86
7E87	7E87
7E88	7E88
7E89	7E89
7E8A	7E8A
7E8B	7E8B
7E8C	7E8C
7E8D	7E8D
7E8E	7E8E
7E8F	7E8F
7E90	7E90
7E91	7E91
7E92	7E92
7E93	7E93
7E94	7E94
7E95	7E95
7E96	7E96
7E97	7E97
7E98	7E98
7E99	7E99
7E9A	7E9A
7E9B	7E9B
7E9C	7E9C
7E9D	7E9D
7E9E	7E9E
7E9F	7E9F
7EA0	7EA0
7EA1	7EA1
7EA2	7EA2
7EA3	7EA3
7EA4	7EA4
7EA5	7EA5
7EA6	7EA6
7EA7	7EA7
7EA8	7EA8
7EA9	7EA9
7EAA	7EAA
7EAB	7EAB
7EAC	7EAC
7EAD	7EAD
7EAE	7EAE
7EAF	7EAF
7EB0	7EB0
7EB1	7EB1
7EB2	7EB2
7EB3	7EB3
7EB4	7EB4
7EB5	7EB5
7EB6	7EB6
7EB7	7EB7
7EB8	7EB8
7EB9	7EB9
7EBA	7EBA
7EBB	7EBB
7EBC	7EBC
7EBD	7EBD
7EBE	7EBE
7EBF	7EBF
7EC0	7EC0
7EC1	7EC1
7EC2	7EC2
7EC3	7EC3
7EC4	7EC4
7EC5	7EC5
7EC6	7EC6
7EC7	7EC7
7EC8	7EC8
7EC9	7EC9
7ECA	7ECA
7ECB	7ECB
7ECC	7ECC
7ECD	7ECD
7ECE	7ECE
7ECF	7ECF
7ED0	7ED0
7ED1	7ED1
7ED2	7ED2
7ED3	7ED3
7ED4	7ED4
7ED5	7ED5
7ED6	7ED6
7ED7	7ED7
7ED8	7ED8
7ED9	7ED9
7EDA	7EDA
7EDB	7EDB
7EDC	7EDC
7EDD	7EDD
7EDE	7EDE
7EDF	7EDF
7EE0	7EE0
7EE1	7EE1
7EE2	7EE2
7EE3	7EE3
7EE4	7EE4
7EE5	7EE5
7EE6	7EE6
7EE7	7EE7
7EE8	7EE8
7EE9	7EE9
7EEA	7EEA
7EEB	7EEB
7EEC	7EEC
7EED	7EED
7EEE	7EEE
7EEF	7EEF
7EF0	7EF0
7EF1	7EF1
7EF2	7EF2
7EF3	7EF3
7EF4	7EF4
7EF5	7EF5
7EF6	7EF6
7EF7	7EF7
7EF8	7EF8
7EF9	7EF9
7EFA	7EFA
7EFB	7EFB
7EFC	7EFC
7EFD	7EFD
7EFE	7EFE
7EFF	7EFF
7F00	7F00
7F01	7F01
7F02	7F02
7F03	7F03
7F04	7F04
7F05	7F05
7F06	7F06
7F07	7F07
7F08	7F08
7F09	7F09
7F0A	7F0A
7F0B	7F0B
7F0C	7F0C
7F0D	7F0D
7F0E	7F0E
7F0F	7F0F
7F10	7F10
7F11	7F11
7F12	7F12
7F13	7F13
7F14	7F14
7F15	7F15
7F16	7F16
7F17	7F17
7F18	7F18
7F19	7F19
7F1A	7F1A
7F1B	7F1B
7F1C	7F1C
7F1D	7F1D
7F1E	7F1E
7F1F	7F1F
7F20	7F20
7F21	7F21
7F22	7F22
7F23	7F23
7F24	7F24
7F25	7F25
7F26	7F26
7F27	7F27
7F28	7F28
7F29	7F29
7F2A	7F2A
7F2B	7F2B
7F2C	7F2C
7F2D	7F2D
7F2E	7F2E
7F2F	7F2F
7F30	7F30
7F31	7F31
7F32	7F32
7F33	7F33
7F34	7F34
7F35	7F35
7F36	7F36
7F37	7F37
7F38	7F38
7F39	7F39
7F3A	7F3A
7F3B	7F3B
7F3C	7F3C
7F3D	7F3D
7F3E	7F3E
7F3F	7F3F
7F40	7F40
7F41	7F41
7F42	7F42
7F43	7F43
7F44	7F44
7F45	7F45
7F46	7F46
7F47	7F47
7F48	7F48
7F49	7F49
7F4A	7F4A
7F4B	7F4B
7F4C	7F4C
7F4D	7F4D
7F4E	7F4E
7F4F	7F4F
7F50	7F50
7F51	7F51
7F52	7F52
7F53	7F53
7F54	7F54
7F55	7F55
7F56	7F56
7F57	7F57
7F58	7F58
7F59	7F59
7F5A	7F5A
7F5B	7F5B
7F5C	7F5C
7F5D	7F5D
7F5E	7F5E
7F5F	7F5F
7F60	7F60
7F61	7F61
7F62	7F62
7F63	7F63
7F64	7F64
7F65	7F65
7F66	7F66
7F67	7F67
7F68	7F68
7F69	7F69
7F6A	7F6A
7F6B	7F6B
7F6C	7F6C
7F6D	7F6D
7F6E	7F6E
7F6F	7F6F
7F70	7F70
7F71	7F71
7F72	7F72
7F73	7F73
7F74	7F74
7F75	7F75
7F76	7F76
7F77	7F77
7F78	7F78
7F79	7F79
7F7A	7F7A
7F7B	7F7B
7F7C	7F7C
7F7D	7F7D
7F7E	7F7E
7F7F	7F7F
7F80	7F80
7F81	7F81
7F82	7F82
7F83	7F83
7F84	7F84
7F85	7F85
7F86	7F86
7F87	7F87
7F88	7F88
7F89	7F89
7F8A	7F8A
7F8B	7F8B
7F8C	7F8C
7F8D	7F8D
7F8E	7F8E
7F8F	7F8F
7F90	7F90
7F91	7F91
7F92	7F92
7F93	7F93
7F94	7F94
7F95	7F95
7F96	7F96
7F97	7F97
7F98	7F98
7F99	7F99
7F9A	7F9A
7F9B	7F9B
7F9C	7F9C
7F9D	7F9D
7F9E	7F9E
7F9F	7F9F
7FA0	7FA0
7FA1	7FA1
7FA2	7FA2
7FA3	7FA3
7FA4	7FA4
7FA5	7FA5
7FA6	7FA6
7FA7	7FA7
7FA8	7FA8
7FA9	7FA9
7FAA	7FAA
7FAB	7FAB
7FAC	7FAC
7FAD	7FAD
7FAE	7FAE
7FAF	7FAF
7FB0	7FB0
7FB1	7FB1
7FB2	7FB2
7FB3	7FB3
7FB4	7FB4
7FB5	7FB5
7FB6	7FB6
7FB7	7FB7
7FB8	7FB8
7FB9	7FB9
7FBA	7FBA
7FBB	7FBB
7FBC	7FBC
7FBD	7FBD
7FBE	7FBE
7FBF	7FBF
7FC0	7FC0
7FC1	7FC1
7FC2	7FC2
7FC3	7FC3
7FC4	7FC4
7FC5	7FC5
7FC6	7FC6
7FC7	7FC7
7FC8	7FC8
7FC9	7FC9
7FCA	7FCA
7FCB	7FCB
7FCC	7FCC
7FCD	7FCD
7FCE	7FCE
7FCF	7FCF
7FD0	7FD0
7FD1	7FD1
7FD2	7FD2
7FD3	7FD3
7FD4	7FD4
7FD5	7FD5
7FD6	7FD6
7FD7	7FD7
7FD8	7FD8
7FD9	7FD9
7FDA	7FDA
7FDB	7FDB
7FDC	7FDC
7FDD	7FDD
7FDE	7FDE
7FDF	7FDF
7FE0	7FE0
7FE1	7FE1
7FE2	7FE2
7FE3	7FE3
7FE4	7FE4
7FE5	7FE5
7FE6	7FE6
7FE7	7FE7
7FE8	7FE8
7FE9	7FE9
7FEA	7FEA
7FEB	7FEB
7FEC	7FEC
7FED	7FED
7FEE	7FEE
7FEF	7FEF
7FF0	7FF0
7FF1	7FF1
7FF2	7FF2
7FF3	7FF3
7FF4	7FF4
7FF5	7FF5
7FF6	7FF6
7FF7	7FF7
7FF8	7FF8
7FF9	7FF9
7FFA	7FFA
7FFB	7FFB
7FFC	7FFC
7FFD	7FFD
7FFE	7FFE
7FFF	7FFF
8000	8000
8001	8001
8002	8002
8003	8003
8004	8004
8005	8005
8006	8006
8007	8007
8008	8008
8009	8009
800A	800A
800B	800B
800C	800C
800D	800D
800E	800E
800F	800F
8010	8010
8011	8011
8012	8012
8013	8013
8014	8014
8015	8015
8016	8016
8017	8017
8018	8018
8019	8019
801A	801A
801B	801B
801C	801C
801D	801D
801E	801E
801F	801F
8020	8020
8021	8021
8022	8022
8023	8023
8024	8024
8025	8025
8026	8026
8027	8027
8028	8028
8029	8029
802A	802A
802B	802B
802C	802C
802D	802D
802E	802E
802F	802F
8030	8030
8031	8031
8032	8032
8033	8033
8034	8034
8035	8035
8036	8036
8037	8037
8038	8038
8039	8039
803A	803A
803B	803B
803C	803C
803D	803D
803E	803E
803F	803F
8040	8040
8041	8041
8042	8042
8043	8043
8044	8044
8045	8045
8046	8046
8047	8047
8048	8048
8049	8049
804A	804A
804B	804B
804C	804C
804D	804D
804E	804E
804F	804F
8050	8050
8051	8051
8052	8052
8053	8053
8054	8054
8055	8055
8056	8056
8057	8057
8058	8058
8059	8059
805A	805A
805B	805B
805C	805C
805D	805D
805E	805E
805F	805F
8060	8060
8061	8061
8062	8062
8063	8063
8064	8064
8065	8065
8066	8066
8067	8067
8068	8068
8069	8069
806A	806A
806B	806B
806C	806C
806D	806D
806E	806E
806F	806F
8070	8070
8071	8071
8072	8072
8073	8073
8074	8074
8075	8075
8076	8076
8077	8077
8078	8078
8079	8079
807A	807A
807B	807B
807C	807C
807D	807D
807E	807E
807F	807F
8080	8080
8081	8081
8082	8082
8083	8083
8084	8084
8085	8085
8086	8086
8087	8087
8088	8088
8089	8089
808A	808A
808B	808B
808C	808C
808D	808D
808E	808E
808F	808F
8090	8090
8091	8091
8092	8092
8093	8093
8094	8094
8095	8095
8096	8096
8097	8097
8098	8098
8099	8099
809A	809A
809B	809B
809C	809C
809D	809D
809E	809E
809F	809F
80A0	80A0
80A1	80A1
80A2	80A2
80A3	80A3
80A4	80A4
80A5	80A5
80A6	80A6
80A7	80A7
80A8	80A8
80A9	80A9
80AA	80AA
80AB	80AB
80AC	80AC
80AD	80AD
80AE	80AE
80AF	80AF
80B0	80B0
80B1	80B1
80B2	80B2
80B3	80B3
80B4	80B4
80B5	80B5
80B6	80B6
80B7	80B7
80B8	80B8
80B9	80B9
80BA	80BA
80BB	80BB
80BC	80BC
80BD	80BD
80BE	80BE
80BF	80BF
80C0	80C0
80C1	80C1
80C2	80C2
80C3	80C3
80C4	80C4
80C5	80C5
80C6	80C6
80C7	80C7
80C8	80C8
80C9	80C9
80CA	80CA
80CB	80CB
80CC	80CC
80CD	80CD
80CE	80CE
80CF	80CF
80D0	80D0
80D1	80D1
80D2	80D2
80D3	80D3
80D4	80D4
80D5	80D5
80D6	80D6
80D7	80D7
80D8	80D8
80D9	80D9
80DA	80DA
80DB	80DB
80DC	80DC
80DD	80DD
80DE	80DE
80DF	80DF
80E0	80E0
80E1	80E1
80E2	80E2
80E3	80E3
80E4	80E4
80E5	80E5
80E6	80E6
80E7	80E7
80E8	80E8
80E9	80E9
80EA	80EA
80EB	80EB
80EC	80EC
80ED	80ED
80EE	80EE
80EF	80EF
80F0	80F0
80F1	80F1
80F2	80F2
80F3	80F3
80F4	80F4
80F5	80F5
80F6	80F6
80F7	80F7
80F8	80F8
80F9	80F9
80FA	80FA
80FB	80FB
80FC	80FC
80FD	80FD
80FE	80FE
80FF	80FF
8100	8100
8101	8101
8102	8102
8103	8103
8104	8104
8105	8105
8106	8106
8107	8107
8108	8108
8109	8109
810A	810A
810B	810B
810C	810C
810D	810D
810E	810E
810F	810F
8110	8110
8111	8111
8112	8112
8113	8113
8114	8114
8115	8115
8116	8116
8117	8117
8118	8118
8119	8119
811A	811A
811B	811B
811C	811C
811D	811D
811E	811E
811F	811F
8120	8120
8121	8121
8122	8122
8123	8123
8124	8124
8125	8125
8126	8126
8127	8127
8128	8128
8129	8129
812A	812A
812B	812B
812C	812C
812D	812D
812E	812E
812F	812F
8130	8130
8131	8131
8132	8132
8133	8133
8134	8134
8135	8135
8136	8136
8137	8137
8138	8138
8139	8139
813A	813A
813B	813B
813C	813C
813D	813D
813E	813E
813F	813F
8140	8140
8141	8141
8142	8142
8143	8143
8144	8144
8145	8145
8146	8146
8147	8147
8148	8148
8149	8149
814A	814A
814B	814B
814C	814C
814D	814D
814E	814E
814F	814F
8150	8150
8151	8151
8152	8152
8153	8153
8154	8154
8155	8155
8156	8156
8157	8157
8158	8158
8159	8159
815A	815A
815B	815B
815C	815C
815D	815D
815E	815E
815F	815F
8160	8160
8161	8161
8162	8162
8163	8163
8164	8164
8165	8165
8166	8166
8167	8167
8168	8168
8169	8169
816A	816A
816B	816B
816C	816C
816D	816D
816E	816E
816F	816F
8170	8170
8171	8171
8172	8172
8173	8173
8174	8174
8175	8175
8176	8176
8177	8177
8178	8178
8179	8179
817A	817A
817B	817B
817C	817C
817D	817D
817E	817E
817F	817F
8180	8180
8181	8181
8182	8182
8183	8183
8184	8184
8185	8185
8186	8186
8187	8187
8188	8188
8189	8189
818A	818A
818B	818B
818C	818C
818D	818D
818E	818E
818F	818F
8190	8190
8191	8191
8192	8192
8193	8193
8194	8194
8195	8195
8196	8196
8197	8197
8198	8198
8199	8199
819A	819A
819B	819B
819C	819C
819D	819D
819E	819E
819F	819F
81A0	81A0
81A1	81A1
81A2	81A2
81A3	81A3
81A4	81A4
81A5	81A5
81A6	81A6
81A7	81A7
81A8	81A8
81A9	81A9
81AA	81AA
81AB	81AB
81AC	81AC
81AD	81AD
81AE	81AE
81AF	81AF
81B0	81B0
81B1	81B1
81B2	81B2
81B3	81B3
81B4	81B4
81B5	81B5
81B6	81B6
81B7	81B7
81B8	81B8
81B9	81B9
81BA	81BA
81BB	81BB
81BC	81BC
81BD	81BD
81BE	81BE
81BF	81BF
81C0	81C0
81C1	81C1
81C2	81C2
81C3	81C3
81C4	81C4
81C5	81C5
81C6	81C6
81C7	81C7
81C8	81C8
81C9	81C9
81CA	81CA
81CB	81CB
81CC	81CC
81CD	81CD
81CE	81CE
81CF	81CF
81D0	81D0
81D1	81D1
81D2	81D2
81D3	81D3
81D4	81D4
81D5	81D5
81D6	81D6
81D7	81D7
81D8	81D8
81D9	81D9
81DA	81DA
81DB	81DB
81DC	81DC
81DD	81DD
81DE	81DE
81DF	81DF
81E0	81E0
81E1	81E1
81E2	81E2
81E3	81E3
81E4	81E4
81E5	81E5
81E6	81E6
81E7	81E7
81E8	81E8
81E9	81E9
81EA	81EA
81EB	81EB
81EC	81EC
81ED	81ED
81EE	81EE
81EF	81EF
81F0	81F0
81F1	81F1
81F2	81F2
81F3	81F3
81F4	81F4
81F5	81F5
81F6	81F6
81F7	81F7
81F8	81F8
81F9	81F9
81FA	81FA
81FB	81FB
81FC	81FC
81FD	81FD
81FE	81FE
81FF	81FF
8200	8200
8201	8201
8202	8202
8203	8203
8204	8204
8205	8205
8206	8206
8207	8207
8208	8208
8209	8209
820A	820A
820B	820B
820C	820C
820D	820D
820E	820E
820F	820F
8210	8210
8211	8211
8212	8212
8213	8213
8214	8214
8215	8215
8216	8216
8217	8217
8218	8218
8219	8219
821A	821A
821B	821B
821C	821C
821D	821D
821E	821E
821F	821F
8220	8220
8221	8221
8222	8222
8223	8223
8224	8224
8225	8225
8226	8226
8227	8227
8228	8228
8229	8229
822A	822A
822B	822B
822C	822C
822D	822D
822E	822E
822F	822F
8230	8230
8231	8231
8232	8232
8233	8233
8234	8234
8235	8235
8236	8236
8237	8237
8238	8238
8239	8239
823A	823A
823B	823B
823C	823C
823D	823D
823E	823E
823F	823F
8240	8240
8241	8241
8242	8242
8243	8243
8244	8244
8245	8245
8246	8246
8247	8247
8248	8248
8249	8249
824A	824A
824B	824B
824C	824C
824D	824D
824E	824E
824F	824F
8250	8250
8251	8251
8252	8252
8253	8253
8254	8254
8255	8255
8256	8256
8257	8257
8258	8258
8259	8259
825A	825A
825B	825B
825C	825C
825D	825D
825E	825E
825F	825F
8260	8260
8261	8261
8262	8262
8263	8263
8264	8264
8265	8265
8266	8266
8267	8267
8268	8268
8269	8269
826A	826A
826B	826B
826C	826C
826D	826D
826E	826E
826F	826F
8270	8270
8271	8271
8272	8272
8273	8273
8274	8274
8275	8275
8276	8276
8277	8277
8278	8278
8279	8279
827A	827A
827B	827B
827C	827C
827D	827D
827E	827E
827F	827F
8280	8280
8281	8281
8282	8282
8283	8283
8284	8284
8285	8285
8286	8286
8287	8287
8288	8288
8289	8289
828A	828A
828B	828B
828C	828C
828D	828D
828E	828E
828F	828F
8290	8290
8291	8291
8292	8292
8293	8293
8294	8294
8295	8295
8296	8296
8297	8297
8298	8298
8299	8299
829A	829A
829B	829B
829C	829C
829D	829D
829E	829E
829F	829F
82A0	82A0
82A1	82A1
82A2	82A2
82A3	82A3
82A4	82A4
82A5	82A5
82A6	82A6
82A7	82A7
82A8	82A8
82A9	82A9
82AA	82AA
82AB	82AB
82AC	82AC
82AD	82AD
82AE	82AE
82AF	82AF
82B0	82B0
82B1	82B1
82B2	82B2
82B3	82B3
82B4	82B4
82B5	82B5
82B6	82B6
82B7	82B7
82B8	82B8
82B9	82B9
82BA	82BA
82BB	82BB
82BC	82BC
82BD	82BD
82BE	82BE
82BF	82BF
82C0	82C0
82C1	82C1
82C2	82C2
82C3	82C3
82C4	82C4
82C5	82C5
82C6	82C6
82C7	82C7
82C8	82C8
82C9	82C9
82CA	82CA
82CB	82CB
82CC	82CC
82CD	82CD
82CE	82CE
82CF	82CF
82D0	82D0
82D1	82D1
82D2	82D2
82D3	82D3
82D4	82D4
82D5	82D5
82D6	82D6
82D7	82D7
82D8	82D8
82D9	82D9
82DA	82DA
82DB	82DB
82DC	82DC
82DD	82DD
82DE	82DE
82DF	82DF
82E0	82E0
82E1	82E1
82E2	82E2
82E3	82E3
82E4	82E4
82E5	82E5
82E6	82E6
82E7	82E7
82E8	82E8
82E9	82E9
82EA	82EA
82EB	82EB
82EC	82EC
82ED	82ED
82EE	82EE
82EF	82EF
82F0	82F0
82F1	82F1
82F2	82F2
82F3	82F3
82F4	82F4
82F5	82F5
82F6	82F6
82F7	82F7
82F8	82F8
82F9	82F9
82FA	82FA
82FB	82FB
82FC	82FC
82FD	82FD
82FE	82FE
82FF	82FF
8300	8300
8301	8301
8302	8302
8303	8303
8304	8304
8305	8305
8306	8306
8307	8307
8308	8308
8309	8309
830A	830A
830B	830B
830C	830C
830D	830D
830E	830E
830F	830F
8310	8310
8311	8311
8312	8312
8313	8313
8314	8314
8315	8315
8316	8316
8317	8317
8318	8318
8319	8319
831A	831A
831B	831B
831C	831C
831D	831D
831E	831E
831F	831F
8320	8320
8321	8321
8322	8322
8323	8323
8324	8324
8325	8325
8326	8326
8327	8327
8328	8328
8329	8329
832A	832A
832B	832B
832C	832C
832D	832D
832E	832E
832F	832F
8330	8330
8331	8331
8332	8332
8333	8333
8334	8334
8335	8335
8336	8336
8337	8337
8338	8338
8339	8339
833A	833A
833B	833B
833C	833C
833D	833D
833E	833E
833F	833F
8340	8340
8341	8341
8342	8342
8343	8343
8344	8344
8345	8345
8346	8346
8347	8347
8348	8348
8349	8349
834A	834A
834B	834B
834C	834C
834D	834D
834E	834E
834F	834F
8350	8350
8351	8351
8352	8352
8353	8353
8354	8354
8355	8355
8356	8356
8357	8357
8358	8358
8359	8359
835A	835A
835B	835B
835C	835C
835D	835D
835E	835E
835F	835F
8360	8360
8361	8361
8362	8362
8363	8363
8364	8364
8365	8365
8366	8366
8367	8367
8368	8368
8369	8369
836A	836A
836B	836B
836C	836C
836D	836D
836E	836E
836F	836F
8370	8370
8371	8371
8372	8372
8373	8373
8374	8374
8375	8375
8376	8376
8377	8377
8378	8378
8379	8379
837A	837A
837B	837B
837C	837C
837D	837D
837E	837E
837F	837F
8380	8380
8381	8381
8382	8382
8383	8383
8384	8384
8385	8385
8386	8386
8387	8387
8388	8388
8389	8389
838A	838A
838B	838B
838C	838C
838D	838D
838E	838E
838F	838F
8390	8390
8391	8391
8392	8392
8393	8393
8394	8394
8395	8395
8396	8396
8397	8397
8398	8398
8399	8399
839A	839A
839B	839B
839C	839C
839D	839D
839E	839E
839F	839F
83A0	83A0
83A1	83A1
83A2	83A2
83A3	83A3
83A4	83A4
83A5	83A5
83A6	83A6
83A7	83A7
83A8	83A8
83A9	83A9
83AA	83AA
83AB	83AB
83AC	83AC
83AD	83AD
83AE	83AE
83AF	83AF
83B0	83B0
83B1	83B1
83B2	83B2
83B3	83B3
83B4	83B4
83B5	83B5
83B6	83B6
83B7	83B7
83B8	83B8
83B9	83B9
83BA	83BA
83BB	83BB
83BC	83BC
83BD	83BD
83BE	83BE
83BF	83BF
83C0	83C0
83C1	83C1
83C2	83C2
83C3	83C3
83C4	83C4
83C5	83C5
83C6	83C6
83C7	83C7
83C8	83C8
83C9	83C9
83CA	83CA
83CB	83CB
83CC	83CC
83CD	83CD
83CE	83CE
83CF	83CF
83D0	83D0
83D1	83D1
83D2	83D2
83D3	83D3
83D4	83D4
83D5	83D5
83D6	83D6
83D7	83D7
83D8	83D8
83D9	83D9
83DA	83DA
83DB	83DB
83DC	83DC
83DD	83DD
83DE	83DE
83DF	83DF
83E0	83E0
83E1	83E1
83E2	83E2
83E3	83E3
83E4	83E4
83E5	83E5
83E6	83E6
83E7	83E7
83E8	83E8
83E9	83E9
83EA	83EA
83EB	83EB
83EC	83EC
83ED	83ED
83EE	83EE
83EF	83EF
83F0	83F0
83F1	83F1
83F2	83F2
83F3	83F3
83F4	83F4
83F5	83F5
83F6	83F6
83F7	83F7
83F8	83F8
83F9	83F9
83FA	83FA
83FB	83FB
83FC	83FC
83FD	83FD
83FE	83FE
83FF	83FF
8400	8400
8401	8401
8402	8402
8403	8403
8404	8404
8405	8405
8406	8406
8407	8407
8408	8408
8409	8409
840A	840A
840B	840B
840C	840C
840D	840D
840E	840E
840F	840F
8410	8410
8411	8411
8412	8412
8413	8413
8414	8414
8415	8415
8416	8416
8417	8417
8418	8418
8419	8419
841A	841A
841B	841B
841C	841C
841D	841D
841E	841E
841F	841F
8420	8420
8421	8421
8422	8422
8423	8423
8424	8424
8425	8425
8426	8426
8427	8427
8428	8428
8429	8429
842A	842A
842B	842B
842C	842C
842D	842D
842E	842E
842F	842F
8430	8430
8431	8431
8432	8432
8433	8433
8434	8434
8435	8435
8436	8436
8437	8437
8438	8438
8439	8439
843A	843A
843B	843B
843C	843C
843D	843D
843E	843E
843F	843F
8440	8440
8441	8441
8442	8442
8443	8443
8444	8444
8445	8445
8446	8446
8447	8447
8448	8448
8449	8449
844A	844A
844B	844B
844C	844C
844D	844D
844E	844E
844F	844F
8450	8450
8451	8451
8452	8452
8453	8453
8454	8454
8455	8455
8456	8456
8457	8457
8458	8458
8459	8459
845A	845A
845B	845B
845C	845C
845D	845D
845E	845E
845F	845F
8460	8460
8461	8461
8462	8462
8463	8463
8464	8464
8465	8465
8466	8466
8467	8467
8468	8468
8469	8469
846A	846A
846B	846B
846C	846C
846D	846D
846E	846E
846F	846F
8470	8470
8471	8471
8472	8472
8473	8473
8474	8474
8475	8475
8476	8476
8477	8477
8478	8478
8479	8479
847A	847A
847B	847B
847C	847C
847D	847D
847E	847E
847F	847F
8480	8480
8481	8481
8482	8482
8483	8483
8484	8484
8485	8485
8486	8486
8487	8487
8488	8488
8489	8489
848A	848A
848B	848B
848C	848C
848D	848D
848E	848E
848F	848F
8490	8490
8491	8491
8492	8492
8493	8493
8494	8494
8495	8495
8496	8496
8497	8497
8498	8498
8499	8499
849A	849A
849B	849B
849C	849C
849D	849D
849E	849E
849F	849F
84A0	84A0
84A1	84A1
84A2	84A2
84A3	84A3
84A4	84A4
84A5	84A5
84A6	84A6
84A7	84A7
84A8	84A8
84A9	84A9
84AA	84AA
84AB	84AB
84AC	84AC
84AD	84AD
84AE	84AE
84AF	84AF
84B0	84B0
84B1	84B1
84B2	84B2
84B3	84B3
84B4	84B4
84B5	84B5
84B6	84B6
84B7	84B7
84B8	84B8
84B9	84B9
84BA	84BA
84BB	84BB
84BC	84BC
84BD	84BD
84BE	84BE
84BF	84BF
84C0	84C0
84C1	84C1
84C2	84C2
84C3	84C3
84C4	84C4
84C5	84C5
84C6	84C6
84C7	84C7
84C8	84C8
84C9	84C9
84CA	84CA
84CB	84CB
84CC	84CC
84CD	84CD
84CE	84CE
84CF	84CF
84D0	84D0
84D1	84D1
84D2	84D2
84D3	84D3
84D4	84D4
84D5	84D5
84D6	84D6
84D7	84D7
84D8	84D8
84D9	84D9
84DA	84DA
84DB	84DB
84DC	84DC
84DD	84DD
84DE	84DE
84DF	84DF
84E0	84E0
84E1	84E1
84E2	84E2
84E3	84E3
84E4	84E4
84E5	84E5
84E6	84E6
84E7	84E7
84E8	84E8
84E9	84E9
84EA	84EA
84EB	84EB
84EC	84EC
84ED	84ED
84EE	84EE
84EF	84EF
84F0	84F0
84F1	84F1
84F2	84F2
84F3	84F3
84F4	84F4
84F5	84F5
84F6	84F6
84F7	84F7
84F8	84F8
84F9	84F9
84FA	84FA
84FB	84FB
84FC	84FC
84FD	84FD
84FE	84FE
84FF	84FF
8500	8500
8501	8501
8502	8502
8503	8503
8504	8504
8505	8505
8506	8506
8507	8507
8508	8508
8509	8509
850A	850A
850B	850B
850C	850C
850D	850D
850E	850E
850F	850F
8510	8510
8511	8511
8512	8512
8513	8513
8514	8514
8515	8515
8516	8516
8517	8517
8518	8518
8519	8519
851A	851A
851B	851B
851C	851C
851D	851D
851E	851E
851F	851F
8520	8520
8521	8521
8522	8522
8523	8523
8524	8524
8525	8525
8526	8526
8527	8527
8528	8528
8529	8529
852A	852A
852B	852B
852C	852C
852D	852D
852E	852E
852F	852F
8530	8530
8531	8531
8532	8532
8533	8533
8534	8534
8535	8535
8536	8536
8537	8537
8538	8538
8539	8539
853A	853A
853B	853B
853C	853C
853D	853D
853E	853E
853F	853F
8540	8540
8541	8541
8542	8542
8543	8543
8544	8544
8545	8545
8546	8546
8547	8547
8548	8548
8549	8549
854A	854A
854B	854B
854C	854C
854D	854D
854E	854E
854F	854F
8550	8550
8551	8551
8552	8552
8553	8553
8554	8554
8555	8555
8556	8556
8557	8557
8558	8558
8559	8559
855A	855A
855B	855B
855C	855C
855D	855D
855E	855E
855F	855F
8560	8560
8561	8561
8562	8562
8563	8563
8564	8564
8565	8565
8566	8566
8567	8567
8568	8568
8569	8569
856A	856A
856B	856B
856C	856C
856D	856D
856E	856E
856F	856F
8570	8570
8571	8571
8572	8572
8573	8573
8574	8574
8575	8575
8576	8576
8577	8577
8578	8578
8579	8579
857A	857A
857B	857B
857C	857C
857D	857D
857E	857E
857F	857F
8580	8580
8581	8581
8582	8582
8583	8583
8584	8584
8585	8585
8586	8586
8587	8587
8588	8588
8589	8589
858A	858A
858B	858B
858C	858C
858D	858D
858E	858E
858F	858F
8590	8590
8591	8591
8592	8592
8593	8593
8594	8594
8595	8595
8596	8596
8597	8597
8598	8598
8599	8599
859A	859A
859B	859B
859C	859C
859D	859D
859E	859E
859F	859F
85A0	85A0
85A1	85A1
85A2	85A2
85A3	85A3
85A4	85A4
85A5	85A5
85A6	85A6
85A7	85A7
85A8	85A8
85A9	85A9
85AA	85AA
85AB	85AB
85AC	85AC
85AD	85AD
85AE	85AE
85AF	85AF
85B0	85B0
85B1	85B1
85B2	85B2
85B3	85B3
85B4	85B4
85B5	85B5
85B6	85B6
85B7	85B7
85B8	85B8
85B9	85B9
85BA	85BA
85BB	85BB
85BC	85BC
85BD	85BD
85BE	85BE
85BF	85BF
85C0	85C0
85C1	85C1
85C2	85C2
85C3	85C3
85C4	85C4
85C5	85C5
85C6	85C6
85C7	85C7
85C8	85C8
85C9	85C9
85CA	85CA
85CB	85CB
85CC	85CC
85CD	85CD
85CE	85CE
85CF	85CF
85D0	85D0
85D1	85D1
85D2	85D2
85D3	85D3
85D4	85D4
85D5	85D5
85D6	85D6
85D7	85D7
85D8	85D8
85D9	85D9
85DA	85DA
85DB	85DB
85DC	85DC
85DD	85DD
85DE	85DE
85DF	85DF
85E0	85E0
85E1	85E1
85E2	85E2
85E3	85E3
85E4	85E4
85E5	85E5
85E6	85E6
85E7	85E7
85E8	85E8
85E9	85E9
85EA	85EA
85EB	85EB
85EC	85EC
85ED	85ED
85EE	85EE
85EF	85EF
85F0	85F0
85F1	85F1
85F2	85F2
85F3	85F3
85F4	85F4
85F5	85F5
85F6	85F6
85F7	85F7
85F8	85F8
85F9	85F9
85FA	85FA
85FB	85FB
85FC	85FC
85FD	85FD
85FE	85FE
85FF	85FF
8600	8600
8601	8601
8602	8602
8603	8603
8604	8604
8605	8605
8606	8606
8607	8607
8608	8608
8609	8609
860A	860A
860B	860B
860C	860C
860D	860D
860E	860E
860F	860F
8610	8610
8611	8611
8612	8612
8613	8613
8614	8614
8615	8615
8616	8616
8617	8617
8618	8618
8619	8619
861A	861A
861B	861B
861C	861C
861D	861D
861E	861E
861F	861F
8620	8620
8621	8621
8622	8622
8623	8623
8624	8624
8625	8625
8626	8626
8627	8627
8628	8628
8629	8629
862A	862A
862B	862B
862C	862C
862D	862D
862E	862E
862F	862F
8630	8630
8631	8631
8632	8632
8633	8633
8634	8634
8635	8635
8636	8636
8637	8637
8638	8638
8639	8639
863A	863A
863B	863B
863C	863C
863D	863D
863E	863E
863F	863F
8640	8640
8641	8641
8642	8642
8643	8643
8644	8644
8645	8645
8646	8646
8647	8647
8648	8648
8649	8649
864A	864A
864B	864B
864C	864C
864D	864D
864E	864E
864F	864F
8650	8650
8651	8651
8652	8652
8653	8653
8654	8654
8655	8655
8656	8656
8657	8657
8658	8658
8659	8659
865A	865A
865B	865B
865C	865C
865D	865D
865E	865E
865F	865F
8660	8660
8661	8661
8662	8662
8663	8663
8664	8664
8665	8665
8666	8666
8667	8667
8668	8668
8669	8669
866A	866A
866B	866B
866C	866C
866D	866D
866E	866E
866F	866F
8670	8670
8671	8671
8672	8672
8673	8673
8674	8674
8675	8675
8676	8676
8677	8677
8678	8678
8679	8679
867A	867A
867B	867B
867C	867C
867D	867D
867E	867E
867F	867F
8680	8680
8681	8681
8682	8682
8683	8683
8684	8684
8685	8685
8686	8686
8687	8687
8688	8688
8689	8689
868A	868A
868B	868B
868C	868C
868D	868D
868E	868E
868F	868F
8690	8690
8691	8691
8692	8692
8693	8693
8694	8694
8695	8695
8696	8696
8697	8697
8698	8698
8699	8699
869A	869A
869B	869B
869C	869C
869D	869D
869E	869E
869F	869F
86A0	86A0
86A1	86A1
86A2	86A2
86A3	86A3
86A4	86A4
86A5	86A5
86A6	86A6
86A7	86A7
86A8	86A8
86A9	86A9
86AA	86AA
86AB	86AB
86AC	86AC
86AD	86AD
86AE	86AE
86AF	86AF
86B0	86B0
86B1	86B1
86B2	86B2
86B3	86B3
86B4	86B4
86B5	86B5
86B6	86B6
86B7	86B7
86B8	86B8
86B9	86B9
86BA	86BA
86BB	86BB
86BC	86BC
86BD	86BD
86BE	86BE
86BF	86BF
86C0	86C0
86C1	86C1
86C2	86C2
86C3	86C3
86C4	86C4
86C5	86C5
86C6	86C6
86C7	86C7
86C8	86C8
86C9	86C9
86CA	86CA
86CB	86CB
86CC	86CC
86CD	86CD
86CE	86CE
86CF	86CF
86D0	86D0
86D1	86D1
86D2	86D2
86D3	86D3
86D4	86D4
86D5	86D5
86D6	86D6
86D7	86D7
86D8	86D8
86D9	86D9
86DA	86DA
86DB	86DB
86DC	86DC
86DD	86DD
86DE	86DE
86DF	86DF
86E0	86E0
86E1	86E1
86E2	86E2
86E3	86E3
86E4	86E4
86E5	86E5
86E6	86E6
86E7	86E7
86E8	86E8
86E9	86E9
86EA	86EA
86EB	86EB
86EC	86EC
86ED	86ED
86EE	86EE
86EF	86EF
86F0	86F0
86F1	86F1
86F2	86F2
86F3	86F3
86F4	86F4
86F5	86F5
86F6	86F6
86F7	86F7
86F8	86F8
86F9	86F9
86FA	86FA
86FB	86FB
86FC	86FC
86FD	86FD
86FE	86FE
86FF	86FF
8700	8700
8701	8701
8702	8702
8703	8703
8704	8704
8705	8705
8706	8706
8707	8707
8708	8708
8709	8709
870A	870A
870B	870B
870C	870C
870D	870D
870E	870E
870F	870F
8710	8710
8711	8711
8712	8712
8713	8713
8714	8714
8715	8715
8716	8716
8717	8717
8718	8718
8719	8719
871A	871A
871B	871B
871C	871C
871D	871D
871E	871E
871F	871F
8720	8720
8721	8721
8722	8722
8723	8723
8724	8724
8725	8725
8726	8726
8727	8727
8728	8728
8729	8729
872A	872A
872B	872B
872C	872C
872D	872D
872E	872E
872F	872F
8730	8730
8731	8731
8732	8732
8733	8733
8734	8734
8735	8735
8736	8736
8737	8737
8738	8738
8739	8739
873A	873A
873B	873B
873C	873C
873D	873D
873E	873E
873F	873F
8740	8740
8741	8741
8742	8742
8743	8743
8744	8744
8745	8745
8746	8746
8747	8747
8748	8748
8749	8749
874A	874A
874B	874B
874C	874C
874D	874D
874E	874E
874F	874F
8750	8750
8751	8751
8752	8752
8753	8753
8754	8754
8755	8755
8756	8756
8757	8757
8758	8758
8759	8759
875A	875A
875B	875B
875C	875C
875D	875D
875E	875E
875F	875F
8760	8760
8761	8761
8762	8762
8763	8763
8764	8764
8765	8765
8766	8766
8767	8767
8768	8768
8769	8769
876A	876A
876B	876B
876C	876C
876D	876D
876E	876E
876F	876F
8770	8770
8771	8771
8772	8772
8773	8773
8774	8774
8775	8775
8776	8776
8777	8777
8778	8778
8779	8779
877A	877A
877B	877B
877C	877C
877D	877D
877E	877E
877F	877F
8780	8780
8781	8781
8782	8782
8783	8783
8784	8784
8785	8785
8786	8786
8787	8787
8788	8788
8789	8789
878A	878A
878B	878B
878C	878C
878D	878D
878E	878E
878F	878F
8790	8790
8791	8791
8792	8792
8793	8793
8794	8794
8795	8795
8796	8796
8797	8797
8798	8798
8799	8799
879A	879A
879B	879B
879C	879C
879D	879D
879E	879E
879F	879F
87A0	87A0
87A1	87A1
87A2	87A2
87A3	87A3
87A4	87A4
87A5	87A5
87A6	87A6
87A7	87A7
87A8	87A8
87A9	87A9
87AA	87AA
87AB	87AB
87AC	87AC
87AD	87AD
87AE	87AE
87AF	87AF
87B0	87B0
87B1	87B1
87B2	87B2
87B3	87B3
87B4	87B4
87B5	87B5
87B6	87B6
87B7	87B7
87B8	87B8
87B9	87B9
87BA	87BA
87BB	87BB
87BC	87BC
87BD	87BD
87BE	87BE
87BF	87BF
87C0	87C0
87C1	87C1
87C2	87C2
87C3	87C3
87C4	87C4
87C5	87C5
87C6	87C6
87C7	87C7
87C8	87C8
87C9	87C9
87CA	87CA
87CB	87CB
87CC	87CC
87CD	87CD
87CE	87CE
87CF	87CF
87D0	87D0
87D1	87D1
87D2	87D2
87D3	87D3
87D4	87D4
87D5	87D5
87D6	87D6
87D7	87D7
87D8	87D8
87D9	87D9
87DA	87DA
87DB	87DB
87DC	87DC
87DD	87DD
87DE	87DE
87DF	87DF
87E0	87E0
87E1	87E1
87E2	87E2
87E3	87E3
87E4	87E4
87E5	87E5
87E6	87E6
87E7	87E7
87E8	87E8
87E9	87E9
87EA	87EA
87EB	87EB
87EC	87EC
87ED	87ED
87EE	87EE
87EF	87EF
87F0	87F0
87F1	87F1
87F2	87F2
87F3	87F3
87F4	87F4
87F5	87F5
87F6	87F6
87F7	87F7
87F8	87F8
87F9	87F9
87FA	87FA
87FB	87FB
87FC	87FC
87FD	87FD
87FE	87FE
87FF	87FF
8800	8800
8801	8801
8802	8802
8803	8803
8804	8804
8805	8805
8806	8806
8807	8807
8808	8808
8809	8809
880A	880A
880B	880B
880C	880C
880D	880D
880E	880E
880F	880F
8810	8810
8811	8811
8812	8812
8813	8813
8814	8814
8815	8815
8816	8816
8817	8817
8818	8818
8819	8819
881A	881A
881B	881B
881C	881C
881D	881D
881E	881E
881F	881F
8820	8820
8821	8821
8822	8822
8823	8823
8824	8824
8825	8825
8826	8826
8827	8827
8828	8828
8829	8829
882A	882A
882B	882B
882C	882C
882D	882D
882E	882E
882F	882F
8830	8830
8831	8831
8832	8832
8833	8833
8834	8834
8835	8835
8836	8836
8837	8837
8838	8838
8839	8839
883A	883A
883B	883B
883C	883C
883D	883D
883E	883E
883F	883F
8840	8840
8841	8841
8842	8842
8843	8843
8844	8844
8845	8845
8846	8846
8847	8847
8848	8848
8849	8849
884A	884A
884B	884B
884C	884C
884D	884D
884E	884E
884F	884F
8850	8850
8851	8851
8852	8852
8853	8853
8854	8854
8855	8855
8856	8856
8857	8857
8858	8858
8859	8859
885A	885A
885B	885B
885C	885C
885D	885D
885E	885E
885F	885F
8860	8860
8861	8861
8862	8862
8863	8863
8864	8864
8865	8865
8866	8866
8867	8867
8868	8868
8869	8869
886A	886A
886B	886B
886C	886C
886D	886D
886E	886E
886F	886F
8870	8870
8871	8871
8872	8872
8873	8873
8874	8874
8875	8875
8876	8876
8877	8877
8878	8878
8879	8879
887A	887A
887B	887B
887C	887C
887D	887D
887E	887E
887F	887F
8880	8880
8881	8881
8882	8882
8883	8883
8884	8884
8885	8885
8886	8886
8887	8887
8888	8888
8889	8889
888A	888A
888B	888B
888C	888C
888D	888D
888E	888E
888F	888F
8890	8890
8891	8891
8892	8892
8893	8893
8894	8894
8895	8895
8896	8896
8897	8897
8898	8898
8899	8899
889A	889A
889B	889B
889C	889C
889D	889D
889E	889E
889F	889F
88A0	88A0
88A1	88A1
88A2	88A2
88A3	88A3
88A4	88A4
88A5	88A5
88A6	88A6
88A7	88A7
88A8	88A8
88A9	88A9
88AA	88AA
88AB	88AB
88AC	88AC
88AD	88AD
88AE	88AE
88AF	88AF
88B0	88B0
88B1	88B1
88B2	88B2
88B3	88B3
88B4	88B4
88B5	88B5
88B6	88B6
88B7	88B7
88B8	88B8
88B9	88B9
88BA	88BA
88BB	88BB
88BC	88BC
88BD	88BD
88BE	88BE
88BF	88BF
88C0	88C0
88C1	88C1
88C2	88C2
88C3	88C3
88C4	88C4
88C5	88C5
88C6	88C6
88C7	88C7
88C8	88C8
88C9	88C9
88CA	88CA
88CB	88CB
88CC	88CC
88CD	88CD
88CE	88CE
88CF	88CF
88D0	88D0
88D1	88D1
88D2	88D2
88D3	88D3
88D4	88D4
88D5	88D5
88D6	88D6
88D7	88D7
88D8	88D8
88D9	88D9
88DA	88DA
88DB	88DB
88DC	88DC
88DD	88DD
88DE	88DE
88DF	88DF
88E0	88E0
88E1	88E1
88E2	88E2
88E3	88E3
88E4	88E4
88E5	88E5
88E6	88E6
88E7	88E7
88E8	88E8
88E9	88E9
88EA	88EA
88EB	88EB
88EC	88EC
88ED	88ED
88EE	88EE
88EF	88EF
88F0	88F0
88F1	88F1
88F2	88F2
88F3	88F3
88F4	88F4
88F5	88F5
88F6	88F6
88F7	88F7
88F8	88F8
88F9	88F9
88FA	88FA
88FB	88FB
88FC	88FC
88FD	88FD
88FE	88FE
88FF	88FF
8900	8900
8901	8901
8902	8902
8903	8903
8904	8904
8905	8905
8906	8906
8907	8907
8908	8908
8909	8909
890A	890A
890B	890B
890C	890C
890D	890D
890E	890E
890F	890F
8910	8910
8911	8911
8912	8912
8913	8913
8914	8914
8915	8915
8916	8916
8917	8917
8918	8918
8919	8919
891A	891A
891B	891B
891C	891C
891D	891D
891E	891E
891F	891F
8920	8920
8921	8921
8922	8922
8923	8923
8924	8924
8925	8925
8926	8926
8927	8927
8928	8928
8929	8929
892A	892A
892B	892B
892C	892C
892D	892D
892E	892E
892F	892F
8930	8930
8931	8931
8932	8932
8933	8933
8934	8934
8935	8935
8936	8936
8937	8937
8938	8938
8939	8939
893A	893A
893B	893B
893C	893C
893D	893D
893E	893E
893F	893F
8940	8940
8941	8941
8942	8942
8943	8943
8944	8944
8945	8945
8946	8946
8947	8947
8948	8948
8949	8949
894A	894A
894B	894B
894C	894C
894D	894D
894E	894E
894F	894F
8950	8950
8951	8951
8952	8952
8953	8953
8954	8954
8955	8955
8956	8956
8957	8957
8958	8958
8959	8959
895A	895A
895B	895B
895C	895C
895D	895D
895E	895E
895F	895F
8960	8960
8961	8961
8962	8962
8963	8963
8964	8964
8965	8965
8966	8966
8967	8967
8968	8968
8969	8969
896A	896A
896B	896B
896C	896C
896D	896D
896E	896E
896F	896F
8970	8970
8971	8971
8972	8972
8973	8973
8974	8974
8975	8975
8976	8976
8977	8977
8978	8978
8979	8979
897A	897A
897B	897B
897C	897C
897D	897D
897E	897E
897F	897F
8980	8980
8981	8981
8982	8982
8983	8983
8984	8984
8985	8985
8986	8986
8987	8987
8988	8988
8989	8989
898A	898A
898B	898B
898C	898C
898D	898D
898E	898E
898F	898F
8990	8990
8991	8991
8992	8992
8993	8993
8994	8994
8995	8995
8996	8996
8997	8997
8998	8998
8999	8999
899A	899A
899B	899B
899C	899C
899D	899D
899E	899E
899F	899F
89A0	89A0
89A1	89A1
89A2	89A2
89A3	89A3
89A4	89A4
89A5	89A5
89A6	89A6
89A7	89A7
89A8	89A8
89A9	89A9
89AA	89AA
89AB	89AB
89AC	89AC
89AD	89AD
89AE	89AE
89AF	89AF
89B0	89B0
89B1	89B1
89B2	89B2
89B3	89B3
89B4	89B4
89B5	89B5
89B6	89B6
89B7	89B7
89B8	89B8
89B9	89B9
89BA	89BA
89BB	89BB
89BC	89BC
89BD	89BD
89BE	89BE
89BF	89BF
89C0	89C0
89C1	89C1
89C2	89C2
89C3	89C3
89C4	89C4
89C5	89C5
89C6	89C6
89C7	89C7
89C8	89C8
89C9	89C9
89CA	89CA
89CB	89CB
89CC	89CC
89CD	89CD
89CE	89CE
89CF	89CF
89D0	89D0
89D1	89D1
89D2	89D2
89D3	89D3
89D4	89D4
89D5	89D5
89D6	89D6
89D7	89D7
89D8	89D8
89D9	89D9
89DA	89DA
89DB	89DB
89DC	89DC
89DD	89DD
89DE	89DE
89DF	89DF
89E0	89E0
89E1	89E1
89E2	89E2
89E3	89E3
89E4	89E4
89E5	89E5
89E6	89E6
89E7	89E7
89E8	89E8
89E9	89E9
89EA	89EA
89EB	89EB
89EC	89EC
89ED	89ED
89EE	89EE
89EF	89EF
89F0	89F0
89F1	89F1
89F2	89F2
89F3	89F3
89F4	89F4
89F5	89F5
89F6	89F6
89F7	89F7
89F8	89F8
89F9	89F9
89FA	89FA
89FB	89FB
89FC	89FC
89FD	89FD
89FE	89FE
89FF	89FF
8A00	8A00
8A01	8A01
8A02	8A02
8A03	8A03
8A04	8A04
8A05	8A05
8A06	8A06
8A07	8A07
8A08	8A08
8A09	8A09
8A0A	8A0A
8A0B	8A0B
8A0C	8A0C
8A0D	8A0D
8A0E	8A0E
8A0F	8A0F
8A10	8A10
8A11	8A11
8A12	8A12
8A13	8A13
8A14	8A14
8A15	8A15
8A16	8A16
8A17	8A17
8A18	8A18
8A19	8A19
8A1A	8A1A
8A1B	8A1B
8A1C	8A1C
8A1D	8A1D
8A1E	8A1E
8A1F	8A1F
8A20	8A20
8A21	8A21
8A22	8A22
8A23	8A23
8A24	8A24
8A25	8A25
8A26	8A26
8A27	8A27
8A28	8A28
8A29	8A29
8A2A	8A2A
8A2B	8A2B
8A2C	8A2C
8A2D	8A2D
8A2E	8A2E
8A2F	8A2F
8A30	8A30
8A31	8A31
8A32	8A32
8A33	8A33
8A34	8A34
8A35	8A35
8A36	8A36
8A37	8A37
8A38	8A38
8A39	8A39
8A3A	8A3A
8A3B	8A3B
8A3C	8A3C
8A3D	8A3D
8A3E	8A3E
8A3F	8A3F
8A40	8A40
8A41	8A41
8A42	8A42
8A43	8A43
8A44	8A44
8A45	8A45
8A46	8A46
8A47	8A47
8A48	8A48
8A49	8A49
8A4A	8A4A
8A4B	8A4B
8A4C	8A4C
8A4D	8A4D
8A4E	8A4E
8A4F	8A4F
8A50	8A50
8A51	8A51
8A52	8A52
8A53	8A53
8A54	8A54
8A55	8A55
8A56	8A56
8A57	8A57
8A58	8A58
8A59	8A59
8A5A	8A5A
8A5B	8A5B
8A5C	8A5C
8A5D	8A5D
8A5E	8A5E
8A5F	8A5F
8A60	8A60
8A61	8A61
8A62	8A62
8A63	8A63
8A64	8A64
8A65	8A65
8A66	8A66
8A67	8A67
8A68	8A68
8A69	8A69
8A6A	8A6A
8A6B	8A6B
8A6C	8A6C
8A6D	8A6D
8A6E	8A6E
8A6F	8A6F
8A70	8A70
8A71	8A71
8A72	8A72
8A73	8A73
8A74	8A74
8A75	8A75
8A76	8A76
8A77	8A77
8A78	8A78
8A79	8A79
8A7A	8A7A
8A7B	8A7B
8A7C	8A7C
8A7D	8A7D
8A7E	8A7E
8A7F	8A7F
8A80	8A80
8A81	8A81
8A82	8A82
8A83	8A83
8A84	8A84
8A85	8A85
8A86	8A86
8A87	8A87
8A88	8A88
8A89	8A89
8A8A	8A8A
8A8B	8A8B
8A8C	8A8C
8A8D	8A8D
8A8E	8A8E
8A8F	8A8F
8A90	8A90
8A91	8A91
8A92	8A92
8A93	8A93
8A94	8A94
8A95	8A95
8A96	8A96
8A97	8A97
8A98	8A98
8A99	8A99
8A9A	8A9A
8A9B	8A9B
8A9C	8A9C
8A9D	8A9D
8A9E	8A9E
8A9F	8A9F
8AA0	8AA0
8AA1	8AA1
8AA2	8AA2
8AA3	8AA3
8AA4	8AA4
8AA5	8AA5
8AA6	8AA6
8AA7	8AA7
8AA8	8AA8
8AA9	8AA9
8AAA	8AAA
8AAB	8AAB
8AAC	8AAC
8AAD	8AAD
8AAE	8AAE
8AAF	8AAF
8AB0	8AB0
8AB1	8AB1
8AB2	8AB2
8AB3	8AB3
8AB4	8AB4
8AB5	8AB5
8AB6	8AB6
8AB7	8AB7
8AB8	8AB8
8AB9	8AB9
8ABA	8ABA
8ABB	8ABB
8ABC	8ABC
8ABD	8ABD
8ABE	8ABE
8ABF	8ABF
8AC0	8AC0
8AC1	8AC1
8AC2	8AC2
8AC3	8AC3
8AC4	8AC4
8AC5	8AC5
8AC6	8AC6
8AC7	8AC7
8AC8	8AC8
8AC9	8AC9
8ACA	8ACA
8ACB	8ACB
8ACC	8ACC
8ACD	8ACD
8ACE	8ACE
8ACF	8ACF
8AD0	8AD0
8AD1	8AD1
8AD2	8AD2
8AD3	8AD3
8AD4	8AD4
8AD5	8AD5
8AD6	8AD6
8AD7	8AD7
8AD8	8AD8
8AD9	8AD9
8ADA	8ADA
8ADB	8ADB
8ADC	8ADC
8ADD	8ADD
8ADE	8ADE
8ADF	8ADF
8AE0	8AE0
8AE1	8AE1
8AE2	8AE2
8AE3	8AE3
8AE4	8AE4
8AE5	8AE5
8AE6	8AE6
8AE7	8AE7
8AE8	8AE8
8AE9	8AE9
8AEA	8AEA
8AEB	8AEB
8AEC	8AEC
8AED	8AED
8AEE	8AEE
8AEF	8AEF
8AF0	8AF0
8AF1	8AF1
8AF2	8AF2
8AF3	8AF3
8AF4	8AF4
8AF5	8AF5
8AF6	8AF6
8AF7	8AF7
8AF8	8AF8
8AF9	8AF9
8AFA	8AFA
8AFB	8AFB
8AFC	8AFC
8AFD	8AFD
8AFE	8AFE
8AFF	8AFF
8B00	8B00
8B01	8B01
8B02	8B02
8B03	8B03
8B04	8B04
8B05	8B05
8B06	8B06
8B07	8B07
8B08	8B08
8B09	8B09
8B0A	8B0A
8B0B	8B0B
8B0C	8B0C
8B0D	8B0D
8B0E	8B0E
8B0F	8B0F
8B10	8B10
8B11	8B11
8B12	8B12
8B13	8B13
8B14	8B14
8B15	8B15
8B16	8B16
8B17	8B17
8B18	8B18
8B19	8B19
8B1A	8B1A
8B1B	8B1B
8B1C	8B1C
8B1D	8B1D
8B1E	8B1E
8B1F	8B1F
8B20	8B20
8B21	8B21
8B22	8B22
8B23	8B23
8B24	8B24
8B25	8B25
8B26	8B26
8B27	8B27
8B28	8B28
8B29	8B29
8B2A	8B2A
8B2B	8B2B
8B2C	8B2C
8B2D	8B2D
8B2E	8B2E
8B2F	8B2F
8B30	8B30
8B31	8B31
8B32	8B32
8B33	8B33
8B34	8B34
8B35	8B35
8B36	8B36
8B37	8B37
8B38	8B38
8B39	8B39
8B3A	8B3A
8B3B	8B3B
8B3C	8B3C
8B3D	8B3D
8B3E	8B3E
8B3F	8B3F
8B40	8B40
8B41	8B41
8B42	8B42
8B43	8B43
8B44	8B44
8B45	8B45
8B46	8B46
8B47	8B47
8B48	8B48
8B49	8B49
8B4A	8B4A
8B4B	8B4B
8B4C	8B4C
8B4D	8B4D
8B4E	8B4E
8B4F	8B4F
8B50	8B50
8B51	8B51
8B52	8B52
8B53	8B53
8B54	8B54
8B55	8B55
8B56	8B56
8B57	8B57
8B58	8B58
8B59	8B59
8B5A	8B5A
8B5B	8B5B
8B5C	8B5C
8B5D	8B5D
8B5E	8B5E
8B5F	8B5F
8B60	8B60
8B61	8B61
8B62	8B62
8B63	8B63
8B64	8B64
8B65	8B65
8B66	8B66
8B67	8B67
8B68	8B68
8B69	8B69
8B6A	8B6A
8B6B	8B6B
8B6C	8B6C
8B6D	8B6D
8B6E	8B6E
8B6F	8B6F
8B70	8B70
8B71	8B71
8B72	8B72
8B73	8B73
8B74	8B74
8B75	8B75
8B76	8B76
8B77	8B77
8B78	8B78
8B79	8B79
8B7A	8B7A
8B7B	8B7B
8B7C	8B7C
8B7D	8B7D
8B7E	8B7E
8B7F	8B7F
8B80	8B80
8B81	8B81
8B82	8B82
8B83	8B83
8B84	8B84
8B85	8B85
8B86	8B86
8B87	8B87
8B88	8B88
8B89	8B89
8B8A	8B8A
8B8B	8B8B
8B8C	8B8C
8B8D	8B8D
8B8E	8B8E
8B8F	8B8F
8B90	8B90
8B91	8B91
8B92	8B92
8B93	8B93
8B94	8B94
8B95	8B95
8B96	8B96
8B97	8B97
8B98	8B98
8B99	8B99
8B9A	8B9A
8B9B	8B9B
8B9C	8B9C
8B9D	8B9D
8B9E	8B9E
8B9F	8B9F
8BA0	8BA0
8BA1	8BA1
8BA2	8BA2
8BA3	8BA3
8BA4	8BA4
8BA5	8BA5
8BA6	8BA6
8BA7	8BA7
8BA8	8BA8
8BA9	8BA9
8BAA	8BAA
8BAB	8BAB
8BAC	8BAC
8BAD	8BAD
8BAE	8BAE
8BAF	8BAF
8BB0	8BB0
8BB1	8BB1
8BB2	8BB2
8BB3	8BB3
8BB4	8BB4
8BB5	8BB5
8BB6	8BB6
8BB7	8BB7
8BB8	8BB8
8BB9	8BB9
8BBA	8BBA
8BBB	8BBB
8BBC	8BBC
8BBD	8BBD
8BBE	8BBE
8BBF	8BBF
8BC0	8BC0
8BC1	8BC1
8BC2	8BC2
8BC3	8BC3
8BC4	8BC4
8BC5	8BC5
8BC6	8BC6
8BC7	8BC7
8BC8	8BC8
8BC9	8BC9
8BCA	8BCA
8BCB	8BCB
8BCC	8BCC
8BCD	8BCD
8BCE	8BCE
8BCF	8BCF
8BD0	8BD0
8BD1	8BD1
8BD2	8BD2
8BD3	8BD3
8BD4	8BD4
8BD5	8BD5
8BD6	8BD6
8BD7	8BD7
8BD8	8BD8
8BD9	8BD9
8BDA	8BDA
8BDB	8BDB
8BDC	8BDC
8BDD	8BDD
8BDE	8BDE
8BDF	8BDF
8BE0	8BE0
8BE1	8BE1
8BE2	8BE2
8BE3	8BE3
8BE4	8BE4
8BE5	8BE5
8BE6	8BE6
8BE7	8BE7
8BE8	8BE8
8BE9	8BE9
8BEA	8BEA
8BEB	8BEB
8BEC	8BEC
8BED	8BED
8BEE	8BEE
8BEF	8BEF
8BF0	8BF0
8BF1	8BF1
8BF2	8BF2
8BF3	8BF3
8BF4	8BF4
8BF5	8BF5
8BF6	8BF6
8BF7	8BF7
8BF8	8BF8
8BF9	8BF9
8BFA	8BFA
8BFB	8BFB
8BFC	8BFC
8BFD	8BFD
8BFE	8BFE
8BFF	8BFF
8C00	8C00
8C01	8C01
8C02	8C02
8C03	8C03
8C04	8C04
8C05	8C05
8C06	8C06
8C07	8C07
8C08	8C08
8C09	8C09
8C0A	8C0A
8C0B	8C0B
8C0C	8C0C
8C0D	8C0D
8C0E	8C0E
8C0F	8C0F
8C10	8C10
8C11	8C11
8C12	8C12
8C13	8C13
8C14	8C14
8C15	8C15
8C16	8C16
8C17	8C17
8C18	8C18
8C19	8C19
8C1A	8C1A
8C1B	8C1B
8C1C	8C1C
8C1D	8C1D
8C1E	8C1E
8C1F	8C1F
8C20	8C20
8C21	8C21
8C22	8C22
8C23	8C23
8C24	8C24
8C25	8C25
8C26	8C26
8C27	8C27
8C28	8C28
8C29	8C29
8C2A	8C2A
8C2B	8C2B
8C2C	8C2C
8C2D	8C2D
8C2E	8C2E
8C2F	8C2F
8C30	8C30
8C31	8C31
8C32	8C32
8C33	8C33
8C34	8C34
8C35	8C35
8C36	8C36
8C37	8C37
8C38	8C38
8C39	8C39
8C3A	8C3A
8C3B	8C3B
8C3C	8C3C
8C3D	8C3D
8C3E	8C3E
8C3F	8C3F
8C40	8C40
8C41	8C41
8C42	8C42
8C43	8C43
8C44	8C44
8C45	8C45
8C46	8C46
8C47	8C47
8C48	8C48
8C49	8C49
8C4A	8C4A
8C4B	8C4B
8C4C	8C4C
8C4D	8C4D
8C4E	8C4E
8C4F	8C4F
8C50	8C50
8C51	8C51
8C52	8C52
8C53	8C53
8C54	8C54
8C55	8C55
8C56	8C56
8C57	8C57
8C58	8C58
8C59	8C59
8C5A	8C5A
8C5B	8C5B
8C5C	8C5C
8C5D	8C5D
8C5E	8C5E
8C5F	8C5F
8C60	8C60
8C61	8C61
8C62	8C62
8C63	8C63
8C64	8C64
8C65	8C65
8C66	8C66
8C67	8C67
8C68	8C68
8C69	8C69
8C6A	8C6A
8C6B	8C6B
8C6C	8C6C
8C6D	8C6D
8C6E	8C6E
8C6F	8C6F
8C70	8C70
8C71	8C71
8C72	8C72
8C73	8C73
8C74	8C74
8C75	8C75
8C76	8C76
8C77	8C77
8C78	8C78
8C79	8C79
8C7A	8C7A
8C7B	8C7B
8C7C	8C7C
8C7D	8C7D
8C7E	8C7E
8C7F	8C7F
8C80	8C80
8C81	8C81
8C82	8C82
8C83	8C83
8C84	8C84
8C85	8C85
8C86	8C86
8C87	8C87
8C88	8C88
8C89	8C89
8C8A	8C8A
8C8B	8C8B
8C8C	8C8C
8C8D	8C8D
8C8E	8C8E
8C8F	8C8F
8C90	8C90
8C91	8C91
8C92	8C92
8C93	8C93
8C94	8C94
8C95	8C95
8C96	8C96
8C97	8C97
8C98	8C98
8C99	8C99
8C9A	8C9A
8C9B	8C9B
8C9C	8C9C
8C9D	8C9D
8C9E	8C9E
8C9F	8C9F
8CA0	8CA0
8CA1	8CA1
8CA2	8CA2
8CA3	8CA3
8CA4	8CA4
8CA5	8CA5
8CA6	8CA6
8CA7	8CA7
8CA8	8CA8
8CA9	8CA9
8CAA	8CAA
8CAB	8CAB
8CAC	8CAC
8CAD	8CAD
8CAE	8CAE
8CAF	8CAF
8CB0	8CB0
8CB1	8CB1
8CB2	8CB2
8CB3	8CB3
8CB4	8CB4
8CB5	8CB5
8CB6	8CB6
8CB7	8CB7
8CB8	8CB8
8CB9	8CB9
8CBA	8CBA
8CBB	8CBB
8CBC	8CBC
8CBD	8CBD
8CBE	8CBE
8CBF	8CBF
8CC0	8CC0
8CC1	8CC1
8CC2	8CC2
8CC3	8CC3
8CC4	8CC4
8CC5	8CC5
8CC6	8CC6
8CC7	8CC7
8CC8	8CC8
8CC9	8CC9
8CCA	8CCA
8CCB	8CCB
8CCC	8CCC
8CCD	8CCD
8CCE	8CCE
8CCF	8CCF
8CD0	8CD0
8CD1	8CD1
8CD2	8CD2
8CD3	8CD3
8CD4	8CD4
8CD5	8CD5
8CD6	8CD6
8CD7	8CD7
8CD8	8CD8
8CD9	8CD9
8CDA	8CDA
8CDB	8CDB
8CDC	8CDC
8CDD	8CDD
8CDE	8CDE
8CDF	8CDF
8CE0	8CE0
8CE1	8CE1
8CE2	8CE2
8CE3	8CE3
8CE4	8CE4
8CE5	8CE5
8CE6	8CE6
8CE7	8CE7
8CE8	8CE8
8CE9	8CE9
8CEA	8CEA
8CEB	8CEB
8CEC	8CEC
8CED	8CED
8CEE	8CEE
8CEF	8CEF
8CF0	8CF0
8CF1	8CF1
8CF2	8CF2
8CF3	8CF3
8CF4	8CF4
8CF5	8CF5
8CF6	8CF6
8CF7	8CF7
8CF8	8CF8
8CF9	8CF9
8CFA	8CFA
8CFB	8CFB
8CFC	8CFC
8CFD	8CFD
8CFE	8CFE
8CFF	8CFF
8D00	8D00
8D01	8D01
8D02	8D02
8D03	8D03
8D04	8D04
8D05	8D05
8D06	8D06
8D07	8D07
8D08	8D08
8D09	8D09
8D0A	8D0A
8D0B	8D0B
8D0C	8D0C
8D0D	8D0D
8D0E	8D0E
8D0F	8D0F
8D10	8D10
8D11	8D11
8D12	8D12
8D13	8D13
8D14	8D14
8D15	8D15
8D16	8D16
8D17	8D17
8D18	8D18
8D19	8D19
8D1A	8D1A
8D1B	8D1B
8D1C	8D1C
8D1D	8D1D
8D1E	8D1E
8D1F	8D1F
8D20	8D20
8D21	8D21
8D22	8D22
8D23	8D23
8D24	8D24
8D25	8D25
8D26	8D26
8D27	8D27
8D28	8D28
8D29	8D29
8D2A	8D2A
8D2B	8D2B
8D2C	8D2C
8D2D	8D2D
8D2E	8D2E
8D2F	8D2F
8D30	8D30
8D31	8D31
8D32	8D32
8D33	8D33
8D34	8D34
8D35	8D35
8D36	8D36
8D37	8D37
8D38	8D38
8D39	8D39
8D3A	8D3A
8D3B	8D3B
8D3C	8D3C
8D3D	8D3D
8D3E	8D3E
8D3F	8D3F
8D40	8D40
8D41	8D41
8D42	8D42
8D43	8D43
8D44	8D44
8D45	8D45
8D46	8D46
8D47	8D47
8D48	8D48
8D49	8D49
8D4A	8D4A
8D4B	8D4B
8D4C	8D4C
8D4D	8D4D
8D4E	8D4E
8D4F	8D4F
8D50	8D50
8D51	8D51
8D52	8D52
8D53	8D53
8D54	8D54
8D55	8D55
8D56	8D56
8D57	8D57
8D58	8D58
8D59	8D59
8D5A	8D5A
8D5B	8D5B
8D5C	8D5C
8D5D	8D5D
8D5E	8D5E
8D5F	8D5F
8D60	8D60
8D61	8D61
8D62	8D62
8D63	8D63
8D64	8D64
8D65	8D65
8D66	8D66
8D67	8D67
8D68	8D68
8D69	8D69
8D6A	8D6A
8D6B	8D6B
8D6C	8D6C
8D6D	8D6D
8D6E	8D6E
8D6F	8D6F
8D70	8D70
8D71	8D71
8D72	8D72
8D73	8D73
8D74	8D74
8D75	8D75
8D76	8D76
8D77	8D77
8D78	8D78
8D79	8D79
8D7A	8D7A
8D7B	8D7B
8D7C	8D7C
8D7D	8D7D
8D7E	8D7E
8D7F	8D7F
8D80	8D80
8D81	8D81
8D82	8D82
8D83	8D83
8D84	8D84
8D85	8D85
8D86	8D86
8D87	8D87
8D88	8D88
8D89	8D89
8D8A	8D8A
8D8B	8D8B
8D8C	8D8C
8D8D	8D8D
8D8E	8D8E
8D8F	8D8F
8D90	8D90
8D91	8D91
8D92	8D92
8D93	8D93
8D94	8D94
8D95	8D95
8D96	8D96
8D97	8D97
8D98	8D98
8D99	8D99
8D9A	8D9A
8D9B	8D9B
8D9C	8D9C
8D9D	8D9D
8D9E	8D9E
8D9F	8D9F
8DA0	8DA0
8DA1	8DA1
8DA2	8DA2
8DA3	8DA3
8DA4	8DA4
8DA5	8DA5
8DA6	8DA6
8DA7	8DA7
8DA8	8DA8
8DA9	8DA9
8DAA	8DAA
8DAB	8DAB
8DAC	8DAC
8DAD	8DAD
8DAE	8DAE
8DAF	8DAF
8DB0	8DB0
8DB1	8DB1
8DB2	8DB2
8DB3	8DB3
8DB4	8DB4
8DB5	8DB5
8DB6	8DB6
8DB7	8DB7
8DB8	8DB8
8DB9	8DB9
8DBA	8DBA
8DBB	8DBB
8DBC	8DBC
8DBD	8DBD
8DBE	8DBE
8DBF	8DBF
8DC0	8DC0
8DC1	8DC1
8DC2	8DC2
8DC3	8DC3
8DC4	8DC4
8DC5	8DC5
8DC6	8DC6
8DC7	8DC7
8DC8	8DC8
8DC9	8DC9
8DCA	8DCA
8DCB	8DCB
8DCC	8DCC
8DCD	8DCD
8DCE	8DCE
8DCF	8DCF
8DD0	8DD0
8DD1	8DD1
8DD2	8DD2
8DD3	8DD3
8DD4	8DD4
8DD5	8DD5
8DD6	8DD6
8DD7	8DD7
8DD8	8DD8
8DD9	8DD9
8DDA	8DDA
8DDB	8DDB
8DDC	8DDC
8DDD	8DDD
8DDE	8DDE
8DDF	8DDF
8DE0	8DE0
8DE1	8DE1
8DE2	8DE2
8DE3	8DE3
8DE4	8DE4
8DE5	8DE5
8DE6	8DE6
8DE7	8DE7
8DE8	8DE8
8DE9	8DE9
8DEA	8DEA
8DEB	8DEB
8DEC	8DEC
8DED	8DED
8DEE	8DEE
8DEF	8DEF
8DF0	8DF0
8DF1	8DF1
8DF2	8DF2
8DF3	8DF3
8DF4	8DF4
8DF5	8DF5
8DF6	8DF6
8DF7	8DF7
8DF8	8DF8
8DF9	8DF9
8DFA	8DFA
8DFB	8DFB
8DFC	8DFC
8DFD	8DFD
8DFE	8DFE
8DFF	8DFF
8E00	8E00
8E01	8E01
8E02	8E02
8E03	8E03
8E04	8E04
8E05	8E05
8E06	8E06
8E07	8E07
8E08	8E08
8E09	8E09
8E0A	8E0A
8E0B	8E0B
8E0C	8E0C
8E0D	8E0D
8E0E	8E0E
8E0F	8E0F
8E10	8E10
8E11	8E11
8E12	8E12
8E13	8E13
8E14	8E14
8E15	8E15
8E16	8E16
8E17	8E17
8E18	8E18
8E19	8E19
8E1A	8E1A
8E1B	8E1B
8E1C	8E1C
8E1D	8E1D
8E1E	8E1E
8E1F	8E1F
8E20	8E20
8E21	8E21
8E22	8E22
8E23	8E23
8E24	8E24
8E25	8E25
8E26	8E26
8E27	8E27
8E28	8E28
8E29	8E29
8E2A	8E2A
8E2B	8E2B
8E2C	8E2C
8E2D	8E2D
8E2E	8E2E
8E2F	8E2F
8E30	8E30
8E31	8E31
8E32	8E32
8E33	8E33
8E34	8E34
8E35	8E35
8E36	8E36
8E37	8E37
8E38	8E38
8E39	8E39
8E3A	8E3A
8E3B	8E3B
8E3C	8E3C
8E3D	8E3D
8E3E	8E3E
8E3F	8E3F
8E40	8E40
8E41	8E41
8E42	8E42
8E43	8E43
8E44	8E44
8E45	8E45
8E46	8E46
8E47	8E47
8E48	8E48
8E49	8E49
8E4A	8E4A
8E4B	8E4B
8E4C	8E4C
8E4D	8E4D
8E4E	8E4E
8E4F	8E4F
8E50	8E50
8E51	8E51
8E52	8E52
8E53	8E53
8E54	8E54
8E55	8E55
8E56	8E56
8E57	8E57
8E58	8E58
8E59	8E59
8E5A	8E5A
8E5B	8E5B
8E5C	8E5C
8E5D	8E5D
8E5E	8E5E
8E5F	8E5F
8E60	8E60
8E61	8E61
8E62	8E62
8E63	8E63
8E64	8E64
8E65	8E65
8E66	8E66
8E67	8E67
8E68	8E68
8E69	8E69
8E6A	8E6A
8E6B	8E6B
8E6C	8E6C
8E6D	8E6D
8E6E	8E6E
8E6F	8E6F
8E70	8E70
8E71	8E71
8E72	8E72
8E73	8E73
8E74	8E74
8E75	8E75
8E76	8E76
8E77	8E77
8E78	8E78
8E79	8E79
8E7A	8E7A
8E7B	8E7B
8E7C	8E7C
8E7D	8E7D
8E7E	8E7E
8E7F	8E7F
8E80	8E80
8E81	8E81
8E82	8E82
8E83	8E83
8E84	8E84
8E85	8E85
8E86	8E86
8E87	8E87
8E88	8E88
8E89	8E89
8E8A	8E8A
8E8B	8E8B
8E8C	8E8C
8E8D	8E8D
8E8E	8E8E
8E8F	8E8F
8E90	8E90
8E91	8E91
8E92	8E92
8E93	8E93
8E94	8E94
8E95	8E95
8E96	8E96
8E97	8E97
8E98	8E98
8E99	8E99
8E9A	8E9A
8E9B	8E9B
8E9C	8E9C
8E9D	8E9D
8E9E	8E9E
8E9F	8E9F
8EA0	8EA0
8EA1	8EA1
8EA2	8EA2
8EA3	8EA3
8EA4	8EA4
8EA5	8EA5
8EA6	8EA6
8EA7	8EA7
8EA8	8EA8
8EA9	8EA9
8EAA	8EAA
8EAB	8EAB
8EAC	8EAC
8EAD	8EAD
8EAE	8EAE
8EAF	8EAF
8EB0	8EB0
8EB1	8EB1
8EB2	8EB2
8EB3	8EB3
8EB4	8EB4
8EB5	8EB5
8EB6	8EB6
8EB7	8EB7
8EB8	8EB8
8EB9	8EB9
8EBA	8EBA
8EBB	8EBB
8EBC	8EBC
8EBD	8EBD
8EBE	8EBE
8EBF	8EBF
8EC0	8EC0
8EC1	8EC1
8EC2	8EC2
8EC3	8EC3
8EC4	8EC4
8EC5	8EC5
8EC6	8EC6
8EC7	8EC7
8EC8	8EC8
8EC9	8EC9
8ECA	8ECA
8ECB	8ECB
8ECC	8ECC
8ECD	8ECD
8ECE	8ECE
8ECF	8ECF
8ED0	8ED0
8ED1	8ED1
8ED2	8ED2
8ED3	8ED3
8ED4	8ED4
8ED5	8ED5
8ED6	8ED6
8ED7	8ED7
8ED8	8ED8
8ED9	8ED9
8EDA	8EDA
8EDB	8EDB
8EDC	8EDC
8EDD	8EDD
8EDE	8EDE
8EDF	8EDF
8EE0	8EE0
8EE1	8EE1
8EE2	8EE2
8EE3	8EE3
8EE4	8EE4
8EE5	8EE5
8EE6	8EE6
8EE7	8EE7
8EE8	8EE8
8EE9	8EE9
8EEA	8EEA
8EEB	8EEB
8EEC	8EEC
8EED	8EED
8EEE	8EEE
8EEF	8EEF
8EF0	8EF0
8EF1	8EF1
8EF2	8EF2
8EF3	8EF3
8EF4	8EF4
8EF5	8EF5
8EF6	8EF6
8EF7	8EF7
8EF8	8EF8
8EF9	8EF9
8EFA	8EFA
8EFB	8EFB
8EFC	8EFC
8EFD	8EFD
8EFE	8EFE
8EFF	8EFF
8F00	8F00
8F01	8F01
8F02	8F02
8F03	8F03
8F04	8F04
8F05	8F05
8F06	8F06
8F07	8F07
8F08	8F08
8F09	8F09
8F0A	8F0A
8F0B	8F0B
8F0C	8F0C
8F0D	8F0D
8F0E	8F0E
8F0F	8F0F
8F10	8F10
8F11	8F11
8F12	8F12
8F13	8F13
8F14	8F14
8F15	8F15
8F16	8F16
8F17	8F17
8F18	8F18
8F19	8F19
8F1A	8F1A
8F1B	8F1B
8F1C	8F1C
8F1D	8F1D
8F1E	8F1E
8F1F	8F1F
8F20	8F20
8F21	8F21
8F22	8F22
8F23	8F23
8F24	8F24
8F25	8F25
8F26	8F26
8F27	8F27
8F28	8F28
8F29	8F29
8F2A	8F2A
8F2B	8F2B
8F2C	8F2C
8F2D	8F2D
8F2E	8F2E
8F2F	8F2F
8F30	8F30
8F31	8F31
8F32	8F32
8F33	8F33
8F34	8F34
8F35	8F35
8F36	8F36
8F37	8F37
8F38	8F38
8F39	8F39
8F3A	8F3A
8F3B	8F3B
8F3C	8F3C
8F3D	8F3D
8F3E	8F3E
8F3F	8F3F
8F40	8F40
8F41	8F41
8F42	8F42
8F43	8F43
8F44	8F44
8F45	8F45
8F46	8F46
8F47	8F47
8F48	8F48
8F49	8F49
8F4A	8F4A
8F4B	8F4B
8F4C	8F4C
8F4D	8F4D
8F4E	8F4E
8F4F	8F4F
8F50	8F50
8F51	8F51
8F52	8F52
8F53	8F53
8F54	8F54
8F55	8F55
8F56	8F56
8F57	8F57
8F58	8F58
8F59	8F59
8F5A	8F5A
8F5B	8F5B
8F5C	8F5C
8F5D	8F5D
8F5E	8F5E
8F5F	8F5F
8F60	8F60
8F61	8F61
8F62	8F62
8F63	8F63
8F64	8F64
8F65	8F65
8F66	8F66
8F67	8F67
8F68	8F68
8F69	8F69
8F6A	8F6A
8F6B	8F6B
8F6C	8F6C
8F6D	8F6D
8F6E	8F6E
8F6F	8F6F
8F70	8F70
8F71	8F71
8F72	8F72
8F73	8F73
8F74	8F74
8F75	8F75
8F76	8F76
8F77	8F77
8F78	8F78
8F79	8F79
8F7A	8F7A
8F7B	8F7B
8F7C	8F7C
8F7D	8F7D
8F7E	8F7E
8F7F	8F7F
8F80	8F80
8F81	8F81
8F82	8F82
8F83	8F83
8F84	8F84
8F85	8F85
8F86	8F86
8F87	8F87
8F88	8F88
8F89	8F89
8F8A	8F8A
8F8B	8F8B
8F8C	8F8C
8F8D	8F8D
8F8E	8F8E
8F8F	8F8F
8F90	8F90
8F91	8F91
8F92	8F92
8F93	8F93
8F94	8F94
8F95	8F95
8F96	8F96
8F97	8F97
8F98	8F98
8F99	8F99
8F9A	8F9A
8F9B	8F9B
8F9C	8F9C
8F9D	8F9D
8F9E	8F9E
8F9F	8F9F
8FA0	8FA0
8FA1	8FA1
8FA2	8FA2
8FA3	8FA3
8FA4	8FA4
8FA5	8FA5
8FA6	8FA6
8FA7	8FA7
8FA8	8FA8
8FA9	8FA9
8FAA	8FAA
8FAB	8FAB
8FAC	8FAC
8FAD	8FAD
8FAE	8FAE
8FAF	8FAF
8FB0	8FB0
8FB1	8FB1
8FB2	8FB2
8FB3	8FB3
8FB4	8FB4
8FB5	8FB5
8FB6	8FB6
8FB7	8FB7
8FB8	8FB8
8FB9	8FB9
8FBA	8FBA
8FBB	8FBB
8FBC	8FBC
8FBD	8FBD
8FBE	8FBE
8FBF	8FBF
8FC0	8FC0
8FC1	8FC1
8FC2	8FC2
8FC3	8FC3
8FC4	8FC4
8FC5	8FC5
8FC6	8FC6
8FC7	8FC7
8FC8	8FC8
8FC9	8FC9
8FCA	8FCA
8FCB	8FCB
8FCC	8FCC
8FCD	8FCD
8FCE	8FCE
8FCF	8FCF
8FD0	8FD0
8FD1	8FD1
8FD2	8FD2
8FD3	8FD3
8FD4	8FD4
8FD5	8FD5
8FD6	8FD6
8FD7	8FD7
8FD8	8FD8
8FD9	8FD9
8FDA	8FDA
8FDB	8FDB
8FDC	8FDC
8FDD	8FDD
8FDE	8FDE
8FDF	8FDF
8FE0	8FE0
8FE1	8FE1
8FE2	8FE2
8FE3	8FE3
8FE4	8FE4
8FE5	8FE5
8FE6	8FE6
8FE7	8FE7
8FE8	8FE8
8FE9	8FE9
8FEA	8FEA
8FEB	8FEB
8FEC	8FEC
8FED	8FED
8FEE	8FEE
8FEF	8FEF
8FF0	8FF0
8FF1	8FF1
8FF2	8FF2
8FF3	8FF3
8FF4	8FF4
8FF5	8FF5
8FF6	8FF6
8FF7	8FF7
8FF8	8FF8
8FF9	8FF9
8FFA	8FFA
8FFB	8FFB
8FFC	8FFC
8FFD	8FFD
8FFE	8FFE
8FFF	8FFF
9000	9000
9001	9001
9002	9002
9003	9003
9004	9004
9005	9005
9006	9006
9007	9007
9008	9008
9009	9009
900A	900A
900B	900B
900C	900C
900D	900D
900E	900E
900F	900F
9010	9010
9011	9011
9012	9012
9013	9013
9014	9014
9015	9015
9016	9016
9017	9017
9018	9018
9019	9019
901A	901A
901B	901B
901C	901C
901D	901D
901E	901E
901F	901F
9020	9020
9021	9021
9022	9022
9023	9023
9024	9024
9025	9025
9026	9026
9027	9027
9028	9028
9029	9029
902A	902A
902B	902B
902C	902C
902D	902D
902E	902E
902F	902F
9030	9030
9031	9031
9032	9032
9033	9033
9034	9034
9035	9035
9036	9036
9037	9037
9038	9038
9039	9039
903A	903A
903B	903B
903C	903C
903D	903D
903E	903E
903F	903F
9040	9040
9041	9041
9042	9042
9043	9043
9044	9044
9045	9045
9046	9046
9047	9047
9048	9048
9049	9049
904A	904A
904B	904B
904C	904C
904D	904D
904E	904E
904F	904F
9050	9050
9051	9051
9052	9052
9053	9053
9054	9054
9055	9055
9056	9056
9057	9057
9058	9058
9059	9059
905A	905A
905B	905B
905C	905C
905D	905D
905E	905E
905F	905F
9060	9060
9061	9061
9062	9062
9063	9063
9064	9064
9065	9065
9066	9066
9067	9067
9068	9068
9069	9069
906A	906A
906B	906B
906C	906C
906D	906D
906E	906E
906F	906F
9070	9070
9071	9071
9072	9072
9073	9073
9074	9074
9075	9075
9076	9076
9077	9077
9078	9078
9079	9079
907A	907A
907B	907B
907C	907C
907D	907D
907E	907E
907F	907F
9080	9080
9081	9081
9082	9082
9083	9083
9084	9084
9085	9085
9086	9086
9087	9087
9088	9088
9089	9089
908A	908A
908B	908B
908C	908C
908D	908D
908E	908E
908F	908F
9090	9090
9091	9091
9092	9092
9093	9093
9094	9094
9095	9095
9096	9096
9097	9097
9098	9098
9099	9099
909A	909A
909B	909B
909C	909C
909D	909D
909E	909E
909F	909F
90A0	90A0
90A1	90A1
90A2	90A2
90A3	90A3
90A4	90A4
90A5	90A5
90A6	90A6
90A7	90A7
90A8	90A8
90A9	90A9
90AA	90AA
90AB	90AB
90AC	90AC
90AD	90AD
90AE	90AE
90AF	90AF
90B0	90B0
90B1	90B1
90B2	90B2
90B3	90B3
90B4	90B4
90B5	90B5
90B6	90B6
90B7	90B7
90B8	90B8
90B9	90B9
90BA	90BA
90BB	90BB
90BC	90BC
90BD	90BD
90BE	90BE
90BF	90BF
90C0	90C0
90C1	90C1
90C2	90C2
90C3	90C3
90C4	90C4
90C5	90C5
90C6	90C6
90C7	90C7
90C8	90C8
90C9	90C9
90CA	90CA
90CB	90CB
90CC	90CC
90CD	90CD
90CE	90CE
90CF	90CF
90D0	90D0
90D1	90D1
90D2	90D2
90D3	90D3
90D4	90D4
90D5	90D5
90D6	90D6
90D7	90D7
90D8	90D8
90D9	90D9
90DA	90DA
90DB	90DB
90DC	90DC
90DD	90DD
90DE	90DE
90DF	90DF
90E0	90E0
90E1	90E1
90E2	90E2
90E3	90E3
90E4	90E4
90E5	90E5
90E6	90E6
90E7	90E7
90E8	90E8
90E9	90E9
90EA	90EA
90EB	90EB
90EC	90EC
90ED	90ED
90EE	90EE
90EF	90EF
90F0	90F0
90F1	90F1
90F2	90F2
90F3	90F3
90F4	90F4
90F5	90F5
90F6	90F6
90F7	90F7
90F8	90F8
90F9	90F9
90FA	90FA
90FB	90FB
90FC	90FC
90FD	90FD
90FE	90FE
90FF	90FF
9100	9100
9101	9101
9102	9102
9103	9103
9104	9104
9105	9105
9106	9106
9107	9107
9108	9108
9109	9109
910A	910A
910B	910B
910C	910C
910D	910D
910E	910E
910F	910F
9110	9110
9111	9111
9112	9112
9113	9113
9114	9114
9115	9115
9116	9116
9117	9117
9118	9118
9119	9119
911A	911A
911B	911B
911C	911C
911D	911D
911E	911E
911F	911F
9120	9120
9121	9121
9122	9122
9123	9123
9124	9124
9125	9125
9126	9126
9127	9127
9128	9128
9129	9129
912A	912A
912B	912B
912C	912C
912D	912D
912E	912E
912F	912F
9130	9130
9131	9131
9132	9132
9133	9133
9134	9134
9135	9135
9136	9136
9137	9137
9138	9138
9139	9139
913A	913A
913B	913B
913C	913C
913D	913D
913E	913E
913F	913F
9140	9140
9141	9141
9142	9142
9143	9143
9144	9144
9145	9145
9146	9146
9147	9147
9148	9148
9149	9149
914A	914A
914B	914B
914C	914C
914D	914D
914E	914E
914F	914F
9150	9150
9151	9151
9152	9152
9153	9153
9154	9154
9155	9155
9156	9156
9157	9157
9158	9158
9159	9159
915A	915A
915B	915B
915C	915C
915D	915D
915E	915E
915F	915F
9160	9160
9161	9161
9162	9162
9163	9163
9164	9164
9165	9165
9166	9166
9167	9167
9168	9168
9169	9169
916A	916A
916B	916B
916C	916C
916D	916D
916E	916E
916F	916F
9170	9170
9171	9171
9172	9172
9173	9173
9174	9174
9175	9175
9176	9176
9177	9177
9178	9178
9179	9179
917A	917A
917B	917B
917C	917C
917D	917D
917E	917E
917F	917F
9180	9180
9181	9181
9182	9182
9183	9183
9184	9184
9185	9185
9186	9186
9187	9187
9188	9188
9189	9189
918A	918A
918B	918B
918C	918C
918D	918D
918E	918E
918F	918F
9190	9190
9191	9191
9192	9192
9193	9193
9194	9194
9195	9195
9196	9196
9197	9197
9198	9198
9199	9199
919A	919A
919B	919B
919C	919C
919D	919D
919E	919E
919F	919F
91A0	91A0
91A1	91A1
91A2	91A2
91A3	91A3
91A4	91A4
91A5	91A5
91A6	91A6
91A7	91A7
91A8	91A8
91A9	91A9
91AA	91AA
91AB	91AB
91AC	91AC
91AD	91AD
91AE	91AE
91AF	91AF
91B0	91B0
91B1	91B1
91B2	91B2
91B3	91B3
91B4	91B4
91B5	91B5
91B6	91B6
91B7	91B7
91B8	91B8
91B9	91B9
91BA	91BA
91BB	91BB
91BC	91BC
91BD	91BD
91BE	91BE
91BF	91BF
91C0	91C0
91C1	91C1
91C2	91C2
91C3	91C3
91C4	91C4
91C5	91C5
91C6	91C6
91C7	91C7
91C8	91C8
91C9	91C9
91CA	91CA
91CB	91CB
91CC	91CC
91CD	91CD
91CE	91CE
91CF	91CF
91D0	91D0
91D1	91D1
91D2	91D2
91D3	91D3
91D4	91D4
91D5	91D5
91D6	91D6
91D7	91D7
91D8	91D8
91D9	91D9
91DA	91DA
91DB	91DB
91DC	91DC
91DD	91DD
91DE	91DE
91DF	91DF
91E0	91E0
91E1	91E1
91E2	91E2
91E3	91E3
91E4	91E4
91E5	91E5
91E6	91E6
91E7	91E7
91E8	91E8
91E9	91E9
91EA	91EA
91EB	91EB
91EC	91EC
91ED	91ED
91EE	91EE
91EF	91EF
91F0	91F0
91F1	91F1
91F2	91F2
91F3	91F3
91F4	91F4
91F5	91F5
91F6	91F6
91F7	91F7
91F8	91F8
91F9	91F9
91FA	91FA
91FB	91FB
91FC	91FC
91FD	91FD
91FE	91FE
91FF	91FF
9200	9200
9201	9201
9202	9202
9203	9203
9204	9204
9205	9205
9206	9206
9207	9207
9208	9208
9209	9209
920A	920A
920B	920B
920C	920C
920D	920D
920E	920E
920F	920F
9210	9210
9211	9211
9212	9212
9213	9213
9214	9214
9215	9215
9216	9216
9217	9217
9218	9218
9219	9219
921A	921A
921B	921B
921C	921C
921D	921D
921E	921E
921F	921F
9220	9220
9221	9221
9222	9222
9223	9223
9224	9224
9225	9225
9226	9226
9227	9227
9228	9228
9229	9229
922A	922A
922B	922B
922C	922C
922D	922D
922E	922E
922F	922F
9230	9230
9231	9231
9232	9232
9233	9233
9234	9234
9235	9235
9236	9236
9237	9237
9238	9238
9239	9239
923A	923A
923B	923B
923C	923C
923D	923D
923E	923E
923F	923F
9240	9240
9241	9241
9242	9242
9243	9243
9244	9244
9245	9245
9246	9246
9247	9247
9248	9248
9249	9249
924A	924A
924B	924B
924C	924C
924D	924D
924E	924E
924F	924F
9250	9250
9251	9251
9252	9252
9253	9253
9254	9254
9255	9255
9256	9256
9257	9257
9258	9258
9259	9259
925A	925A
925B	925B
925C	925C
925D	925D
925E	925E
925F	925F
9260	9260
9261	9261
9262	9262
9263	9263
9264	9264
9265	9265
9266	9266
9267	9267
9268	9268
9269	9269
926A	926A
926B	926B
926C	926C
926D	926D
926E	926E
926F	926F
9270	9270
9271	9271
9272	9272
9273	9273
9274	9274
9275	9275
9276	9276
9277	9277
9278	9278
9279	9279
927A	927A
927B	927B
927C	927C
927D	927D
927E	927E
927F	927F
9280	9280
9281	9281
9282	9282
9283	9283
9284	9284
9285	9285
9286	9286
9287	9287
9288	9288
9289	9289
928A	928A
928B	928B
928C	928C
928D	928D
928E	928E
928F	928F
9290	9290
9291	9291
9292	9292
9293	9293
9294	9294
9295	9295
9296	9296
9297	9297
9298	9298
9299	9299
929A	929A
929B	929B
929C	929C
929D	929D
929E	929E
929F	929F
92A0	92A0
92A1	92A1
92A2	92A2
92A3	92A3
92A4	92A4
92A5	92A5
92A6	92A6
92A7	92A7
92A8	92A8
92A9	92A9
92AA	92AA
92AB	92AB
92AC	92AC
92AD	92AD
92AE	92AE
92AF	92AF
92B0	92B0
92B1	92B1
92B2	92B2
92B3	92B3
92B4	92B4
92B5	92B5
92B6	92B6
92B7	92B7
92B8	92B8
92B9	92B9
92BA	92BA
92BB	92BB
92BC	92BC
92BD	92BD
92BE	92BE
92BF	92BF
92C0	92C0
92C1	92C1
92C2	92C2
92C3	92C3
92C4	92C4
92C5	92C5
92C6	92C6
92C7	92C7
92C8	92C8
92C9	92C9
92CA	92CA
92CB	92CB
92CC	92CC
92CD	92CD
92CE	92CE
92CF	92CF
92D0	92D0
92D1	92D1
92D2	92D2
92D3	92D3
92D4	92D4
92D5	92D5
92D6	92D6
92D7	92D7
92D8	92D8
92D9	92D9
92DA	92DA
92DB	92DB
92DC	92DC
92DD	92DD
92DE	92DE
92DF	92DF
92E0	92E0
92E1	92E1
92E2	92E2
92E3	92E3
92E4	92E4
92E5	92E5
92E6	92E6
92E7	92E7
92E8	92E8
92E9	92E9
92EA	92EA
92EB	92EB
92EC	92EC
92ED	92ED
92EE	92EE
92EF	92EF
92F0	92F0
92F1	92F1
92F2	92F2
92F3	92F3
92F4	92F4
92F5	92F5
92F6	92F6
92F7	92F7
92F8	92F8
92F9	92F9
92FA	92FA
92FB	92FB
92FC	92FC
92FD	92FD
92FE	92FE
92FF	92FF
9300	9300
9301	9301
9302	9302
9303	9303
9304	9304
9305	9305
9306	9306
9307	9307
9308	9308
9309	9309
930A	930A
930B	930B
930C	930C
930D	930D
930E	930E
930F	930F
9310	9310
9311	9311
9312	9312
9313	9313
9314	9314
9315	9315
9316	9316
9317	9317
9318	9318
9319	9319
931A	931A
931B	931B
931C	931C
931D	931D
931E	931E
931F	931F
9320	9320
9321	9321
9322	9322
9323	9323
9324	9324
9325	9325
9326	9326
9327	9327
9328	9328
9329	9329
932A	932A
932B	932B
932C	932C
932D	932D
932E	932E
932F	932F
9330	9330
9331	9331
9332	9332
9333	9333
9334	9334
9335	9335
9336	9336
9337	9337
9338	9338
9339	9339
933A	933A
933B	933B
933C	933C
933D	933D
933E	933E
933F	933F
9340	9340
9341	9341
9342	9342
9343	9343
9344	9344
9345	9345
9346	9346
9347	9347
9348	9348
9349	9349
934A	934A
934B	934B
934C	934C
934D	934D
934E	934E
934F	934F
9350	9350
9351	9351
9352	9352
9353	9353
9354	9354
9355	9355
9356	9356
9357	9357
9358	9358
9359	9359
935A	935A
935B	935B
935C	935C
935D	935D
935E	935E
935F	935F
9360	9360
9361	9361
9362	9362
9363	9363
9364	9364
9365	9365
9366	9366
9367	9367
9368	9368
9369	9369
936A	936A
936B	936B
936C	936C
936D	936D
936E	936E
936F	936F
9370	9370
9371	9371
9372	9372
9373	9373
9374	9374
9375	9375
9376	9376
9377	9377
9378	9378
9379	9379
937A	937A
937B	937B
937C	937C
937D	937D
937E	937E
937F	937F
9380	9380
9381	9381
9382	9382
9383	9383
9384	9384
9385	9385
9386	9386
9387	9387
9388	9388
9389	9389
938A	938A
938B	938B
938C	938C
938D	938D
938E	938E
938F	938F
9390	9390
9391	9391
9392	9392
9393	9393
9394	9394
9395	9395
9396	9396
9397	9397
9398	9398
9399	9399
939A	939A
939B	939B
939C	939C
939D	939D
939E	939E
939F	939F
93A0	93A0
93A1	93A1
93A2	93A2
93A3	93A3
93A4	93A4
93A5	93A5
93A6	93A6
93A7	93A7
93A8	93A8
93A9	93A9
93AA	93AA
93AB	93AB
93AC	93AC
93AD	93AD
93AE	93AE
93AF	93AF
93B0	93B0
93B1	93B1
93B2	93B2
93B3	93B3
93B4	93B4
93B5	93B5
93B6	93B6
93B7	93B7
93B8	93B8
93B9	93B9
93BA	93BA
93BB	93BB
93BC	93BC
93BD	93BD
93BE	93BE
93BF	93BF
93C0	93C0
93C1	93C1
93C2	93C2
93C3	93C3
93C4	93C4
93C5	93C5
93C6	93C6
93C7	93C7
93C8	93C8
93C9	93C9
93CA	93CA
93CB	93CB
93CC	93CC
93CD	93CD
93CE	93CE
93CF	93CF
93D0	93D0
93D1	93D1
93D2	93D2
93D3	93D3
93D4	93D4
93D5	93D5
93D6	93D6
93D7	93D7
93D8	93D8
93D9	93D9
93DA	93DA
93DB	93DB
93DC	93DC
93DD	93DD
93DE	93DE
93DF	93DF
93E0	93E0
93E1	93E1
93E2	93E2
93E3	93E3
93E4	93E4
93E5	93E5
93E6	93E6
93E7	93E7
93E8	93E8
93E9	93E9
93EA	93EA
93EB	93EB
93EC	93EC
93ED	93ED
93EE	93EE
93EF	93EF
93F0	93F0
93F1	93F1
93F2	93F2
93F3	93F3
93F4	93F4
93F5	93F5
93F6	93F6
93F7	93F7
93F8	93F8
93F9	93F9
93FA	93FA
93FB	93FB
93FC	93FC
93FD	93FD
93FE	93FE
93FF	93FF
9400	9400
9401	9401
9402	9402
9403	9403
9404	9404
9405	9405
9406	9406
9407	9407
9408	9408
9409	9409
940A	940A
940B	940B
940C	940C
940D	940D
940E	940E
940F	940F
9410	9410
9411	9411
9412	9412
9413	9413
9414	9414
9415	9415
9416	9416
9417	9417
9418	9418
9419	9419
941A	941A
941B	941B
941C	941C
941D	941D
941E	941E
941F	941F
9420	9420
9421	9421
9422	9422
9423	9423
9424	9424
9425	9425
9426	9426
9427	9427
9428	9428
9429	9429
942A	942A
942B	942B
942C	942C
942D	942D
942E	942E
942F	942F
9430	9430
9431	9431
9432	9432
9433	9433
9434	9434
9435	9435
9436	9436
9437	9437
9438	9438
9439	9439
943A	943A
943B	943B
943C	943C
943D	943D
943E	943E
943F	943F
9440	9440
9441	9441
9442	9442
9443	9443
9444	9444
9445	9445
9446	9446
9447	9447
9448	9448
9449	9449
944A	944A
944B	944B
944C	944C
944D	944D
944E	944E
944F	944F
9450	9450
9451	9451
9452	9452
9453	9453
9454	9454
9455	9455
9456	9456
9457	9457
9458	9458
9459	9459
945A	945A
945B	945B
945C	945C
945D	945D
945E	945E
945F	945F
9460	9460
9461	9461
9462	9462
9463	9463
9464	9464
9465	9465
9466	9466
9467	9467
9468	9468
9469	9469
946A	946A
946B	946B
946C	946C
946D	946D
946E	946E
946F	946F
9470	9470
9471	9471
9472	9472
9473	9473
9474	9474
9475	9475
9476	9476
9477	9477
9478	9478
9479	9479
947A	947A
947B	947B
947C	947C
947D	947D
947E	947E
947F	947F
9480	9480
9481	9481
9482	9482
9483	9483
9484	9484
9485	9485
9486	9486
9487	9487
9488	9488
9489	9489
948A	948A
948B	948B
948C	948C
948D	948D
948E	948E
948F	948F
9490	9490
9491	9491
9492	9492
9493	9493
9494	9494
9495	9495
9496	9496
9497	9497
9498	9498
9499	9499
949A	949A
949B	949B
949C	949C
949D	949D
949E	949E
949F	949F
94A0	94A0
94A1	94A1
94A2	94A2
94A3	94A3
94A4	94A4
94A5	94A5
94A6	94A6
94A7	94A7
94A8	94A8
94A9	94A9
94AA	94AA
94AB	94AB
94AC	94AC
94AD	94AD
94AE	94AE
94AF	94AF
94B0	94B0
94B1	94B1
94B2	94B2
94B3	94B3
94B4	94B4
94B5	94B5
94B6	94B6
94B7	94B7
94B8	94B8
94B9	94B9
94BA	94BA
94BB	94BB
94BC	94BC
94BD	94BD
94BE	94BE
94BF	94BF
94C0	94C0
94C1	94C1
94C2	94C2
94C3	94C3
94C4	94C4
94C5	94C5
94C6	94C6
94C7	94C7
94C8	94C8
94C9	94C9
94CA	94CA
94CB	94CB
94CC	94CC
94CD	94CD
94CE	94CE
94CF	94CF
94D0	94D0
94D1	94D1
94D2	94D2
94D3	94D3
94D4	94D4
94D5	94D5
94D6	94D6
94D7	94D7
94D8	94D8
94D9	94D9
94DA	94DA
94DB	94DB
94DC	94DC
94DD	94DD
94DE	94DE
94DF	94DF
94E0	94E0
94E1	94E1
94E2	94E2
94E3	94E3
94E4	94E4
94E5	94E5
94E6	94E6
94E7	94E7
94E8	94E8
94E9	94E9
94EA	94EA
94EB	94EB
94EC	94EC
94ED	94ED
94EE	94EE
94EF	94EF
94F0	94F0
94F1	94F1
94F2	94F2
94F3	94F3
94F4	94F4
94F5	94F5
94F6	94F6
94F7	94F7
94F8	94F8
94F9	94F9
94FA	94FA
94FB	94FB
94FC	94FC
94FD	94FD
94FE	94FE
94FF	94FF
9500	9500
9501	9501
9502	9502
9503	9503
9504	9504
9505	9505
9506	9506
9507	9507
9508	9508
9509	9509
950A	950A
950B	950B
950C	950C
950D	950D
950E	950E
950F	950F
9510	9510
9511	9511
9512	9512
9513	9513
9514	9514
9515	9515
9516	9516
9517	9517
9518	9518
9519	9519
951A	951A
951B	951B
951C	951C
951D	951D
951E	951E
951F	951F
9520	9520
9521	9521
9522	9522
9523	9523
9524	9524
9525	9525
9526	9526
9527	9527
9528	9528
9529	9529
952A	952A
952B	952B
952C	952C
952D	952D
952E	952E
952F	952F
9530	9530
9531	9531
9532	9532
9533	9533
9534	9534
9535	9535
9536	9536
9537	9537
9538	9538
9539	9539
953A	953A
953B	953B
953C	953C
953D	953D
953E	953E
953F	953F
9540	9540
9541	9541
9542	9542
9543	9543
9544	9544
9545	9545
9546	9546
9547	9547
9548	9548
9549	9549
954A	954A
954B	954B
954C	954C
954D	954D
954E	954E
954F	954F
9550	9550
9551	9551
9552	9552
9553	9553
9554	9554
9555	9555
9556	9556
9557	9557
9558	9558
9559	9559
955A	955A
955B	955B
955C	955C
955D	955D
955E	955E
955F	955F
9560	9560
9561	9561
9562	9562
9563	9563
9564	9564
9565	9565
9566	9566
9567	9567
9568	9568
9569	9569
956A	956A
956B	956B
956C	956C
956D	956D
956E	956E
956F	956F
9570	9570
9571	9571
9572	9572
9573	9573
9574	9574
9575	9575
9576	9576
9577	9577
9578	9578
9579	9579
957A	957A
957B	957B
957C	957C
957D	957D
957E	957E
957F	957F
9580	9580
9581	9581
9582	9582
9583	9583
9584	9584
9585	9585
9586	9586
9587	9587
9588	9588
9589	9589
958A	958A
958B	958B
958C	958C
958D	958D
958E	958E
958F	958F
9590	9590
9591	9591
9592	9592
9593	9593
9594	9594
9595	9595
9596	9596
9597	9597
9598	9598
9599	9599
959A	959A
959B	959B
959C	959C
959D	959D
959E	959E
959F	959F
95A0	95A0
95A1	95A1
95A2	95A2
95A3	95A3
95A4	95A4
95A5	95A5
95A6	95A6
95A7	95A7
95A8	95A8
95A9	95A9
95AA	95AA
95AB	95AB
95AC	95AC
95AD	95AD
95AE	95AE
95AF	95AF
95B0	95B0
95B1	95B1
95B2	95B2
95B3	95B3
95B4	95B4
95B5	95B5
95B6	95B6
95B7	95B7
95B8	95B8
95B9	95B9
95BA	95BA
95BB	95BB
95BC	95BC
95BD	95BD
95BE	95BE
95BF	95BF
95C0	95C0
95C1	95C1
95C2	95C2
95C3	95C3
95C4	95C4
95C5	95C5
95C6	95C6
95C7	95C7
95C8	95C8
95C9	95C9
95CA	95CA
95CB	95CB
95CC	95CC
95CD	95CD
95CE	95CE
95CF	95CF
95D0	95D0
95D1	95D1
95D2	95D2
95D3	95D3
95D4	95D4
95D5	95D5
95D6	95D6
95D7	95D7
95D8	95D8
95D9	95D9
95DA	95DA
95DB	95DB
95DC	95DC
95DD	95DD
95DE	95DE
95DF	95DF
95E0	95E0
95E1	95E1
95E2	95E2
95E3	95E3
95E4	95E4
95E5	95E5
95E6	95E6
95E7	95E7
95E8	95E8
95E9	95E9
95EA	95EA
95EB	95EB
95EC	95EC
95ED	95ED
95EE	95EE
95EF	95EF
95F0	95F0
95F1	95F1
95F2	95F2
95F3	95F3
95F4	95F4
95F5	95F5
95F6	95F6
95F7	95F7
95F8	95F8
95F9	95F9
95FA	95FA
95FB	95FB
95FC	95FC
95FD	95FD
95FE	95FE
95FF	95FF
9600	9600
9601	9601
9602	9602
9603	9603
9604	9604
9605	9605
9606	9606
9607	9607
9608	9608
9609	9609
960A	960A
960B	960B
960C	960C
960D	960D
960E	960E
960F	960F
9610	9610
9611	9611
9612	9612
9613	9613
9614	9614
9615	9615
9616	9616
9617	9617
9618	9618
9619	9619
961A	961A
961B	961B
961C	961C
961D	961D
961E	961E
961F	961F
9620	9620
9621	9621
9622	9622
9623	9623
9624	9624
9625	9625
9626	9626
9627	9627
9628	9628
9629	9629
962A	962A
962B	962B
962C	962C
962D	962D
962E	962E
962F	962F
9630	9630
9631	9631
9632	9632
9633	9633
9634	9634
9635	9635
9636	9636
9637	9637
9638	9638
9639	9639
963A	963A
963B	963B
963C	963C
963D	963D
963E	963E
963F	963F
9640	9640
9641	9641
9642	9642
9643	9643
9644	9644
9645	9645
9646	9646
9647	9647
9648	9648
9649	9649
964A	964A
964B	964B
964C	964C
964D	964D
964E	964E
964F	964F
9650	9650
9651	9651
9652	9652
9653	9653
9654	9654
9655	9655
9656	9656
9657	9657
9658	9658
9659	9659
965A	965A
965B	965B
965C	965C
965D	965D
965E	965E
965F	965F
9660	9660
9661	9661
9662	9662
9663	9663
9664	9664
9665	9665
9666	9666
9667	9667
9668	9668
9669	9669
966A	966A
966B	966B
966C	966C
966D	966D
966E	966E
966F	966F
9670	9670
9671	9671
9672	9672
9673	9673
9674	9674
9675	9675
9676	9676
9677	9677
9678	9678
9679	9679
967A	967A
967B	967B
967C	967C
967D	967D
967E	967E
967F	967F
9680	9680
9681	9681
9682	9682
9683	9683
9684	9684
9685	9685
9686	9686
9687	9687
9688	9688
9689	9689
968A	968A
968B	968B
968C	968C
968D	968D
968E	968E
968F	968F
9690	9690
9691	9691
9692	9692
9693	9693
9694	9694
9695	9695
9696	9696
9697	9697
9698	9698
9699	9699
969A	969A
969B	969B
969C	969C
969D	969D
969E	969E
969F	969F
96A0	96A0
96A1	96A1
96A2	96A2
96A3	96A3
96A4	96A4
96A5	96A5
96A6	96A6
96A7	96A7
96A8	96A8
96A9	96A9
96AA	96AA
96AB	96AB
96AC	96AC
96AD	96AD
96AE	96AE
96AF	96AF
96B0	96B0
96B1	96B1
96B2	96B2
96B3	96B3
96B4	96B4
96B5	96B5
96B6	96B6
96B7	96B7
96B8	96B8
96B9	96B9
96BA	96BA
96BB	96BB
96BC	96BC
96BD	96BD
96BE	96BE
96BF	96BF
96C0	96C0
96C1	96C1
96C2	96C2
96C3	96C3
96C4	96C4
96C5	96C5
96C6	96C6
96C7	96C7
96C8	96C8
96C9	96C9
96CA	96CA
96CB	96CB
96CC	96CC
96CD	96CD
96CE	96CE
96CF	96CF
96D0	96D0
96D1	96D1
96D2	96D2
96D3	96D3
96D4	96D4
96D5	96D5
96D6	96D6
96D7	96D7
96D8	96D8
96D9	96D9
96DA	96DA
96DB	96DB
96DC	96DC
96DD	96DD
96DE	96DE
96DF	96DF
96E0	96E0
96E1	96E1
96E2	96E2
96E3	96E3
96E4	96E4
96E5	96E5
96E6	96E6
96E7	96E7
96E8	96E8
96E9	96E9
96EA	96EA
96EB	96EB
96EC	96EC
96ED	96ED
96EE	96EE
96EF	96EF
96F0	96F0
96F1	96F1
96F2	96F2
96F3	96F3
96F4	96F4
96F5	96F5
96F6	96F6
96F7	96F7
96F8	96F8
96F9	96F9
96FA	96FA
96FB	96FB
96FC	96FC
96FD	96FD
96FE	96FE
96FF	96FF
9700	9700
9701	9701
9702	9702
9703	9703
9704	9704
9705	9705
9706	9706
9707	9707
9708	9708
9709	9709
970A	970A
970B	970B
970C	970C
970D	970D
970E	970E
970F	970F
9710	9710
9711	9711
9712	9712
9713	9713
9714	9714
9715	9715
9716	9716
9717	9717
9718	9718
9719	9719
971A	971A
971B	971B
971C	971C
971D	971D
971E	971E
971F	971F
9720	9720
9721	9721
9722	9722
9723	9723
9724	9724
9725	9725
9726	9726
9727	9727
9728	9728
9729	9729
972A	972A
972B	972B
972C	972C
972D	972D
972E	972E
972F	972F
9730	9730
9731	9731
9732	9732
9733	9733
9734	9734
9735	9735
9736	9736
9737	9737
9738	9738
9739	9739
973A	973A
973B	973B
973C	973C
973D	973D
973E	973E
973F	973F
9740	9740
9741	9741
9742	9742
9743	9743
9744	9744
9745	9745
9746	9746
9747	9747
9748	9748
9749	9749
974A	974A
974B	974B
974C	974C
974D	974D
974E	974E
974F	974F
9750	9750
9751	9751
9752	9752
9753	9753
9754	9754
9755	9755
9756	9756
9757	9757
9758	9758
9759	9759
975A	975A
975B	975B
975C	975C
975D	975D
975E	975E
975F	975F
9760	9760
9761	9761
9762	9762
9763	9763
9764	9764
9765	9765
9766	9766
9767	9767
9768	9768
9769	9769
976A	976A
976B	976B
976C	976C
976D	976D
976E	976E
976F	976F
9770	9770
9771	9771
9772	9772
9773	9773
9774	9774
9775	9775
9776	9776
9777	9777
9778	9778
9779	9779
977A	977A
977B	977B
977C	977C
977D	977D
977E	977E
977F	977F
9780	9780
9781	9781
9782	9782
9783	9783
9784	9784
9785	9785
9786	9786
9787	9787
9788	9788
9789	9789
978A	978A
978B	978B
978C	978C
978D	978D
978E	978E
978F	978F
9790	9790
9791	9791
9792	9792
9793	9793
9794	9794
9795	9795
9796	9796
9797	9797
9798	9798
9799	9799
979A	979A
979B	979B
979C	979C
979D	979D
979E	979E
979F	979F
97A0	97A0
97A1	97A1
97A2	97A2
97A3	97A3
97A4	97A4
97A5	97A5
97A6	97A6
97A7	97A7
97A8	97A8
97A9	97A9
97AA	97AA
97AB	97AB
97AC	97AC
97AD	97AD
97AE	97AE
97AF	97AF
97B0	97B0
97B1	97B1
97B2	97B2
97B3	97B3
97B4	97B4
97B5	97B5
97B6	97B6
97B7	97B7
97B8	97B8
97B9	97B9
97BA	97BA
97BB	97BB
97BC	97BC
97BD	97BD
97BE	97BE
97BF	97BF
97C0	97C0
97C1	97C1
97C2	97C2
97C3	97C3
97C4	97C4
97C5	97C5
97C6	97C6
97C7	97C7
97C8	97C8
97C9	97C9
97CA	97CA
97CB	97CB
97CC	97CC
97CD	97CD
97CE	97CE
97CF	97CF
97D0	97D0
97D1	97D1
97D2	97D2
97D3	97D3
97D4	97D4
97D5	97D5
97D6	97D6
97D7	97D7
97D8	97D8
97D9	97D9
97DA	97DA
97DB	97DB
97DC	97DC
97DD	97DD
97DE	97DE
97DF	97DF
97E0	97E0
97E1	97E1
97E2	97E2
97E3	97E3
97E4	97E4
97E5	97E5
97E6	97E6
97E7	97E7
97E8	97E8
97E9	97E9
97EA	97EA
97EB	97EB
97EC	97EC
97ED	97ED
97EE	97EE
97EF	97EF
97F0	97F0
97F1	97F1
97F2	97F2
97F3	97F3
97F4	97F4
97F5	97F5
97F6	97F6
97F7	97F7
97F8	97F8
97F9	97F9
97FA	97FA
97FB	97FB
97FC	97FC
97FD	97FD
97FE	97FE
97FF	97FF
9800	9800
9801	9801
9802	9802
9803	9803
9804	9804
9805	9805
9806	9806
9807	9807
9808	9808
9809	9809
980A	980A
980B	980B
980C	980C
980D	980D
980E	980E
980F	980F
9810	9810
9811	9811
9812	9812
9813	9813
9814	9814
9815	9815
9816	9816
9817	9817
9818	9818
9819	9819
981A	981A
981B	981B
981C	981C
981D	981D
981E	981E
981F	981F
9820	9820
9821	9821
9822	9822
9823	9823
9824	9824
9825	9825
9826	9826
9827	9827
9828	9828
9829	9829
982A	982A
982B	982B
982C	982C
982D	982D
982E	982E
982F	982F
9830	9830
9831	9831
9832	9832
9833	9833
9834	9834
9835	9835
9836	9836
9837	9837
9838	9838
9839	9839
983A	983A
983B	983B
983C	983C
983D	983D
983E	983E
983F	983F
9840	9840
9841	9841
9842	9842
9843	9843
9844	9844
9845	9845
9846	9846
9847	9847
9848	9848
9849	9849
984A	984A
984B	984B
984C	984C
984D	984D
984E	984E
984F	984F
9850	9850
9851	9851
9852	9852
9853	9853
9854	9854
9855	9855
9856	9856
9857	9857
9858	9858
9859	9859
985A	985A
985B	985B
985C	985C
985D	985D
985E	985E
985F	985F
9860	9860
9861	9861
9862	9862
9863	9863
9864	9864
9865	9865
9866	9866
9867	9867
9868	9868
9869	9869
986A	986A
986B	986B
986C	986C
986D	986D
986E	986E
986F	986F
9870	9870
9871	9871
9872	9872
9873	9873
9874	9874
9875	9875
9876	9876
9877	9877
9878	9878
9879	9879
987A	987A
987B	987B
987C	987C
987D	987D
987E	987E
987F	987F
9880	9880
9881	9881
9882	9882
9883	9883
9884	9884
9885	9885
9886	9886
9887	9887
9888	9888
9889	9889
988A	988A
988B	988B
988C	988C
988D	988D
988E	988E
988F	988F
9890	9890
9891	9891
9892	9892
9893	9893
9894	9894
9895	9895
9896	9896
9897	9897
9898	9898
9899	9899
989A	989A
989B	989B
989C	989C
989D	989D
989E	989E
989F	989F
98A0	98A0
98A1	98A1
98A2	98A2
98A3	98A3
98A4	98A4
98A5	98A5
98A6	98A6
98A7	98A7
98A8	98A8
98A9	98A9
98AA	98AA
98AB	98AB
98AC	98AC
98AD	98AD
98AE	98AE
98AF	98AF
98B0	98B0
98B1	98B1
98B2	98B2
98B3	98B3
98B4	98B4
98B5	98B5
98B6	98B6
98B7	98B7
98B8	98B8
98B9	98B9
98BA	98BA
98BB	98BB
98BC	98BC
98BD	98BD
98BE	98BE
98BF	98BF
98C0	98C0
98C1	98C1
98C2	98C2
98C3	98C3
98C4	98C4
98C5	98C5
98C6	98C6
98C7	98C7
98C8	98C8
98C9	98C9
98CA	98CA
98CB	98CB
98CC	98CC
98CD	98CD
98CE	98CE
98CF	98CF
98D0	98D0
98D1	98D1
98D2	98D2
98D3	98D3
98D4	98D4
98D5	98D5
98D6	98D6
98D7	98D7
98D8	98D8
98D9	98D9
98DA	98DA
98DB	98DB
98DC	98DC
98DD	98DD
98DE	98DE
98DF	98DF
98E0	98E0
98E1	98E1
98E2	98E2
98E3	98E3
98E4	98E4
98E5	98E5
98E6	98E6
98E7	98E7
98E8	98E8
98E9	98E9
98EA	98EA
98EB	98EB
98EC	98EC
98ED	98ED
98EE	98EE
98EF	98EF
98F0	98F0
98F1	98F1
98F2	98F2
98F3	98F3
98F4	98F4
98F5	98F5
98F6	98F6
98F7	98F7
98F8	98F8
98F9	98F9
98FA	98FA
98FB	98FB
98FC	98FC
98FD	98FD
98FE	98FE
98FF	98FF
9900	9900
9901	9901
9902	9902
9903	9903
9904	9904
9905	9905
9906	9906
9907	9907
9908	9908
9909	9909
990A	990A
990B	990B
990C	990C
990D	990D
990E	990E
990F	990F
9910	9910
9911	9911
9912	9912
9913	9913
9914	9914
9915	9915
9916	9916
9917	9917
9918	9918
9919	9919
991A	991A
991B	991B
991C	991C
991D	991D
991E	991E
991F	991F
9920	9920
9921	9921
9922	9922
9923	9923
9924	9924
9925	9925
9926	9926
9927	9927
9928	9928
9929	9929
992A	992A
992B	992B
992C	992C
992D	992D
992E	992E
992F	992F
9930	9930
9931	9931
9932	9932
9933	9933
9934	9934
9935	9935
9936	9936
9937	9937
9938	9938
9939	9939
993A	993A
993B	993B
993C	993C
993D	993D
993E	993E
993F	993F
9940	9940
9941	9941
9942	9942
9943	9943
9944	9944
9945	9945
9946	9946
9947	9947
9948	9948
9949	9949
994A	994A
994B	994B
994C	994C
994D	994D
994E	994E
994F	994F
9950	9950
9951	9951
9952	9952
9953	9953
9954	9954
9955	9955
9956	9956
9957	9957
9958	9958
9959	9959
995A	995A
995B	995B
995C	995C
995D	995D
995E	995E
995F	995F
9960	9960
9961	9961
9962	9962
9963	9963
9964	9964
9965	9965
9966	9966
9967	9967
9968	9968
9969	9969
996A	996A
996B	996B
996C	996C
996D	996D
996E	996E
996F	996F
9970	9970
9971	9971
9972	9972
9973	9973
9974	9974
9975	9975
9976	9976
9977	9977
9978	9978
9979	9979
997A	997A
997B	997B
997C	997C
997D	997D
997E	997E
997F	997F
9980	9980
9981	9981
9982	9982
9983	9983
9984	9984
9985	9985
9986	9986
9987	9987
9988	9988
9989	9989
998A	998A
998B	998B
998C	998C
998D	998D
998E	998E
998F	998F
9990	9990
9991	9991
9992	9992
9993	9993
9994	9994
9995	9995
9996	9996
9997	9997
9998	9998
9999	9999
999A	999A
999B	999B
999C	999C
999D	999D
999E	999E
999F	999F
99A0	99A0
99A1	99A1
99A2	99A2
99A3	99A3
99A4	99A4
99A5	99A5
99A6	99A6
99A7	99A7
99A8	99A8
99A9	99A9
99AA	99AA
99AB	99AB
99AC	99AC
99AD	99AD
99AE	99AE
99AF	99AF
99B0	99B0
99B1	99B1
99B2	99B2
99B3	99B3
99B4	99B4
99B5	99B5
99B6	99B6
99B7	99B7
99B8	99B8
99B9	99B9
99BA	99BA
99BB	99BB
99BC	99BC
99BD	99BD
99BE	99BE
99BF	99BF
99C0	99C0
99C1	99C1
99C2	99C2
99C3	99C3
99C4	99C4
99C5	99C5
99C6	99C6
99C7	99C7
99C8	99C8
99C9	99C9
99CA	99CA
99CB	99CB
99CC	99CC
99CD	99CD
99CE	99CE
99CF	99CF
99D0	99D0
99D1	99D1
99D2	99D2
99D3	99D3
99D4	99D4
99D5	99D5
99D6	99D6
99D7	99D7
99D8	99D8
99D9	99D9
99DA	99DA
99DB	99DB
99DC	99DC
99DD	99DD
99DE	99DE
99DF	99DF
99E0	99E0
99E1	99E1
99E2	99E2
99E3	99E3
99E4	99E4
99E5	99E5
99E6	99E6
99E7	99E7
99E8	99E8
99E9	99E9
99EA	99EA
99EB	99EB
99EC	99EC
99ED	99ED
99EE	99EE
99EF	99EF
99F0	99F0
99F1	99F1
99F2	99F2
99F3	99F3
99F4	99F4
99F5	99F5
99F6	99F6
99F7	99F7
99F8	99F8
99F9	99F9
99FA	99FA
99FB	99FB
99FC	99FC
99FD	99FD
99FE	99FE
99FF	99FF
9A00	9A00
9A01	9A01
9A02	9A02
9A03	9A03
9A04	9A04
9A05	9A05
9A06	9A06
9A07	9A07
9A08	9A08
9A09	9A09
9A0A	9A0A
9A0B	9A0B
9A0C	9A0C
9A0D	9A0D
9A0E	9A0E
9A0F	9A0F
9A10	9A10
9A11	9A11
9A12	9A12
9A13	9A13
9A14	9A14
9A15	9A15
9A16	9A16
9A17	9A17
9A18	9A18
9A19	9A19
9A1A	9A1A
9A1B	9A1B
9A1C	9A1C
9A1D	9A1D
9A1E	9A1E
9A1F	9A1F
9A20	9A20
9A21	9A21
9A22	9A22
9A23	9A23
9A24	9A24
9A25	9A25
9A26	9A26
9A27	9A27
9A28	9A28
9A29	9A29
9A2A	9A2A
9A2B	9A2B
9A2C	9A2C
9A2D	9A2D
9A2E	9A2E
9A2F	9A2F
9A30	9A30
9A31	9A31
9A32	9A32
9A33	9A33
9A34	9A34
9A35	9A35
9A36	9A36
9A37	9A37
9A38	9A38
9A39	9A39
9A3A	9A3A
9A3B	9A3B
9A3C	9A3C
9A3D	9A3D
9A3E	9A3E
9A3F	9A3F
9A40	9A40
9A41	9A41
9A42	9A42
9A43	9A43
9A44	9A44
9A45	9A45
9A46	9A46
9A47	9A47
9A48	9A48
9A49	9A49
9A4A	9A4A
9A4B	9A4B
9A4C	9A4C
9A4D	9A4D
9A4E	9A4E
9A4F	9A4F
9A50	9A50
9A51	9A51
9A52	9A52
9A53	9A53
9A54	9A54
9A55	9A55
9A56	9A56
9A57	9A57
9A58	9A58
9A59	9A59
9A5A	9A5A
9A5B	9A5B
9A5C	9A5C
9A5D	9A5D
9A5E	9A5E
9A5F	9A5F
9A60	9A60
9A61	9A61
9A62	9A62
9A63	9A63
9A64	9A64
9A65	9A65
9A66	9A66
9A67	9A67
9A68	9A68
9A69	9A69
9A6A	9A6A
9A6B	9A6B
9A6C	9A6C
9A6D	9A6D
9A6E	9A6E
9A6F	9A6F
9A70	9A70
9A71	9A71
9A72	9A72
9A73	9A73
9A74	9A74
9A75	9A75
9A76	9A76
9A77	9A77
9A78	9A78
9A79	9A79
9A7A	9A7A
9A7B	9A7B
9A7C	9A7C
9A7D	9A7D
9A7E	9A7E
9A7F	9A7F
9A80	9A80
9A81	9A81
9A82	9A82
9A83	9A83
9A84	9A84
9A85	9A85
9A86	9A86
9A87	9A87
9A88	9A88
9A89	9A89
9A8A	9A8A
9A8B	9A8B
9A8C	9A8C
9A8D	9A8D
9A8E	9A8E
9A8F	9A8F
9A90	9A90
9A91	9A91
9A92	9A92
9A93	9A93
9A94	9A94
9A95	9A95
9A96	9A96
9A97	9A97
9A98	9A98
9A99	9A99
9A9A	9A9A
9A9B	9A9B
9A9C	9A9C
9A9D	9A9D
9A9E	9A9E
9A9F	9A9F
9AA0	9AA0
9AA1	9AA1
9AA2	9AA2
9AA3	9AA3
9AA4	9AA4
9AA5	9AA5
9AA6	9AA6
9AA7	9AA7
9AA8	9AA8
9AA9	9AA9
9AAA	9AAA
9AAB	9AAB
9AAC	9AAC
9AAD	9AAD
9AAE	9AAE
9AAF	9AAF
9AB0	9AB0
9AB1	9AB1
9AB2	9AB2
9AB3	9AB3
9AB4	9AB4
9AB5	9AB5
9AB6	9AB6
9AB7	9AB7
9AB8	9AB8
9AB9	9AB9
9ABA	9ABA
9ABB	9ABB
9ABC	9ABC
9ABD	9ABD
9ABE	9ABE
9ABF	9ABF
9AC0	9AC0
9AC1	9AC1
9AC2	9AC2
9AC3	9AC3
9AC4	9AC4
9AC5	9AC5
9AC6	9AC6
9AC7	9AC7
9AC8	9AC8
9AC9	9AC9
9ACA	9ACA
9ACB	9ACB
9ACC	9ACC
9ACD	9ACD
9ACE	9ACE
9ACF	9ACF
9AD0	9AD0
9AD1	9AD1
9AD2	9AD2
9AD3	9AD3
9AD4	9AD4
9AD5	9AD5
9AD6	9AD6
9AD7	9AD7
9AD8	9AD8
9AD9	9AD9
9ADA	9ADA
9ADB	9ADB
9ADC	9ADC
9ADD	9ADD
9ADE	9ADE
9ADF	9ADF
9AE0	9AE0
9AE1	9AE1
9AE2	9AE2
9AE3	9AE3
9AE4	9AE4
9AE5	9AE5
9AE6	9AE6
9AE7	9AE7
9AE8	9AE8
9AE9	9AE9
9AEA	9AEA
9AEB	9AEB
9AEC	9AEC
9AED	9AED
9AEE	9AEE
9AEF	9AEF
9AF0	9AF0
9AF1	9AF1
9AF2	9AF2
9AF3	9AF3
9AF4	9AF4
9AF5	9AF5
9AF6	9AF6
9AF7	9AF7
9AF8	9AF8
9AF9	9AF9
9AFA	9AFA
9AFB	9AFB
9AFC	9AFC
9AFD	9AFD
9AFE	9AFE
9AFF	9AFF
9B00	9B00
9B01	9B01
9B02	9B02
9B03	9B03
9B04	9B04
9B05	9B05
9B06	9B06
9B07	9B07
9B08	9B08
9B09	9B09
9B0A	9B0A
9B0B	9B0B
9B0C	9B0C
9B0D	9B0D
9B0E	9B0E
9B0F	9B0F
9B10	9B10
9B11	9B11
9B12	9B12
9B13	9B13
9B14	9B14
9B15	9B15
9B16	9B16
9B17	9B17
9B18	9B18
9B19	9B19
9B1A	9B1A
9B1B	9B1B
9B1C	9B1C
9B1D	9B1D
9B1E	9B1E
9B1F	9B1F
9B20	9B20
9B21	9B21
9B22	9B22
9B23	9B23
9B24	9B24
9B25	9B25
9B26	9B26
9B27	9B27
9B28	9B28
9B29	9B29
9B2A	9B2A
9B2B	9B2B
9B2C	9B2C
9B2D	9B2D
9B2E	9B2E
9B2F	9B2F
9B30	9B30
9B31	9B31
9B32	9B32
9B33	9B33
9B34	9B34
9B35	9B35
9B36	9B36
9B37	9B37
9B38	9B38
9B39	9B39
9B3A	9B3A
9B3B	9B3B
9B3C	9B3C
9B3D	9B3D
9B3E	9B3E
9B3F	9B3F
9B40	9B40
9B41	9B41
9B42	9B42
9B43	9B43
9B44	9B44
9B45	9B45
9B46	9B46
9B47	9B47
9B48	9B48
9B49	9B49
9B4A	9B4A
9B4B	9B4B
9B4C	9B4C
9B4D	9B4D
9B4E	9B4E
9B4F	9B4F
9B50	9B50
9B51	9B51
9B52	9B52
9B53	9B53
9B54	9B54
9B55	9B55
9B56	9B56
9B57	9B57
9B58	9B58
9B59	9B59
9B5A	9B5A
9B5B	9B5B
9B5C	9B5C
9B5D	9B5D
9B5E	9B5E
9B5F	9B5F
9B60	9B60
9B61	9B61
9B62	9B62
9B63	9B63
9B64	9B64
9B65	9B65
9B66	9B66
9B67	9B67
9B68	9B68
9B69	9B69
9B6A	9B6A
9B6B	9B6B
9B6C	9B6C
9B6D	9B6D
9B6E	9B6E
9B6F	9B6F
9B70	9B70
9B71	9B71
9B72	9B72
9B73	9B73
9B74	9B74
9B75	9B75
9B76	9B76
9B77	9B77
9B78	9B78
9B79	9B79
9B7A	9B7A
9B7B	9B7B
9B7C	9B7C
9B7D	9B7D
9B7E	9B7E
9B7F	9B7F
9B80	9B80
9B81	9B81
9B82	9B82
9B83	9B83
9B84	9B84
9B85	9B85
9B86	9B86
9B87	9B87
9B88	9B88
9B89	9B89
9B8A	9B8A
9B8B	9B8B
9B8C	9B8C
9B8D	9B8D
9B8E	9B8E
9B8F	9B8F
9B90	9B90
9B91	9B91
9B92	9B92
9B93	9B93
9B94	9B94
9B95	9B95
9B96	9B96
9B97	9B97
9B98	9B98
9B99	9B99
9B9A	9B9A
9B9B	9B9B
9B9C	9B9C
9B9D	9B9D
9B9E	9B9E
9B9F	9B9F
9BA0	9BA0
9BA1	9BA1
9BA2	9BA2
9BA3	9BA3
9BA4	9BA4
9BA5	9BA5
9BA6	9BA6
9BA7	9BA7
9BA8	9BA8
9BA9	9BA9
9BAA	9BAA
9BAB	9BAB
9BAC	9BAC
9BAD	9BAD
9BAE	9BAE
9BAF	9BAF
9BB0	9BB0
9BB1	9BB1
9BB2	9BB2
9BB3	9BB3
9BB4	9BB4
9BB5	9BB5
9BB6	9BB6
9BB7	9BB7
9BB8	9BB8
9BB9	9BB9
9BBA	9BBA
9BBB	9BBB
9BBC	9BBC
9BBD	9BBD
9BBE	9BBE
9BBF	9BBF
9BC0	9BC0
9BC1	9BC1
9BC2	9BC2
9BC3	9BC3
9BC4	9BC4
9BC5	9BC5
9BC6	9BC6
9BC7	9BC7
9BC8	9BC8
9BC9	9BC9
9BCA	9BCA
9BCB	9BCB
9BCC	9BCC
9BCD	9BCD
9BCE	9BCE
9BCF	9BCF
9BD0	9BD0
9BD1	9BD1
9BD2	9BD2
9BD3	9BD3
9BD4	9BD4
9BD5	9BD5
9BD6	9BD6
9BD7	9BD7
9BD8	9BD8
9BD9	9BD9
9BDA	9BDA
9BDB	9BDB
9BDC	9BDC
9BDD	9BDD
9BDE	9BDE
9BDF	9BDF
9BE0	9BE0
9BE1	9BE1
9BE2	9BE2
9BE3	9BE3
9BE4	9BE4
9BE5	9BE5
9BE6	9BE6
9BE7	9BE7
9BE8	9BE8
9BE9	9BE9
9BEA	9BEA
9BEB	9BEB
9BEC	9BEC
9BED	9BED
9BEE	9BEE
9BEF	9BEF
9BF0	9BF0
9BF1	9BF1
9BF2	9BF2
9BF3	9BF3
9BF4	9BF4
9BF5	9BF5
9BF6	9BF6
9BF7	9BF7
9BF8	9BF8
9BF9	9BF9
9BFA	9BFA
9BFB	9BFB
9BFC	9BFC
9BFD	9BFD
9BFE	9BFE
9BFF	9BFF
9C00	9C00
9C01	9C01
9C02	9C02
9C03	9C03
9C04	9C04
9C05	9C05
9C06	9C06
9C07	9C07
9C08	9C08
9C09	9C09
9C0A	9C0A
9C0B	9C0B
9C0C	9C0C
9C0D	9C0D
9C0E	9C0E
9C0F	9C0F
9C10	9C10
9C11	9C11
9C12	9C12
9C13	9C13
9C14	9C14
9C15	9C15
9C16	9C16
9C17	9C17
9C18	9C18
9C19	9C19
9C1A	9C1A
9C1B	9C1B
9C1C	9C1C
9C1D	9C1D
9C1E	9C1E
9C1F	9C1F
9C20	9C20
9C21	9C21
9C22	9C22
9C23	9C23
9C24	9C24
9C25	9C25
9C26	9C26
9C27	9C27
9C28	9C28
9C29	9C29
9C2A	9C2A
9C2B	9C2B
9C2C	9C2C
9C2D	9C2D
9C2E	9C2E
9C2F	9C2F
9C30	9C30
9C31	9C31
9C32	9C32
9C33	9C33
9C34	9C34
9C35	9C35
9C36	9C36
9C37	9C37
9C38	9C38
9C39	9C39
9C3A	9C3A
9C3B	9C3B
9C3C	9C3C
9C3D	9C3D
9C3E	9C3E
9C3F	9C3F
9C40	9C40
9C41	9C41
9C42	9C42
9C43	9C43
9C44	9C44
9C45	9C45
9C46	9C46
9C47	9C47
9C48	9C48
9C49	9C49
9C4A	9C4A
9C4B	9C4B
9C4C	9C4C
9C4D	9C4D
9C4E	9C4E
9C4F	9C4F
9C50	9C50
9C51	9C51
9C52	9C52
9C53	9C53
9C54	9C54
9C55	9C55
9C56	9C56
9C57	9C57
9C58	9C58
9C59	9C59
9C5A	9C5A
9C5B	9C5B
9C5C	9C5C
9C5D	9C5D
9C5E	9C5E
9C5F	9C5F
9C60	9C60
9C61	9C61
9C62	9C62
9C63	9C63
9C64	9C64
9C65	9C65
9C66	9C66
9C67	9C67
9C68	9C68
9C69	9C69
9C6A	9C6A
9C6B	9C6B
9C6C	9C6C
9C6D	9C6D
9C6E	9C6E
9C6F	9C6F
9C70	9C70
9C71	9C71
9C72	9C72
9C73	9C73
9C74	9C74
9C75	9C75
9C76	9C76
9C77	9C77
9C78	9C78
9C79	9C79
9C7A	9C7A
9C7B	9C7B
9C7C	9C7C
9C7D	9C7D
9C7E	9C7E
9C7F	9C7F
9C80	9C80
9C81	9C81
9C82	9C82
9C83	9C83
9C84	9C84
9C85	9C85
9C86	9C86
9C87	9C87
9C88	9C88
9C89	9C89
9C8A	9C8A
9C8B	9C8B
9C8C	9C8C
9C8D	9C8D
9C8E	9C8E
9C8F	9C8F
9C90	9C90
9C91	9C91
9C92	9C92
9C93	9C93
9C94	9C94
9C95	9C95
9C96	9C96
9C97	9C97
9C98	9C98
9C99	9C99
9C9A	9C9A
9C9B	9C9B
9C9C	9C9C
9C9D	9C9D
9C9E	9C9E
9C9F	9C9F
9CA0	9CA0
9CA1	9CA1
9CA2	9CA2
9CA3	9CA3
9CA4	9CA4
9CA5	9CA5
9CA6	9CA6
9CA7	9CA7
9CA8	9CA8
9CA9	9CA9
9CAA	9CAA
9CAB	9CAB
9CAC	9CAC
9CAD	9CAD
9CAE	9CAE
9CAF	9CAF
9CB0	9CB0
9CB1	9CB1
9CB2	9CB2
9CB3	9CB3
9CB4	9CB4
9CB5	9CB5
9CB6	9CB6
9CB7	9CB7
9CB8	9CB8
9CB9	9CB9
9CBA	9CBA
9CBB	9CBB
9CBC	9CBC
9CBD	9CBD
9CBE	9CBE
9CBF	9CBF
9CC0	9CC0
9CC1	9CC1
9CC2	9CC2
9CC3	9CC3
9CC4	9CC4
9CC5	9CC5
9CC6	9CC6
9CC7	9CC7
9CC8	9CC8
9CC9	9CC9
9CCA	9CCA
9CCB	9CCB
9CCC	9CCC
9CCD	9CCD
9CCE	9CCE
9CCF	9CCF
9CD0	9CD0
9CD1	9CD1
9CD2	9CD2
9CD3	9CD3
9CD4	9CD4
9CD5	9CD5
9CD6	9CD6
9CD7	9CD7
9CD8	9CD8
9CD9	9CD9
9CDA	9CDA
9CDB	9CDB
9CDC	9CDC
9CDD	9CDD
9CDE	9CDE
9CDF	9CDF
9CE0	9CE0
9CE1	9CE1
9CE2	9CE2
9CE3	9CE3
9CE4	9CE4
9CE5	9CE5
9CE6	9CE6
9CE7	9CE7
9CE8	9CE8
9CE9	9CE9
9CEA	9CEA
9CEB	9CEB
9CEC	9CEC
9CED	9CED
9CEE	9CEE
9CEF	9CEF
9CF0	9CF0
9CF1	9CF1
9CF2	9CF2
9CF3	9CF3
9CF4	9CF4
9CF5	9CF5
9CF6	9CF6
9CF7	9CF7
9CF8	9CF8
9CF9	9CF9
9CFA	9CFA
9CFB	9CFB
9CFC	9CFC
9CFD	9CFD
9CFE	9CFE
9CFF	9CFF
9D00	9D00
9D01	9D01
9D02	9D02
9D03	9D03
9D04	9D04
9D05	9D05
9D06	9D06
9D07	9D07
9D08	9D08
9D09	9D09
9D0A	9D0A
9D0B	9D0B
9D0C	9D0C
9D0D	9D0D
9D0E	9D0E
9D0F	9D0F
9D10	9D10
9D11	9D11
9D12	9D12
9D13	9D13
9D14	9D14
9D15	9D15
9D16	9D16
9D17	9D17
9D18	9D18
9D19	9D19
9D1A	9D1A
9D1B	9D1B
9D1C	9D1C
9D1D	9D1D
9D1E	9D1E
9D1F	9D1F
9D20	9D20
9D21	9D21
9D22	9D22
9D23	9D23
9D24	9D24
9D25	9D25
9D26	9D26
9D27	9D27
9D28	9D28
9D29	9D29
9D2A	9D2A
9D2B	9D2B
9D2C	9D2C
9D2D	9D2D
9D2E	9D2E
9D2F	9D2F
9D30	9D30
9D31	9D31
9D32	9D32
9D33	9D33
9D34	9D34
9D35	9D35
9D36	9D36
9D37	9D37
9D38	9D38
9D39	9D39
9D3A	9D3A
9D3B	9D3B
9D3C	9D3C
9D3D	9D3D
9D3E	9D3E
9D3F	9D3F
9D40	9D40
9D41	9D41
9D42	9D42
9D43	9D43
9D44	9D44
9D45	9D45
9D46	9D46
9D47	9D47
9D48	9D48
9D49	9D49
9D4A	9D4A
9D4B	9D4B
9D4C	9D4C
9D4D	9D4D
9D4E	9D4E
9D4F	9D4F
9D50	9D50
9D51	9D51
9D52	9D52
9D53	9D53
9D54	9D54
9D55	9D55
9D56	9D56
9D57	9D57
9D58	9D58
9D59	9D59
9D5A	9D5A
9D5B	9D5B
9D5C	9D5C
9D5D	9D5D
9D5E	9D5E
9D5F	9D5F
9D60	9D60
9D61	9D61
9D62	9D62
9D63	9D63
9D64	9D64
9D65	9D65
9D66	9D66
9D67	9D67
9D68	9D68
9D69	9D69
9D6A	9D6A
9D6B	9D6B
9D6C	9D6C
9D6D	9D6D
9D6E	9D6E
9D6F	9D6F
9D70	9D70
9D71	9D71
9D72	9D72
9D73	9D73
9D74	9D74
9D75	9D75
9D76	9D76
9D77	9D77
9D78	9D78
9D79	9D79
9D7A	9D7A
9D7B	9D7B
9D7C	9D7C
9D7D	9D7D
9D7E	9D7E
9D7F	9D7F
9D80	9D80
9D81	9D81
9D82	9D82
9D83	9D83
9D84	9D84
9D85	9D85
9D86	9D86
9D87	9D87
9D88	9D88
9D89	9D89
9D8A	9D8A
9D8B	9D8B
9D8C	9D8C
9D8D	9D8D
9D8E	9D8E
9D8F	9D8F
9D90	9D90
9D91	9D91
9D92	9D92
9D93	9D93
9D94	9D94
9D95	9D95
9D96	9D96
9D97	9D97
9D98	9D98
9D99	9D99
9D9A	9D9A
9D9B	9D9B
9D9C	9D9C
9D9D	9D9D
9D9E	9D9E
9D9F	9D9F
9DA0	9DA0
9DA1	9DA1
9DA2	9DA2
9DA3	9DA3
9DA4	9DA4
9DA5	9DA5
9DA6	9DA6
9DA7	9DA7
9DA8	9DA8
9DA9	9DA9
9DAA	9DAA
9DAB	9DAB
9DAC	9DAC
9DAD	9DAD
9DAE	9DAE
9DAF	9DAF
9DB0	9DB0
9DB1	9DB1
9DB2	9DB2
9DB3	9DB3
9DB4	9DB4
9DB5	9DB5
9DB6	9DB6
9DB7	9DB7
9DB8	9DB8
9DB9	9DB9
9DBA	9DBA
9DBB	9DBB
9DBC	9DBC
9DBD	9DBD
9DBE	9DBE
9DBF	9DBF
9DC0	9DC0
9DC1	9DC1
9DC2	9DC2
9DC3	9DC3
9DC4	9DC4
9DC5	9DC5
9DC6	9DC6
9DC7	9DC7
9DC8	9DC8
9DC9	9DC9
9DCA	9DCA
9DCB	9DCB
9DCC	9DCC
9DCD	9DCD
9DCE	9DCE
9DCF	9DCF
9DD0	9DD0
9DD1	9DD1
9DD2	9DD2
9DD3	9DD3
9DD4	9DD4
9DD5	9DD5
9DD6	9DD6
9DD7	9DD7
9DD8	9DD8
9DD9	9DD9
9DDA	9DDA
9DDB	9DDB
9DDC	9DDC
9DDD	9DDD
9DDE	9DDE
9DDF	9DDF
9DE0	9DE0
9DE1	9DE1
9DE2	9DE2
9DE3	9DE3
9DE4	9DE4
9DE5	9DE5
9DE6	9DE6
9DE7	9DE7
9DE8	9DE8
9DE9	9DE9
9DEA	9DEA
9DEB	9DEB
9DEC	9DEC
9DED	9DED
9DEE	9DEE
9DEF	9DEF
9DF0	9DF0
9DF1	9DF1
9DF2	9DF2
9DF3	9DF3
9DF4	9DF4
9DF5	9DF5
9DF6	9DF6
9DF7	9DF7
9DF8	9DF8
9DF9	9DF9
9DFA	9DFA
9DFB	9DFB
9DFC	9DFC
9DFD	9DFD
9DFE	9DFE
9DFF	9DFF
9E00	9E00
9E01	9E01
9E02	9E02
9E03	9E03
9E04	9E04
9E05	9E05
9E06	9E06
9E07	9E07
9E08	9E08
9E09	9E09
9E0A	9E0A
9E0B	9E0B
9E0C	9E0C
9E0D	9E0D
9E0E	9E0E
9E0F	9E0F
9E10	9E10
9E11	9E11
9E12	9E12
9E13	9E13
9E14	9E14
9E15	9E15
9E16	9E16
9E17	9E17
9E18	9E18
9E19	9E19
9E1A	9E1A
9E1B	9E1B
9E1C	9E1C
9E1D	9E1D
9E1E	9E1E
9E1F	9E1F
9E20	9E20
9E21	9E21
9E22	9E22
9E23	9E23
9E24	9E24
9E25	9E25
9E26	9E26
9E27	9E27
9E28	9E28
9E29	9E29
9E2A	9E2A
9E2B	9E2B
9E2C	9E2C
9E2D	9E2D
9E2E	9E2E
9E2F	9E2F
9E30	9E30
9E31	9E31
9E32	9E32
9E33	9E33
9E34	9E34
9E35	9E35
9E36	9E36
9E37	9E37
9E38	9E38
9E39	9E39
9E3A	9E3A
9E3B	9E3B
9E3C	9E3C
9E3D	9E3D
9E3E	9E3E
9E3F	9E3F
9E40	9E40
9E41	9E41
9E42	9E42
9E43	9E43
9E44	9E44
9E45	9E45
9E46	9E46
9E47	9E47
9E48	9E48
9E49	9E49
9E4A	9E4A
9E4B	9E4B
9E4C	9E4C
9E4D	9E4D
9E4E	9E4E
9E4F	9E4F
9E50	9E50
9E51	9E51
9E52	9E52
9E53	9E53
9E54	9E54
9E55	9E55
9E56	9E56
9E57	9E57
9E58	9E58
9E59	9E59
9E5A	9E5A
9E5B	9E5B
9E5C	9E5C
9E5D	9E5D
9E5E	9E5E
9E5F	9E5F
9E60	9E60
9E61	9E61
9E62	9E62
9E63	9E63
9E64	9E64
9E65	9E65
9E66	9E66
9E67	9E67
9E68	9E68
9E69	9E69
9E6A	9E6A
9E6B	9E6B
9E6C	9E6C
9E6D	9E6D
9E6E	9E6E
9E6F	9E6F
9E70	9E70
9E71	9E71
9E72	9E72
9E73	9E73
9E74	9E74
9E75	9E75
9E76	9E76
9E77	9E77
9E78	9E78
9E79	9E79
9E7A	9E7A
9E7B	9E7B
9E7C	9E7C
9E7D	9E7D
9E7E	9E7E
9E7F	9E7F
9E80	9E80
9E81	9E81
9E82	9E82
9E83	9E83
9E84	9E84
9E85	9E85
9E86	9E86
9E87	9E87
9E88	9E88
9E89	9E89
9E8A	9E8A
9E8B	9E8B
9E8C	9E8C
9E8D	9E8D
9E8E	9E8E
9E8F	9E8F
9E90	9E90
9E91	9E91
9E92	9E92
9E93	9E93
9E94	9E94
9E95	9E95
9E96	9E96
9E97	9E97
9E98	9E98
9E99	9E99
9E9A	9E9A
9E9B	9E9B
9E9C	9E9C
9E9D	9E9D
9E9E	9E9E
9E9F	9E9F
9EA0	9EA0
9EA1	9EA1
9EA2	9EA2
9EA3	9EA3
9EA4	9EA4
9EA5	9EA5
9EA6	9EA6
9EA7	9EA7
9EA8	9EA8
9EA9	9EA9
9EAA	9EAA
9EAB	9EAB
9EAC	9EAC
9EAD	9EAD
9EAE	9EAE
9EAF	9EAF
9EB0	9EB0
9EB1	9EB1
9EB2	9EB2
9EB3	9EB3
9EB4	9EB4
9EB5	9EB5
9EB6	9EB6
9EB7	9EB7
9EB8	9EB8
9EB9	9EB9
9EBA	9EBA
9EBB	9EBB
9EBC	9EBC
9EBD	9EBD
9EBE	9EBE
9EBF	9EBF
9EC0	9EC0
9EC1	9EC1
9EC2	9EC2
9EC3	9EC3
9EC4	9EC4
9EC5	9EC5
9EC6	9EC6
9EC7	9EC7
9EC8	9EC8
9EC9	9EC9
9ECA	9ECA
9ECB	9ECB
9ECC	9ECC
9ECD	9ECD
9ECE	9ECE
9ECF	9ECF
9ED0	9ED0
9ED1	9ED1
9ED2	9ED2
9ED3	9ED3
9ED4	9ED4
9ED5	9ED5
9ED6	9ED6
9ED7	9ED7
9ED8	9ED8
9ED9	9ED9
9EDA	9EDA
9EDB	9EDB
9EDC	9EDC
9EDD	9EDD
9EDE	9EDE
9EDF	9EDF
9EE0	9EE0
9EE1	9EE1
9EE2	9EE2
9EE3	9EE3
9EE4	9EE4
9EE5	9EE5
9EE6	9EE6
9EE7	9EE7
9EE8	9EE8
9EE9	9EE9
9EEA	9EEA
9EEB	9EEB
9EEC	9EEC
9EED	9EED
9EEE	9EEE
9EEF	9EEF
9EF0	9EF0
9EF1	9EF1
9EF2	9EF2
9EF3	9EF3
9EF4	9EF4
9EF5	9EF5
9EF6	9EF6
9EF7	9EF7
9EF8	9EF8
9EF9	9EF9
9EFA	9EFA
9EFB	9EFB
9EFC	9EFC
9EFD	9EFD
9EFE	9EFE
9EFF	9EFF
9F00	9F00
9F01	9F01
9F02	9F02
9F03	9F03
9F04	9F04
9F05	9F05
9F06	9F06
9F07	9F07
9F08	9F08
9F09	9F09
9F0A	9F0A
9F0B	9F0B
9F0C	9F0C
9F0D	9F0D
9F0E	9F0E
9F0F	9F0F
9F10	9F10
9F11	9F11
9F12	9F12
9F13	9F13
9F14	9F14
9F15	9F15
9F16	9F16
9F17	9F17
9F18	9F18
9F19	9F19
9F1A	9F1A
9F1B	9F1B
9F1C	9F1C
9F1D	9F1D
9F1E	9F1E
9F1F	9F1F
9F20	9F20
9F21	9F21
9F22	9F22
9F23	9F23
9F24	9F24
9F25	9F25
9F26	9F26
9F27	9F27
9F28	9F28
9F29	9F29
9F2A	9F2A
9F2B	9F2B
9F2C	9F2C
9F2D	9F2D
9F2E	9F2E
9F2F	9F2F
9F30	9F30
9F31	9F31
9F32	9F32
9F33	9F33
9F34	9F34
9F35	9F35
9F36	9F36
9F37	9F37
9F38	9F38
9F39	9F39
9F3A	9F3A
9F3B	9F3B
9F3C	9F3C
9F3D	9F3D
9F3E	9F3E
9F3F	9F3F
9F40	9F40
9F41	9F41
9F42	9F42
9F43	9F43
9F44	9F44
9F45	9F45
9F46	9F46
9F47	9F47
9F48	9F48
9F49	9F49
9F4A	9F4A
9F4B	9F4B
9F4C	9F4C
9F4D	9F4D
9F4E	9F4E
9F4F	9F4F
9F50	9F50
9F51	9F51
9F52	9F52
9F53	9F53
9F54	9F54
9F55	9F55
9F56	9F56
9F57	9F57
9F58	9F58
9F59	9F59
9F5A	9F5A
9F5B	9F5B
9F5C	9F5C
9F5D	9F5D
9F5E	9F5E
9F5F	9F5F
9F60	9F60
9F61	9F61
9F62	9F62
9F63	9F63
9F64	9F64
9F65	9F65
9F66	9F66
9F67	9F67
9F68	9F68
9F69	9F69
9F6A	9F6A
9F6B	9F6B
9F6C	9F6C
9F6D	9F6D
9F6E	9F6E
9F6F	9F6F
9F70	9F70
9F71	9F71
9F72	9F72
9F73	9F73
9F74	9F74
9F75	9F75
9F76	9F76
9F77	9F77
9F78	9F78
9F79	9F79
9F7A	9F7A
9F7B	9F7B
9F7C	9F7C
9F7D	9F7D
9F7E	9F7E
9F7F	9F7F
9F80	9F80
9F81	9F81
9F82	9F82
9F83	9F83
9F84	9F84
9F85	9F85
9F86	9F86
9F87	9F87
9F88	9F88
9F89	9F89
9F8A	9F8A
9F8B	9F8B
9F8C	9F8C
9F8D	9F8D
9F8E	9F8E
9F8F	9F8F
9F90	9F90
9F91	9F91
9F92	9F92
9F93	9F93
9F94	9F94
9F95	9F95
9F96	9F96
9F97	9F97
9F98	9F98
9F99	9F99
9F9A	9F9A
9F9B	9F9B
9F9C	9F9C
9F9D	9F9D
9F9E	9F9E
9F9F	9F9F
9FA0	9FA0
9FA1	9FA1
9FA2	9FA2
9FA3	9FA3
9FA4	9FA4
9FA5	9FA5
E000	E000
E001	E001
E002	E002
E003	E003
E004	E004
E005	E005
E006	E006
E007	E007
E008	E008
E009	E009
E00A	E00A
E00B	E00B
E00C	E00C
E00D	E00D
E00E	E00E
E00F	E00F
E010	E010
E011	E011
E012	E012
E013	E013
E014	E014
E015	E015
E016	E016
E017	E017
E018	E018
E019	E019
E01A	E01A
E01B	E01B
E01C	E01C
E01D	E01D
E01E	E01E
E01F	E01F
E020	E020
E021	E021
E022	E022
E023	E023
E024	E024
E025	E025
E026	E026
E027	E027
E028	E028
E029	E029
E02A	E02A
E02B	E02B
E02C	E02C
E02D	E02D
E02E	E02E
E02F	E02F
E030	E030
E031	E031
E032	E032
E033	E033
E034	E034
E035	E035
E036	E036
E037	E037
E038	E038
E039	E039
E03A	E03A
E03B	E03B
E03C	E03C
E03D	E03D
E03E	E03E
E03F	E03F
E040	E040
E041	E041
E042	E042
E043	E043
E044	E044
E045	E045
E046	E046
E047	E047
E048	E048
E049	E049
E04A	E04A
E04B	E04B
E04C	E04C
E04D	E04D
E04E	E04E
E04F	E04F
E050	E050
E051	E051
E052	E052
E053	E053
E054	E054
E055	E055
E056	E056
E057	E057
E058	E058
E059	E059
E05A	E05A
E05B	E05B
E05C	E05C
E05D	E05D
E05E	E05E
E05F	E05F
E060	E060
E061	E061
E062	E062
E063	E063
E064	E064
E065	E065
E066	E066
E067	E067
E068	E068
E069	E069
E06A	E06A
E06B	E06B
E06C	E06C
E06D	E06D
E06E	E06E
E06F	E06F
E070	E070
E071	E071
E072	E072
E073	E073
E074	E074
E075	E075
E076	E076
E077	E077
E078	E078
E079	E079
E07A	E07A
E07B	E07B
E07C	E07C
E07D	E07D
E07E	E07E
E07F	E07F
E080	E080
E081	E081
E082	E082
E083	E083
E084	E084
E085	E085
E086	E086
E087	E087
E088	E088
E089	E089
E08A	E08A
E08B	E08B
E08C	E08C
E08D	E08D
E08E	E08E
E08F	E08F
E090	E090
E091	E091
E092	E092
E093	E093
E094	E094
E095	E095
E096	E096
E097	E097
E098	E098
E099	E099
E09A	E09A
E09B	E09B
E09C	E09C
E09D	E09D
E09E	E09E
E09F	E09F
E0A0	E0A0
E0A1	E0A1
E0A2	E0A2
E0A3	E0A3
E0A4	E0A4
E0A5	E0A5
E0A6	E0A6
E0A7	E0A7
E0A8	E0A8
E0A9	E0A9
E0AA	E0AA
E0AB	E0AB
E0AC	E0AC
E0AD	E0AD
E0AE	E0AE
E0AF	E0AF
E0B0	E0B0
E0B1	E0B1
E0B2	E0B2
E0B3	E0B3
E0B4	E0B4
E0B5	E0B5
E0B6	E0B6
E0B7	E0B7
E0B8	E0B8
E0B9	E0B9
E0BA	E0BA
E0BB	E0BB
E0BC	E0BC
E0BD	E0BD
E0BE	E0BE
E0BF	E0BF
E0C0	E0C0
E0C1	E0C1
E0C2	E0C2
E0C3	E0C3
E0C4	E0C4
E0C5	E0C5
E0C6	E0C6
E0C7	E0C7
E0C8	E0C8
E0C9	E0C9
E0CA	E0CA
E0CB	E0CB
E0CC	E0CC
E0CD	E0CD
E0CE	E0CE
E0CF	E0CF
E0D0	E0D0
E0D1	E0D1
E0D2	E0D2
E0D3	E0D3
E0D4	E0D4
E0D5	E0D5
E0D6	E0D6
E0D7	E0D7
E0D8	E0D8
E0D9	E0D9
E0DA	E0DA
E0DB	E0DB
E0DC	E0DC
E0DD	E0DD
E0DE	E0DE
E0DF	E0DF
E0E0	E0E0
E0E1	E0E1
E0E2	E0E2
E0E3	E0E3
E0E4	E0E4
E0E5	E0E5
E0E6	E0E6
E0E7	E0E7
E0E8	E0E8
E0E9	E0E9
E0EA	E0EA
E0EB	E0EB
E0EC	E0EC
E0ED	E0ED
E0EE	E0EE
E0EF	E0EF
E0F0	E0F0
E0F1	E0F1
E0F2	E0F2
E0F3	E0F3
E0F4	E0F4
E0F5	E0F5
E0F6	E0F6
E0F7	E0F7
E0F8	E0F8
E0F9	E0F9
E0FA	E0FA
E0FB	E0FB
E0FC	E0FC
E0FD	E0FD
E0FE	E0FE
E0FF	E0FF
E100	E100
E101	E101
E102	E102
E103	E103
E104	E104
E105	E105
E106	E106
E107	E107
E108	E108
E109	E109
E10A	E10A
E10B	E10B
E10C	E10C
E10D	E10D
E10E	E10E
E10F	E10F
E110	E110
E111	E111
E112	E112
E113	E113
E114	E114
E115	E115
E116	E116
E117	E117
E118	E118
E119	E119
E11A	E11A
E11B	E11B
E11C	E11C
E11D	E11D
E11E	E11E
E11F	E11F
E120	E120
E121	E121
E122	E122
E123	E123
E124	E124
E125	E125
E126	E126
E127	E127
E128	E128
E129	E129
E12A	E12A
E12B	E12B
E12C	E12C
E12D	E12D
E12E	E12E
E12F	E12F
E130	E130
E131	E131
E132	E132
E133	E133
E134	E134
E135	E135
E136	E136
E137	E137
E138	E138
E139	E139
E13A	E13A
E13B	E13B
E13C	E13C
E13D	E13D
E13E	E13E
E13F	E13F
E140	E140
E141	E141
E142	E142
E143	E143
E144	E144
E145	E145
E146	E146
E147	E147
E148	E148
E149	E149
E14A	E14A
E14B	E14B
E14C	E14C
E14D	E14D
E14E	E14E
E14F	E14F
E150	E150
E151	E151
E152	E152
E153	E153
E154	E154
E155	E155
E156	E156
E157	E157
E158	E158
E159	E159
E15A	E15A
E15B	E15B
E15C	E15C
E15D	E15D
E15E	E15E
E15F	E15F
E160	E160
E161	E161
E162	E162
E163	E163
E164	E164
E165	E165
E166	E166
E167	E167
E168	E168
E169	E169
E16A	E16A
E16B	E16B
E16C	E16C
E16D	E16D
E16E	E16E
E16F	E16F
E170	E170
E171	E171
E172	E172
E173	E173
E174	E174
E175	E175
E176	E176
E177	E177
E178	E178
E179	E179
E17A	E17A
E17B	E17B
E17C	E17C
E17D	E17D
E17E	E17E
E17F	E17F
E180	E180
E181	E181
E182	E182
E183	E183
E184	E184
E185	E185
E186	E186
E187	E187
E188	E188
E189	E189
E18A	E18A
E18B	E18B
E18C	E18C
E18D	E18D
E18E	E18E
E18F	E18F
E190	E190
E191	E191
E192	E192
E193	E193
E194	E194
E195	E195
E196	E196
E197	E197
E198	E198
E199	E199
E19A	E19A
E19B	E19B
E19C	E19C
E19D	E19D
E19E	E19E
E19F	E19F
E1A0	E1A0
E1A1	E1A1
E1A2	E1A2
E1A3	E1A3
E1A4	E1A4
E1A5	E1A5
E1A6	E1A6
E1A7	E1A7
E1A8	E1A8
E1A9	E1A9
E1AA	E1AA
E1AB	E1AB
E1AC	E1AC
E1AD	E1AD
E1AE	E1AE
E1AF	E1AF
E1B0	E1B0
E1B1	E1B1
E1B2	E1B2
E1B3	E1B3
E1B4	E1B4
E1B5	E1B5
E1B6	E1B6
E1B7	E1B7
E1B8	E1B8
E1B9	E1B9
E1BA	E1BA
E1BB	E1BB
E1BC	E1BC
E1BD	E1BD
E1BE	E1BE
E1BF	E1BF
E1C0	E1C0
E1C1	E1C1
E1C2	E1C2
E1C3	E1C3
E1C4	E1C4
E1C5	E1C5
E1C6	E1C6
E1C7	E1C7
E1C8	E1C8
E1C9	E1C9
E1CA	E1CA
E1CB	E1CB
E1CC	E1CC
E1CD	E1CD
E1CE	E1CE
E1CF	E1CF
E1D0	E1D0
E1D1	E1D1
E1D2	E1D2
E1D3	E1D3
E1D4	E1D4
E1D5	E1D5
E1D6	E1D6
E1D7	E1D7
E1D8	E1D8
E1D9	E1D9
E1DA	E1DA
E1DB	E1DB
E1DC	E1DC
E1DD	E1DD
E1DE	E1DE
E1DF	E1DF
E1E0	E1E0
E1E1	E1E1
E1E2	E1E2
E1E3	E1E3
E1E4	E1E4
E1E5	E1E5
E1E6	E1E6
E1E7	E1E7
E1E8	E1E8
E1E9	E1E9
E1EA	E1EA
E1EB	E1EB
E1EC	E1EC
E1ED	E1ED
E1EE	E1EE
E1EF	E1EF
E1F0	E1F0
E1F1	E1F1
E1F2	E1F2
E1F3	E1F3
E1F4	E1F4
E1F5	E1F5
E1F6	E1F6
E1F7	E1F7
E1F8	E1F8
E1F9	E1F9
E1FA	E1FA
E1FB	E1FB
E1FC	E1FC
E1FD	E1FD
E1FE	E1FE
E1FF	E1FF
E200	E200
E201	E201
E202	E202
E203	E203
E204	E204
E205	E205
E206	E206
E207	E207
E208	E208
E209	E209
E20A	E20A
E20B	E20B
E20C	E20C
E20D	E20D
E20E	E20E
E20F	E20F
E210	E210
E211	E211
E212	E212
E213	E213
E214	E214
E215	E215
E216	E216
E217	E217
E218	E218
E219	E219
E21A	E21A
E21B	E21B
E21C	E21C
E21D	E21D
E21E	E21E
E21F	E21F
E220	E220
E221	E221
E222	E222
E223	E223
E224	E224
E225	E225
E226	E226
E227	E227
E228	E228
E229	E229
E22A	E22A
E22B	E22B
E22C	E22C
E22D	E22D
E22E	E22E
E22F	E22F
E230	E230
E231	E231
E232	E232
E233	E233
E234	E234
E235	E235
E236	E236
E237	E237
E238	E238
E239	E239
E23A	E23A
E23B	E23B
E23C	E23C
E23D	E23D
E23E	E23E
E23F	E23F
E240	E240
E241	E241
E242	E242
E243	E243
E244	E244
E245	E245
E246	E246
E247	E247
E248	E248
E249	E249
E24A	E24A
E24B	E24B
E24C	E24C
E24D	E24D
E24E	E24E
E24F	E24F
E250	E250
E251	E251
E252	E252
E253	E253
E254	E254
E255	E255
E256	E256
E257	E257
E258	E258
E259	E259
E25A	E25A
E25B	E25B
E25C	E25C
E25D	E25D
E25E	E25E
E25F	E25F
E260	E260
E261	E261
E262	E262
E263	E263
E264	E264
E265	E265
E266	E266
E267	E267
E268	E268
E269	E269
E26A	E26A
E26B	E26B
E26C	E26C
E26D	E26D
E26E	E26E
E26F	E26F
E270	E270
E271	E271
E272	E272
E273	E273
E274	E274
E275	E275
E276	E276
E277	E277
E278	E278
E279	E279
E27A	E27A
E27B	E27B
E27C	E27C
E27D	E27D
E27E	E27E
E27F	E27F
E280	E280
E281	E281
E282	E282
E283	E283
E284	E284
E285	E285
E286	E286
E287	E287
E288	E288
E289	E289
E28A	E28A
E28B	E28B
E28C	E28C
E28D	E28D
E28E	E28E
E28F	E28F
E290	E290
E291	E291
E292	E292
E293	E293
E294	E294
E295	E295
E296	E296
E297	E297
E298	E298
E299	E299
E29A	E29A
E29B	E29B
E29C	E29C
E29D	E29D
E29E	E29E
E29F	E29F
E2A0	E2A0
E2A1	E2A1
E2A2	E2A2
E2A3	E2A3
E2A4	E2A4
E2A5	E2A5
E2A6	E2A6
E2A7	E2A7
E2A8	E2A8
E2A9	E2A9
E2AA	E2AA
E2AB	E2AB
E2AC	E2AC
E2AD	E2AD
E2AE	E2AE
E2AF	E2AF
E2B0	E2B0
E2B1	E2B1
E2B2	E2B2
E2B3	E2B3
E2B4	E2B4
E2B5	E2B5
E2B6	E2B6
E2B7	E2B7
E2B8	E2B8
E2B9	E2B9
E2BA	E2BA
E2BB	E2BB
E2BC	E2BC
E2BD	E2BD
E2BE	E2BE
E2BF	E2BF
E2C0	E2C0
E2C1	E2C1
E2C2	E2C2
E2C3	E2C3
E2C4	E2C4
E2C5	E2C5
E2C6	E2C6
E2C7	E2C7
E2C8	E2C8
E2C9	E2C9
E2CA	E2CA
E2CB	E2CB
E2CC	E2CC
E2CD	E2CD
E2CE	E2CE
E2CF	E2CF
E2D0	E2D0
E2D1	E2D1
E2D2	E2D2
E2D3	E2D3
E2D4	E2D4
E2D5	E2D5
E2D6	E2D6
E2D7	E2D7
E2D8	E2D8
E2D9	E2D9
E2DA	E2DA
E2DB	E2DB
E2DC	E2DC
E2DD	E2DD
E2DE	E2DE
E2DF	E2DF
E2E0	E2E0
E2E1	E2E1
E2E2	E2E2
E2E3	E2E3
E2E4	E2E4
E2E5	E2E5
E2E6	E2E6
E2E7	E2E7
E2E8	E2E8
E2E9	E2E9
E2EA	E2EA
E2EB	E2EB
E2EC	E2EC
E2ED	E2ED
E2EE	E2EE
E2EF	E2EF
E2F0	E2F0
E2F1	E2F1
E2F2	E2F2
E2F3	E2F3
E2F4	E2F4
E2F5	E2F5
E2F6	E2F6
E2F7	E2F7
E2F8	E2F8
E2F9	E2F9
E2FA	E2FA
E2FB	E2FB
E2FC	E2FC
E2FD	E2FD
E2FE	E2FE
E2FF	E2FF
E300	E300
E301	E301
E302	E302
E303	E303
E304	E304
E305	E305
E306	E306
E307	E307
E308	E308
E309	E309
E30A	E30A
E30B	E30B
E30C	E30C
E30D	E30D
E30E	E30E
E30F	E30F
E310	E310
E311	E311
E312	E312
E313	E313
E314	E314
E315	E315
E316	E316
E317	E317
E318	E318
E319	E319
E31A	E31A
E31B	E31B
E31C	E31C
E31D	E31D
E31E	E31E
E31F	E31F
E320	E320
E321	E321
E322	E322
E323	E323
E324	E324
E325	E325
E326	E326
E327	E327
E328	E328
E329	E329
E32A	E32A
E32B	E32B
E32C	E32C
E32D	E32D
E32E	E32E
E32F	E32F
E330	E330
E331	E331
E332	E332
E333	E333
E334	E334
E335	E335
E336	E336
E337	E337
E338	E338
E339	E339
E33A	E33A
E33B	E33B
E33C	E33C
E33D	E33D
E33E	E33E
E33F	E33F
E340	E340
E341	E341
E342	E342
E343	E343
E344	E344
E345	E345
E346	E346
E347	E347
E348	E348
E349	E349
E34A	E34A
E34B	E34B
E34C	E34C
E34D	E34D
E34E	E34E
E34F	E34F
E350	E350
E351	E351
E352	E352
E353	E353
E354	E354
E355	E355
E356	E356
E357	E357
E358	E358
E359	E359
E35A	E35A
E35B	E35B
E35C	E35C
E35D	E35D
E35E	E35E
E35F	E35F
E360	E360
E361	E361
E362	E362
E363	E363
E364	E364
E365	E365
E366	E366
E367	E367
E368	E368
E369	E369
E36A	E36A
E36B	E36B
E36C	E36C
E36D	E36D
E36E	E36E
E36F	E36F
E370	E370
E371	E371
E372	E372
E373	E373
E374	E374
E375	E375
E376	E376
E377	E377
E378	E378
E379	E379
E37A	E37A
E37B	E37B
E37C	E37C
E37D	E37D
E37E	E37E
E37F	E37F
E380	E380
E381	E381
E382	E382
E383	E383
E384	E384
E385	E385
E386	E386
E387	E387
E388	E388
E389	E389
E38A	E38A
E38B	E38B
E38C	E38C
E38D	E38D
E38E	E38E
E38F	E38F
E390	E390
E391	E391
E392	E392
E393	E393
E394	E394
E395	E395
E396	E396
E397	E397
E398	E398
E399	E399
E39A	E39A
E39B	E39B
E39C	E39C
E39D	E39D
E39E	E39E
E39F	E39F
E3A0	E3A0
E3A1	E3A1
E3A2	E3A2
E3A3	E3A3
E3A4	E3A4
E3A5	E3A5
E3A6	E3A6
E3A7	E3A7
E3A8	E3A8
E3A9	E3A9
E3AA	E3AA
E3AB	E3AB
E3AC	E3AC
E3AD	E3AD
E3AE	E3AE
E3AF	E3AF
E3B0	E3B0
E3B1	E3B1
E3B2	E3B2
E3B3	E3B3
E3B4	E3B4
E3B5	E3B5
E3B6	E3B6
E3B7	E3B7
E3B8	E3B8
E3B9	E3B9
E3BA	E3BA
E3BB	E3BB
E3BC	E3BC
E3BD	E3BD
E3BE	E3BE
E3BF	E3BF
E3C0	E3C0
E3C1	E3C1
E3C2	E3C2
E3C3	E3C3
E3C4	E3C4
E3C5	E3C5
E3C6	E3C6
E3C7	E3C7
E3C8	E3C8
E3C9	E3C9
E3CA	E3CA
E3CB	E3CB
E3CC	E3CC
E3CD	E3CD
E3CE	E3CE
E3CF	E3CF
E3D0	E3D0
E3D1	E3D1
E3D2	E3D2
E3D3	E3D3
E3D4	E3D4
E3D5	E3D5
E3D6	E3D6
E3D7	E3D7
E3D8	E3D8
E3D9	E3D9
E3DA	E3DA
E3DB	E3DB
E3DC	E3DC
E3DD	E3DD
E3DE	E3DE
E3DF	E3DF
E3E0	E3E0
E3E1	E3E1
E3E2	E3E2
E3E3	E3E3
E3E4	E3E4
E3E5	E3E5
E3E6	E3E6
E3E7	E3E7
E3E8	E3E8
E3E9	E3E9
E3EA	E3EA
E3EB	E3EB
E3EC	E3EC
E3ED	E3ED
E3EE	E3EE
E3EF	E3EF
E3F0	E3F0
E3F1	E3F1
E3F2	E3F2
E3F3	E3F3
E3F4	E3F4
E3F5	E3F5
E3F6	E3F6
E3F7	E3F7
E3F8	E3F8
E3F9	E3F9
E3FA	E3FA
E3FB	E3FB
E3FC	E3FC
E3FD	E3FD
E3FE	E3FE
E3FF	E3FF
E400	E400
E401	E401
E402	E402
E403	E403
E404	E404
E405	E405
E406	E406
E407	E407
E408	E408
E409	E409
E40A	E40A
E40B	E40B
E40C	E40C
E40D	E40D
E40E	E40E
E40F	E40F
E410	E410
E411	E411
E412	E412
E413	E413
E414	E414
E415	E415
E416	E416
E417	E417
E418	E418
E419	E419
E41A	E41A
E41B	E41B
E41C	E41C
E41D	E41D
E41E	E41E
E41F	E41F
E420	E420
E421	E421
E422	E422
E423	E423
E424	E424
E425	E425
E426	E426
E427	E427
E428	E428
E429	E429
E42A	E42A
E42B	E42B
E42C	E42C
E42D	E42D
E42E	E42E
E42F	E42F
E430	E430
E431	E431
E432	E432
E433	E433
E434	E434
E435	E435
E436	E436
E437	E437
E438	E438
E439	E439
E43A	E43A
E43B	E43B
E43C	E43C
E43D	E43D
E43E	E43E
E43F	E43F
E440	E440
E441	E441
E442	E442
E443	E443
E444	E444
E445	E445
E446	E446
E447	E447
E448	E448
E449	E449
E44A	E44A
E44B	E44B
E44C	E44C
E44D	E44D
E44E	E44E
E44F	E44F
E450	E450
E451	E451
E452	E452
E453	E453
E454	E454
E455	E455
E456	E456
E457	E457
E458	E458
E459	E459
E45A	E45A
E45B	E45B
E45C	E45C
E45D	E45D
E45E	E45E
E45F	E45F
E460	E460
E461	E461
E462	E462
E463	E463
E464	E464
E465	E465
E466	E466
E467	E467
E468	E468
E469	E469
E46A	E46A
E46B	E46B
E46C	E46C
E46D	E46D
E46E	E46E
E46F	E46F
E470	E470
E471	E471
E472	E472
E473	E473
E474	E474
E475	E475
E476	E476
E477	E477
E478	E478
E479	E479
E47A	E47A
E47B	E47B
E47C	E47C
E47D	E47D
E47E	E47E
E47F	E47F
E480	E480
E481	E481
E482	E482
E483	E483
E484	E484
E485	E485
E486	E486
E487	E487
E488	E488
E489	E489
E48A	E48A
E48B	E48B
E48C	E48C
E48D	E48D
E48E	E48E
E48F	E48F
E490	E490
E491	E491
E492	E492
E493	E493
E494	E494
E495	E495
E496	E496
E497	E497
E498	E498
E499	E499
E49A	E49A
E49B	E49B
E49C	E49C
E49D	E49D
E49E	E49E
E49F	E49F
E4A0	E4A0
E4A1	E4A1
E4A2	E4A2
E4A3	E4A3
E4A4	E4A4
E4A5	E4A5
E4A6	E4A6
E4A7	E4A7
E4A8	E4A8
E4A9	E4A9
E4AA	E4AA
E4AB	E4AB
E4AC	E4AC
E4AD	E4AD
E4AE	E4AE
E4AF	E4AF
E4B0	E4B0
E4B1	E4B1
E4B2	E4B2
E4B3	E4B3
E4B4	E4B4
E4B5	E4B5
E4B6	E4B6
E4B7	E4B7
E4B8	E4B8
E4B9	E4B9
E4BA	E4BA
E4BB	E4BB
E4BC	E4BC
E4BD	E4BD
E4BE	E4BE
E4BF	E4BF
E4C0	E4C0
E4C1	E4C1
E4C2	E4C2
E4C3	E4C3
E4C4	E4C4
E4C5	E4C5
E4C6	E4C6
E4C7	E4C7
E4C8	E4C8
E4C9	E4C9
E4CA	E4CA
E4CB	E4CB
E4CC	E4CC
E4CD	E4CD
E4CE	E4CE
E4CF	E4CF
E4D0	E4D0
E4D1	E4D1
E4D2	E4D2
E4D3	E4D3
E4D4	E4D4
E4D5	E4D5
E4D6	E4D6
E4D7	E4D7
E4D8	E4D8
E4D9	E4D9
E4DA	E4DA
E4DB	E4DB
E4DC	E4DC
E4DD	E4DD
E4DE	E4DE
E4DF	E4DF
E4E0	E4E0
E4E1	E4E1
E4E2	E4E2
E4E3	E4E3
E4E4	E4E4
E4E5	E4E5
E4E6	E4E6
E4E7	E4E7
E4E8	E4E8
E4E9	E4E9
E4EA	E4EA
E4EB	E4EB
E4EC	E4EC
E4ED	E4ED
E4EE	E4EE
E4EF	E4EF
E4F0	E4F0
E4F1	E4F1
E4F2	E4F2
E4F3	E4F3
E4F4	E4F4
E4F5	E4F5
E4F6	E4F6
E4F7	E4F7
E4F8	E4F8
E4F9	E4F9
E4FA	E4FA
E4FB	E4FB
E4FC	E4FC
E4FD	E4FD
E4FE	E4FE
E4FF	E4FF
E500	E500
E501	E501
E502	E502
E503	E503
E504	E504
E505	E505
E506	E506
E507	E507
E508	E508
E509	E509
E50A	E50A
E50B	E50B
E50C	E50C
E50D	E50D
E50E	E50E
E50F	E50F
E510	E510
E511	E511
E512	E512
E513	E513
E514	E514
E515	E515
E516	E516
E517	E517
E518	E518
E519	E519
E51A	E51A
E51B	E51B
E51C	E51C
E51D	E51D
E51E	E51E
E51F	E51F
E520	E520
E521	E521
E522	E522
E523	E523
E524	E524
E525	E525
E526	E526
E527	E527
E528	E528
E529	E529
E52A	E52A
E52B	E52B
E52C	E52C
E52D	E52D
E52E	E52E
E52F	E52F
E530	E530
E531	E531
E532	E532
E533	E533
E534	E534
E535	E535
E536	E536
E537	E537
E538	E538
E539	E539
E53A	E53A
E53B	E53B
E53C	E53C
E53D	E53D
E53E	E53E
E53F	E53F
E540	E540
E541	E541
E542	E542
E543	E543
E544	E544
E545	E545
E546	E546
E547	E547
E548	E548
E549	E549
E54A	E54A
E54B	E54B
E54C	E54C
E54D	E54D
E54E	E54E
E54F	E54F
E550	E550
E551	E551
E552	E552
E553	E553
E554	E554
E555	E555
E556	E556
E557	E557
E558	E558
E559	E559
E55A	E55A
E55B	E55B
E55C	E55C
E55D	E55D
E55E	E55E
E55F	E55F
E560	E560
E561	E561
E562	E562
E563	E563
E564	E564
E565	E565
E566	E566
E567	E567
E568	E568
E569	E569
E56A	E56A
E56B	E56B
E56C	E56C
E56D	E56D
E56E	E56E
E56F	E56F
E570	E570
E571	E571
E572	E572
E573	E573
E574	E574
E575	E575
E576	E576
E577	E577
E578	E578
E579	E579
E57A	E57A
E57B	E57B
E57C	E57C
E57D	E57D
E57E	E57E
E57F	E57F
E580	E580
E581	E581
E582	E582
E583	E583
E584	E584
E585	E585
E586	E586
E587	E587
E588	E588
E589	E589
E58A	E58A
E58B	E58B
E58C	E58C
E58D	E58D
E58E	E58E
E58F	E58F
E590	E590
E591	E591
E592	E592
E593	E593
E594	E594
E595	E595
E596	E596
E597	E597
E598	E598
E599	E599
E59A	E59A
E59B	E59B
E59C	E59C
E59D	E59D
E59E	E59E
E59F	E59F
E5A0	E5A0
E5A1	E5A1
E5A2	E5A2
E5A3	E5A3
E5A4	E5A4
E5A5	E5A5
E5A6	E5A6
E5A7	E5A7
E5A8	E5A8
E5A9	E5A9
E5AA	E5AA
E5AB	E5AB
E5AC	E5AC
E5AD	E5AD
E5AE	E5AE
E5AF	E5AF
E5B0	E5B0
E5B1	E5B1
E5B2	E5B2
E5B3	E5B3
E5B4	E5B4
E5B5	E5B5
E5B6	E5B6
E5B7	E5B7
E5B8	E5B8
E5B9	E5B9
E5BA	E5BA
E5BB	E5BB
E5BC	E5BC
E5BD	E5BD
E5BE	E5BE
E5BF	E5BF
E5C0	E5C0
E5C1	E5C1
E5C2	E5C2
E5C3	E5C3
E5C4	E5C4
E5C5	E5C5
E5C6	E5C6
E5C7	E5C7
E5C8	E5C8
E5C9	E5C9
E5CA	E5CA
E5CB	E5CB
E5CC	E5CC
E5CD	E5CD
E5CE	E5CE
E5CF	E5CF
E5D0	E5D0
E5D1	E5D1
E5D2	E5D2
E5D3	E5D3
E5D4	E5D4
E5D5	E5D5
E5D6	E5D6
E5D7	E5D7
E5D8	E5D8
E5D9	E5D9
E5DA	E5DA
E5DB	E5DB
E5DC	E5DC
E5DD	E5DD
E5DE	E5DE
E5DF	E5DF
E5E0	E5E0
E5E1	E5E1
E5E2	E5E2
E5E3	E5E3
E5E4	E5E4
E5E5	E5E5
E5E6	E5E6
E5E7	E5E7
E5E8	E5E8
E5E9	E5E9
E5EA	E5EA
E5EB	E5EB
E5EC	E5EC
E5ED	E5ED
E5EE	E5EE
E5EF	E5EF
E5F0	E5F0
E5F1	E5F1
E5F2	E5F2
E5F3	E5F3
E5F4	E5F4
E5F5	E5F5
E5F6	E5F6
E5F7	E5F7
E5F8	E5F8
E5F9	E5F9
E5FA	E5FA
E5FB	E5FB
E5FC	E5FC
E5FD	E5FD
E5FE	E5FE
E5FF	E5FF
E600	E600
E601	E601
E602	E602
E603	E603
E604	E604
E605	E605
E606	E606
E607	E607
E608	E608
E609	E609
E60A	E60A
E60B	E60B
E60C	E60C
E60D	E60D
E60E	E60E
E60F	E60F
E610	E610
E611	E611
E612	E612
E613	E613
E614	E614
E615	E615
E616	E616
E617	E617
E618	E618
E619	E619
E61A	E61A
E61B	E61B
E61C	E61C
E61D	E61D
E61E	E61E
E61F	E61F
E620	E620
E621	E621
E622	E622
E623	E623
E624	E624
E625	E625
E626	E626
E627	E627
E628	E628
E629	E629
E62A	E62A
E62B	E62B
E62C	E62C
E62D	E62D
E62E	E62E
E62F	E62F
E630	E630
E631	E631
E632	E632
E633	E633
E634	E634
E635	E635
E636	E636
E637	E637
E638	E638
E639	E639
E63A	E63A
E63B	E63B
E63C	E63C
E63D	E63D
E63E	E63E
E63F	E63F
E640	E640
E641	E641
E642	E642
E643	E643
E644	E644
E645	E645
E646	E646
E647	E647
E648	E648
E649	E649
E64A	E64A
E64B	E64B
E64C	E64C
E64D	E64D
E64E	E64E
E64F	E64F
E650	E650
E651	E651
E652	E652
E653	E653
E654	E654
E655	E655
E656	E656
E657	E657
E658	E658
E659	E659
E65A	E65A
E65B	E65B
E65C	E65C
E65D	E65D
E65E	E65E
E65F	E65F
E660	E660
E661	E661
E662	E662
E663	E663
E664	E664
E665	E665
E666	E666
E667	E667
E668	E668
E669	E669
E66A	E66A
E66B	E66B
E66C	E66C
E66D	E66D
E66E	E66E
E66F	E66F
E670	E670
E671	E671
E672	E672
E673	E673
E674	E674
E675	E675
E676	E676
E677	E677
E678	E678
E679	E679
E67A	E67A
E67B	E67B
E67C	E67C
E67D	E67D
E67E	E67E
E67F	E67F
E680	E680
E681	E681
E682	E682
E683	E683
E684	E684
E685	E685
E686	E686
E687	E687
E688	E688
E689	E689
E68A	E68A
E68B	E68B
E68C	E68C
E68D	E68D
E68E	E68E
E68F	E68F
E690	E690
E691	E691
E692	E692
E693	E693
E694	E694
E695	E695
E696	E696
E697	E697
E698	E698
E699	E699
E69A	E69A
E69B	E69B
E69C	E69C
E69D	E69D
E69E	E69E
E69F	E69F
E6A0	E6A0
E6A1	E6A1
E6A2	E6A2
E6A3	E6A3
E6A4	E6A4
E6A5	E6A5
E6A6	E6A6
E6A7	E6A7
E6A8	E6A8
E6A9	E6A9
E6AA	E6AA
E6AB	E6AB
E6AC	E6AC
E6AD	E6AD
E6AE	E6AE
E6AF	E6AF
E6B0	E6B0
E6B1	E6B1
E6B2	E6B2
E6B3	E6B3
E6B4	E6B4
E6B5	E6B5
E6B6	E6B6
E6B7	E6B7
E6B8	E6B8
E6B9	E6B9
E6BA	E6BA
E6BB	E6BB
E6BC	E6BC
E6BD	E6BD
E6BE	E6BE
E6BF	E6BF
E6C0	E6C0
E6C1	E6C1
E6C2	E6C2
E6C3	E6C3
E6C4	E6C4
E6C5	E6C5
E6C6	E6C6
E6C7	E6C7
E6C8	E6C8
E6C9	E6C9
E6CA	E6CA
E6CB	E6CB
E6CC	E6CC
E6CD	E6CD
E6CE	E6CE
E6CF	E6CF
E6D0	E6D0
E6D1	E6D1
E6D2	E6D2
E6D3	E6D3
E6D4	E6D4
E6D5	E6D5
E6D6	E6D6
E6D7	E6D7
E6D8	E6D8
E6D9	E6D9
E6DA	E6DA
E6DB	E6DB
E6DC	E6DC
E6DD	E6DD
E6DE	E6DE
E6DF	E6DF
E6E0	E6E0
E6E1	E6E1
E6E2	E6E2
E6E3	E6E3
E6E4	E6E4
E6E5	E6E5
E6E6	E6E6
E6E7	E6E7
E6E8	E6E8
E6E9	E6E9
E6EA	E6EA
E6EB	E6EB
E6EC	E6EC
E6ED	E6ED
E6EE	E6EE
E6EF	E6EF
E6F0	E6F0
E6F1	E6F1
E6F2	E6F2
E6F3	E6F3
E6F4	E6F4
E6F5	E6F5
E6F6	E6F6
E6F7	E6F7
E6F8	E6F8
E6F9	E6F9
E6FA	E6FA
E6FB	E6FB
E6FC	E6FC
E6FD	E6FD
E6FE	E6FE
E6FF	E6FF
E700	E700
E701	E701
E702	E702
E703	E703
E704	E704
E705	E705
E706	E706
E707	E707
E708	E708
E709	E709
E70A	E70A
E70B	E70B
E70C	E70C
E70D	E70D
E70E	E70E
E70F	E70F
E710	E710
E711	E711
E712	E712
E713	E713
E714	E714
E715	E715
E716	E716
E717	E717
E718	E718
E719	E719
E71A	E71A
E71B	E71B
E71C	E71C
E71D	E71D
E71E	E71E
E71F	E71F
E720	E720
E721	E721
E722	E722
E723	E723
E724	E724
E725	E725
E726	E726
E727	E727
E728	E728
E729	E729
E72A	E72A
E72B	E72B
E72C	E72C
E72D	E72D
E72E	E72E
E72F	E72F
E730	E730
E731	E731
E732	E732
E733	E733
E734	E734
E735	E735
E736	E736
E737	E737
E738	E738
E739	E739
E73A	E73A
E73B	E73B
E73C	E73C
E73D	E73D
E73E	E73E
E73F	E73F
E740	E740
E741	E741
E742	E742
E743	E743
E744	E744
E745	E745
E746	E746
E747	E747
E748	E748
E749	E749
E74A	E74A
E74B	E74B
E74C	E74C
E74D	E74D
E74E	E74E
E74F	E74F
E750	E750
E751	E751
E752	E752
E753	E753
E754	E754
E755	E755
E756	E756
E757	E757
E758	E758
E759	E759
E75A	E75A
E75B	E75B
E75C	E75C
E75D	E75D
E75E	E75E
E75F	E75F
E760	E760
E761	E761
E762	E762
E763	E763
E764	E764
E765	E765
E766	E766
E767	E767
E768	E768
E769	E769
E76A	E76A
E76B	E76B
E76C	E76C
E76D	E76D
E76E	E76E
E76F	E76F
E770	E770
E771	E771
E772	E772
E773	E773
E774	E774
E775	E775
E776	E776
E777	E777
E778	E778
E779	E779
E77A	E77A
E77B	E77B
E77C	E77C
E77D	E77D
E77E	E77E
E77F	E77F
E780	E780
E781	E781
E782	E782
E783	E783
E784	E784
E785	E785
E786	E786
E787	E787
E788	E788
E789	E789
E78A	E78A
E78B	E78B
E78C	E78C
E78D	E78D
E78E	E78E
E78F	E78F
E790	E790
E791	E791
E792	E792
E793	E793
E794	E794
E795	E795
E796	E796
E797	E797
E798	E798
E799	E799
E79A	E79A
E79B	E79B
E79C	E79C
E79D	E79D
E79E	E79E
E79F	E79F
E7A0	E7A0
E7A1	E7A1
E7A2	E7A2
E7A3	E7A3
E7A4	E7A4
E7A5	E7A5
E7A6	E7A6
E7A7	E7A7
E7A8	E7A8
E7A9	E7A9
E7AA	E7AA
E7AB	E7AB
E7AC	E7AC
E7AD	E7AD
E7AE	E7AE
E7AF	E7AF
E7B0	E7B0
E7B1	E7B1
E7B2	E7B2
E7B3	E7B3
E7B4	E7B4
E7B5	E7B5
E7B6	E7B6
E7B7	E7B7
E7B8	E7B8
E7B9	E7B9
E7BA	E7BA
E7BB	E7BB
E7BC	E7BC
E7BD	E7BD
E7BE	E7BE
E7BF	E7BF
E7C0	E7C0
E7C1	E7C1
E7C2	E7C2
E7C3	E7C3
E7C4	E7C4
E7C5	E7C5
E7C6	E7C6
E7C7	E7C7
E7C8	E7C8
E7C9	E7C9
E7CA	E7CA
E7CB	E7CB
E7CC	E7CC
E7CD	E7CD
E7CE	E7CE
E7CF	E7CF
E7D0	E7D0
E7D1	E7D1
E7D2	E7D2
E7D3	E7D3
E7D4	E7D4
E7D5	E7D5
E7D6	E7D6
E7D7	E7D7
E7D8	E7D8
E7D9	E7D9
E7DA	E7DA
E7DB	E7DB
E7DC	E7DC
E7DD	E7DD
E7DE	E7DE
E7DF	E7DF
E7E0	E7E0
E7E1	E7E1
E7E2	E7E2
E7E3	E7E3
E7E4	E7E4
E7E5	E7E5
E7E6	E7E6
E7E7	E7E7
E7E8	E7E8
E7E9	E7E9
E7EA	E7EA
E7EB	E7EB
E7EC	E7EC
E7ED	E7ED
E7EE	E7EE
E7EF	E7EF
E7F0	E7F0
E7F1	E7F1
E7F2	E7F2
E7F3	E7F3
E7F4	E7F4
E7F5	E7F5
E7F6	E7F6
E7F7	E7F7
E7F8	E7F8
E7F9	E7F9
E7FA	E7FA
E7FB	E7FB
E7FC	E7FC
E7FD	E7FD
E7FE	E7FE
E7FF	E7FF
E800	E800
E801	E801
E802	E802
E803	E803
E804	E804
E805	E805
E806	E806
E807	E807
E808	E808
E809	E809
E80A	E80A
E80B	E80B
E80C	E80C
E80D	E80D
E80E	E80E
E80F	E80F
E810	E810
E811	E811
E812	E812
E813	E813
E814	E814
E815	E815
E816	E816
E817	E817
E818	E818
E819	E819
E81A	E81A
E81B	E81B
E81C	E81C
E81D	E81D
E81E	E81E
E81F	E81F
E820	E820
E821	E821
E822	E822
E823	E823
E824	E824
E825	E825
E826	E826
E827	E827
E828	E828
E829	E829
E82A	E82A
E82B	E82B
E82C	E82C
E82D	E82D
E82E	E82E
E82F	E82F
E830	E830
E831	E831
E832	E832
E833	E833
E834	E834
E835	E835
E836	E836
E837	E837
E838	E838
E839	E839
E83A	E83A
E83B	E83B
E83C	E83C
E83D	E83D
E83E	E83E
E83F	E83F
E840	E840
E841	E841
E842	E842
E843	E843
E844	E844
E845	E845
E846	E846
E847	E847
E848	E848
E849	E849
E84A	E84A
E84B	E84B
E84C	E84C
E84D	E84D
E84E	E84E
E84F	E84F
E850	E850
E851	E851
E852	E852
E853	E853
E854	E854
E855	E855
E856	E856
E857	E857
E858	E858
E859	E859
E85A	E85A
E85B	E85B
E85C	E85C
E85D	E85D
E85E	E85E
E85F	E85F
E860	E860
E861	E861
E862	E862
E863	E863
E864	E864
F8F5	F8F5
F900	8C48
F901	66F4
F902	8ECA
F903	8CC8
F904	6ED1
F905	4E32
F906	53E5
F907	9F9C
F908	9F9C
F909	5951
F90A	91D1
F90B	5587
F90C	5948
F90D	61F6
F90E	7669
F90F	7F85
F910	863F
F911	87BA
F912	88F8
F913	908F
F914	6A02
F915	6D1B
F916	70D9
F917	73DE
F918	843D
F919	916A
F91A	99F1
F91B	4E82
F91C	5375
F91D	6B04
F91E	721B
F91F	862D
F920	9E1E
F921	5D50
F922	6FEB
F923	85CD
F924	8964
F925	62C9
F926	81D8
F927	881F
F928	5ECA
F929	6717
F92A	6D6A
F92B	72FC
F92C	F92C
F92D	4F86
F92E	51B7
F92F	52DE
F930	64C4
F931	6AD3
F932	7210
F933	76E7
F934	8001
F935	8606
F936	865C
F937	8DEF
F938	9732
F939	9B6F
F93A	9DFA
F93B	788C
F93C	797F
F93D	7DA0
F93E	83C9
F93F	9304
F940	9E7F
F941	8AD6
F942	58DF
F943	5F04
F944	7C60
F945	807E
F946	7262
F947	78CA
F948	8CC2
F949	96F7
F94A	58D8
F94B	5C62
F94C	6A13
F94D	6DDA
F94E	6F0F
F94F	7D2F
F950	7E37
F951	964B
F952	52D2
F953	808B
F954	51DC
F955	51CC
F956	7A1C
F957	7DBE
F958	83F1
F959	9675
F95A	8B80
F95B	62CF
F95C	6A02
F95D	8AFE
F95E	4E39
F95F	5BE7
F960	6012
F961	7387
F962	7570
F963	5317
F964	78FB
F965	4FBF
F966	5FA9
F967	4E0D
F968	6CCC
F969	6578
F96A	7D22
F96B	53C3
F96C	585E
F96D	7701
F96E	8449
F96F	8AAA
F970	6BBA
F971	8FB0
F972	6C88
F973	62FE
F974	82E5
F975	63A0
F976	7565
F977	4EAE
F978	5169
F979	F979
F97A	6881
F97B	7CE7
F97C	826F
F97D	8AD2
F97E	91CF
F97F	52F5
F980	5442
F981	5973
F982	5EEC
F983	65C5
F984	6FFE
F985	792A
F986	95AD
F987	9A6A
F988	9E97
F989	9ECE
F98A	529B
F98B	66C6
F98C	6B77
F98D	8F62
F98E	5E74
F98F	6190
F990	6200
F991	649A
F992	6F23
F993	7149
F994	7489
F995	F995
F996	7DF4
F997	806F
F998	8F26
F999	84EE
F99A	9023
F99B	934A
F99C	5217
F99D	52A3
F99E	54BD
F99F	70C8
F9A0	88C2
F9A1	8AAA
F9A2	5EC9
F9A3	5FF5
F9A4	637B
F9A5	6BAE
F9A6	7C3E
F9A7	7375
F9A8	4EE4
F9A9	56F9
F9AA	5BE7
F9AB	5DBA
F9AC	601C
F9AD	73B2
F9AE	7469
F9AF	7F9A
F9B0	8046
F9B1	9234
F9B2	96F6
F9B3	9748
F9B4	9818
F9B5	4F8B
F9B6	79AE
F9B7	91B4
F9B8	96B8
F9B9	60E1
F9BA	4E86
F9BB	50DA
F9BC	5BEE
F9BD	5C3F
F9BE	6599
F9BF	6A02
F9C0	71CE
F9C1	7642
F9C2	84FC
F9C3	907C
F9C4	9F8D
F9C5	6688
F9C6	962E
F9C7	5289
F9C8	677B
F9C9	67F3
F9CA	6D41
F9CB	6E9C
F9CC	7409
F9CD	7559
F9CE	786B
F9CF	7D10
F9D0	985E
F9D1	516D
F9D2	622E
F9D3	9678
F9D4	502B
F9D5	5D19
F9D6	6DEA
F9D7	8F2A
F9D8	5F8B
F9D9	6144
F9DA	6817
F9DB	7387
F9DC	9686
F9DD	5229
F9DE	540F
F9DF	5C65
F9E0	6613
F9E1	674E
F9E2	68A8
F9E3	6CE5
F9E4	7406
F9E5	75E2
F9E6	7F79
F9E7	F9E7
F9E8	88E1
F9E9	91CC
F9EA	96E2
F9EB	533F
F9EC	6EBA
F9ED	541D
F9EE	71D0
F9EF	7498
F9F0	85FA
F9F1	F9F1
F9F2	9C57
F9F3	9E9F
F9F4	6797
F9F5	6DCB
F9F6	81E8
F9F7	7ACB
F9F8	7B20
F9F9	7C92
F9FA	72C0
F9FB	7099
F9FC	8B58
F9FD	4EC0
F9FE	8336
F9FF	523A
FA00	5207
FA01	5EA6
FA02	62D3
FA03	7CD6
FA04	5B85
FA05	6D1E
FA06	66B4
FA07	8F3B
FA08	884C
FA09	964D
FA0A	898B
FA0B	5ED3
FA0C	FA0C
FA0D	FA0D
FA0E	FA0E
FA0F	FA0F
FA10	585A
FA11	FA11
FA12	6674
FA13	FA13
FA14	FA14
FA15	51DE
FA16	8C6C
FA17	76CA
FA18	FA18
FA19	795E
FA1A	7965
FA1B	798F
FA1C	9756
FA1D	7CBE
FA1E	7FBD
FA1F	FA1F
FA20	FA20
FA21	FA21
FA22	8AF8
FA23	FA23
FA24	FA24
FA25	9038
FA26	90FD
FA27	FA27
FA28	FA28
FA29	FA29
FA2A	98EF
FA2B	98FC
FA2C	9928
FA2D	9DB4
FE30	FE30
FE31	FE31
FE33	FE33
FE34	FE34
FE35	FE35
FE36	FE36
FE37	FE37
FE38	FE38
FE39	FE39
FE3A	FE3A
FE3B	FE3B
FE3C	FE3C
FE3D	FE3D
FE3E	FE3E
FE3F	FE3F
FE40	FE40
FE41	FE41
FE42	FE42
FE43	FE43
FE44	FE44
FE49	FE49
FE4A	FE4A
FE4B	FE4B
FE4C	FE4C
FE4D	FE4D
FE4E	FE4E
FE4F	FE4F
FE50	FE50
FE51	FE51
FE52	FE52
FE54	FE54
FE55	FE55
FE56	FE56
FE57	FE57
FE59	FE59
FE5A	FE5A
FE5B	FE5B
FE5C	FE5C
FE5D	FE5D
FE5E	FE5E
FE5F	FE5F
FE60	FE60
FE61	FE61
FE62	FE62
FE63	FE63
FE64	FE64
FE65	FE65
FE66	FE66
FE68	FE68
FE69	FE69
FE6A	FE6A
FE6B	FE6B
FF01	FF01
FF02	FF02
FF03	FF03
FF04	FF04
FF05	FF05
FF06	FF06
FF07	FF07
FF08	FF08
FF09	FF09
FF0A	FF0A
FF0B	FF0B
FF0C	FF0C
FF0D	FF0D
FF0E	FF0E
FF0F	FF0F
FF10	FF10
FF11	FF11
FF12	FF12
FF13	FF13
FF14	FF14
FF15	FF15
FF16	FF16
FF17	FF17
FF18	FF18
FF19	FF19
FF1A	FF1A
FF1B	FF1B
FF1C	FF1C
FF1D	FF1D
FF1E	FF1E
FF1F	FF1F
FF20	FF20
FF21	FF21
FF22	FF22
FF23	FF23
FF24	FF24
FF25	FF25
FF26	FF26
FF27	FF27
FF28	FF28
FF29	FF29
FF2A	FF2A
FF2B	FF2B
FF2C	FF2C
FF2D	FF2D
FF2E	FF2E
FF2F	FF2F
FF30	FF30
FF31	FF31
FF32	FF32
FF33	FF33
FF34	FF34
FF35	FF35
FF36	FF36
FF37	FF37
FF38	FF38
FF39	FF39
FF3A	FF3A
FF3B	FF3B
FF3C	FF3C
FF3D	FF3D
FF3E	FF3E
FF3F	FF3F
FF40	FF40
FF41	FF41
FF42	FF42
FF43	FF43
FF44	FF44
FF45	FF45
FF46	FF46
FF47	FF47
FF48	FF48
FF49	FF49
FF4A	FF4A
FF4B	FF4B
FF4C	FF4C
FF4D	FF4D
FF4E	FF4E
FF4F	FF4F
FF50	FF50
FF51	FF51
FF52	FF52
FF53	FF53
FF54	FF54
FF55	FF55
FF56	FF56
FF57	FF57
FF58	FF58
FF59	FF59
FF5A	FF5A
FF5B	FF5B
FF5C	FF5C
FF5D	FF5D
FF5E	FF5E
FFE0	FFE0
FFE1	FFE1
FFE2	FFE2
FFE3	FFE3
FFE4	FFE4
FFE5	FFE5
