0000	0000
0001	0001
0002	0002
0003	0003
0004	0004
0005	0005
0006	0006
0007	0007
0008	0008
0009	0009
000A	000A
000B	000B
000C	000C
000D	000D
000E	000E
000F	000F
0010	0010
0011	0011
0012	0012
0013	0013
0014	0014
0015	0015
0016	0016
0017	0017
0018	0018
0019	0019
001A	001A
001B	001B
001C	001C
001D	001D
001E	001E
001F	001F
0020	0020
0021	0021
0022	0022
0023	0023
0024	0024
0025	0025
0026	0026
0027	0027
0028	0028
0029	0029
002A	002A
002B	002B
002C	002C
002D	002D
002E	002E
002F	002F
0030	0030
0031	0031
0032	0032
0033	0033
0034	0034
0035	0035
0036	0036
0037	0037
0038	0038
0039	0039
003A	003A
003B	003B
003C	003C
003D	003D
003E	003E
003F	003F
0040	0040
0041	0041
0042	0042
0043	0043
0044	0044
0045	0045
0046	0046
0047	0047
0048	0048
0049	0049
004A	004A
004B	004B
004C	004C
004D	004D
004E	004E
004F	004F
0050	0050
0051	0051
0052	0052
0053	0053
0054	0054
0055	0055
0056	0056
0057	0057
0058	0058
0059	0059
005A	005A
005B	005B
005C	005C
005D	005D
005E	005E
005F	005F
0060	0060
0061	0061
0062	0062
0063	0063
0064	0064
0065	0065
0066	0066
0067	0067
0068	0068
0069	0069
006A	006A
006B	006B
006C	006C
006D	006D
006E	006E
006F	006F
0070	0070
0071	0071
0072	0072
0073	0073
0074	0074
0075	0075
0076	0076
0077	0077
0078	0078
0079	0079
007A	007A
007B	007B
007C	007C
007D	007D
007E	007E
007F	007F
0080	0080
00A1	00A1
00A2	FFE0
00A3	FFE1
00A4	00A4
00A5	FFE5
00A6	007C
00A7	00A7
00A8	00A8
00A9	24D2
00AA	00AA
00AB	226A
00AC	FFE2
00AD	00AD
00AE	00AE
00B0	00B0
00B1	00B1
00B2	00B2
00B3	00B3
00B4	00B4
00B5	03BC
00B6	00B6
00B7	00B7
00B8	00B8
00B9	00B9
00BA	00BA
00BB	226B
00BC	00BC
00BD	00BD
00BE	00BE
00BF	00BF
00C0	0041
00C1	0041
00C2	0041
00C3	0041
00C4	0041
00C5	0041
00C6	00C6
00C7	0043
00C8	0045
00C9	0045
00CA	0045
00CB	0045
00CC	0049
00CD	0049
00CE	0049
00CF	0049
00D0	00D0
00D1	004E
00D2	004F
00D3	004F
00D4	004F
00D5	004F
00D6	004F
00D7	00D7
00D8	00D8
00D9	0055
00DA	0055
00DB	0055
00DC	0055
00DD	0059
00DE	00DE
00DF	00DF
00E0	0061
00E1	0061
00E2	0061
00E3	0061
00E4	0061
00E5	0061
00E6	00E6
00E7	0063
00E8	0065
00E9	0065
00EA	0065
00EB	0065
00EC	0069
00ED	0069
00EE	0069
00EF	0069
00F0	00F0
00F1	006E
00F2	006F
00F3	006F
00F4	006F
00F5	006F
00F6	006F
00F7	00F7
00F8	00F8
00F9	0075
00FA	0075
00FB	0075
00FC	0075
00FD	0079
00FE	00FE
00FF	0079
0110	0111
0111	0111
0126	0126
0127	0127
0131	0131
0132	0132
0133	0133
0138	0138
013F	013F
0140	0140
0141	0141
0142	0142
0149	0149
014A	014A
014B	014B
0152	0152
0153	0153
0166	0166
0167	0167
02C7	02C7
02D0	02D0
02D8	02D8
02D9	02D9
02DA	02DA
02DB	02DB
02DD	02DD
0391	0391
0392	0392
0393	0393
0394	0394
0395	0395
0396	0396
0397	0397
0398	0398
0399	0399
039A	039A
039B	039B
039C	039C
039D	039D
039E	039E
039F	039F
03A0	03A0
03A1	03A1
03A3	03A3
03A4	03A4
03A5	03A5
03A6	03A6
03A7	03A7
03A8	03A8
03A9	03A9
03B1	03B1
03B2	03B2
03B3	03B3
03B4	03B4
03B5	03B5
03B6	03B6
03B7	03B7
03B8	03B8
03B9	03B9
03BA	03BA
03BB	03BB
03BC	03BC
03BD	03BD
03BE	03BE
03BF	03BF
03C0	03C0
03C1	03C1
03C3	03C3
03C4	03C4
03C5	03C5
03C6	03C6
03C7	03C7
03C8	03C8
03C9	03C9
0401	0401
0410	0410
0411	0411
0412	0412
0413	0413
0414	0414
0415	0415
0416	0416
0417	0417
0418	0418
0419	0419
041A	041A
041B	041B
041C	041C
041D	041D
041E	041E
041F	041F
0420	0420
0421	0421
0422	0422
0423	0423
0424	0424
0425	0425
0426	0426
0427	0427
0428	0428
0429	0429
042A	042A
042B	042B
042C	042C
042D	042D
042E	042E
042F	042F
0430	0430
0431	0431
0432	0432
0433	0433
0434	0434
0435	0435
0436	0436
0437	0437
0438	0438
0439	0439
043A	043A
043B	043B
043C	043C
043D	043D
043E	043E
043F	043F
0440	0440
0441	0441
0442	0442
0443	0443
0444	0444
0445	0445
0446	0446
0447	0447
0448	0448
0449	0449
044A	044A
044B	044B
044C	044C
044D	044D
044E	044E
044F	044F
0451	0451
1100	3131
1101	3132
1102	3134
1103	3137
1104	3138
1105	3139
1106	3141
1107	3142
1108	3143
1109	3145
110A	3146
110B	3147
110C	3148
110D	3149
110E	314A
110F	314B
1110	314C
1111	314D
1112	314E
1114	3165
1115	3166
111A	316D
111C	316E
111D	3171
111E	3172
1120	3173
1121	3144
1122	3174
1123	3175
1127	3176
1129	3177
112B	3178
112C	3179
112D	317A
112E	317B
112F	317C
1132	317D
1136	317E
113C	3145
113D	3146
113E	3145
113F	3146
1140	317F
1145	3182
1146	3183
1147	3180
114C	3147
114E	3148
114F	3149
1150	3148
1151	3149
1154	314A
1155	314A
1157	3184
1158	3185
1159	3186
115F	3164
1161	314F
1162	3150
1163	3151
1164	3152
1165	3153
1166	3154
1167	3155
1168	3156
1169	3157
116A	3158
116B	3159
116C	315A
116D	315B
116E	315C
116F	315D
1170	315E
1171	315F
1172	3160
1173	3161
1174	3162
1175	3163
1184	3187
1185	3188
1188	3189
1191	318A
1192	318B
1194	318C
119E	318D
11A1	318E
11A8	3131
11A9	3132
11AA	3133
11AB	3134
11AC	3135
11AD	3136
11AE	3137
11AF	3139
11B0	313A
11B1	313B
11B2	313C
11B3	313D
11B4	313E
11B5	313F
11B6	3140
11B7	3141
11B8	3142
11B9	3144
11BA	3145
11BB	3146
11BC	3147
11BD	3148
11BE	314A
11BF	314B
11C0	314C
11C1	314D
11C2	314E
11C6	3166
11C7	3167
11C8	3168
11CC	3169
11CE	316A
11D3	316B
11D7	316C
11D9	316D
11DC	316E
11DD	316F
11DF	3170
11E6	3178
11E7	317A
11E8	317C
11EA	317D
11EB	317F
11EE	3180
11F0	3147
11F1	3182
11F2	3183
11F4	3184
11F9	3186
2015	2015
2018	2018
2019	2019
201C	201C
201D	201D
2020	2020
2021	2021
2025	2025
2026	2026
2030	2030
2032	2032
2033	2033
203B	203B
2074	2074
207F	207F
2081	2081
2082	2082
2083	2083
2084	2084
20A9	005C
20AC	20AC
2103	2103
2109	2109
2113	2113
2116	2116
2121	2121
2122	2122
2126	2126
212B	212B
2153	2153
2154	2154
215B	215B
215C	215C
215D	215D
215E	215E
2160	2160
2161	2161
2162	2162
2163	2163
2164	2164
2165	2165
2166	2166
2167	2167
2168	2168
2169	2169
2170	2170
2171	2171
2172	2172
2173	2173
2174	2174
2175	2175
2176	2176
2177	2177
2178	2178
2179	2179
2190	2190
2191	2191
2192	2192
2193	2193
2194	2194
2195	2195
2196	2196
2197	2197
2198	2198
2199	2199
21D2	21D2
21D4	21D4
2200	2200
2202	2202
2203	2203
2207	2207
2208	2208
220B	220B
220F	220F
2211	2211
221A	221A
221D	221D
221E	221E
2220	2220
2225	2225
2227	2227
2228	2228
2229	2229
222A	222A
222B	222B
222C	222C
222E	222E
2234	2234
2235	2235
223C	223C
223D	223D
2252	2252
2260	2260
2261	2261
2264	2264
2265	2265
226A	226A
226B	226B
2282	2282
2283	2283
2286	2286
2287	2287
2299	2299
22A5	22A5
2312	2312
2460	2460
2461	2461
2462	2462
2463	2463
2464	2464
2465	2465
2466	2466
2467	2467
2468	2468
2469	2469
246A	246A
246B	246B
246C	246C
246D	246D
246E	246E
2474	2474
2475	2475
2476	2476
2477	2477
2478	2478
2479	2479
247A	247A
247B	247B
247C	247C
247D	247D
247E	247E
247F	247F
2480	2480
2481	2481
2482	2482
249C	249C
249D	249D
249E	249E
249F	249F
24A0	24A0
24A1	24A1
24A2	24A2
24A3	24A3
24A4	24A4
24A5	24A5
24A6	24A6
24A7	24A7
24A8	24A8
24A9	24A9
24AA	24AA
24AB	24AB
24AC	24AC
24AD	24AD
24AE	24AE
24AF	24AF
24B0	24B0
24B1	24B1
24B2	24B2
24B3	24B3
24B4	24B4
24B5	24B5
24B6	24D0
24B7	24D1
24B8	24D2
24B9	24D3
24BA	24D4
24BB	24D5
24BC	24D6
24BD	24D7
24BE	24D8
24BF	24D9
24C0	24DA
24C1	24DB
24C2	24DC
24C3	24DD
24C4	24DE
24C5	24DF
24C6	24E0
24C7	24E1
24C8	24E2
24C9	24E3
24CA	24E4
24CB	24E5
24CC	24E6
24CD	24E7
24CE	24E8
24CF	24E9
24D0	24D0
24D1	24D1
24D2	24D2
24D3	24D3
24D4	24D4
24D5	24D5
24D6	24D6
24D7	24D7
24D8	24D8
24D9	24D9
24DA	24DA
24DB	24DB
24DC	24DC
24DD	24DD
24DE	24DE
24DF	24DF
24E0	24E0
24E1	24E1
24E2	24E2
24E3	24E3
24E4	24E4
24E5	24E5
24E6	24E6
24E7	24E7
24E8	24E8
24E9	24E9
2500	2500
2501	2501
2502	2502
2503	2503
250C	250C
250D	250D
250E	250E
250F	250F
2510	2510
2511	2511
2512	2512
2513	2513
2514	2514
2515	2515
2516	2516
2517	2517
2518	2518
2519	2519
251A	251A
251B	251B
251C	251C
251D	251D
251E	251E
251F	251F
2520	2520
2521	2521
2522	2522
2523	2523
2524	2524
2525	2525
2526	2526
2527	2527
2528	2528
2529	2529
252A	252A
252B	252B
252C	252C
252D	252D
252E	252E
252F	252F
2530	2530
2531	2531
2532	2532
2533	2533
2534	2534
2535	2535
2536	2536
2537	2537
2538	2538
2539	2539
253A	253A
253B	253B
253C	253C
253D	253D
253E	253E
253F	253F
2540	2540
2541	2541
2542	2542
2543	2543
2544	2544
2545	2545
2546	2546
2547	2547
2548	2548
2549	2549
254A	254A
254B	254B
2592	2592
25A0	25A0
25A1	25A1
25A3	25A3
25A4	25A4
25A5	25A5
25A6	25A6
25A7	25A7
25A8	25A8
25A9	25A9
25B2	25B2
25B3	25B3
25B6	25B6
25B7	25B7
25BC	25BC
25BD	25BD
25C0	25C0
25C1	25C1
25C6	25C6
25C7	25C7
25C8	25C8
25CB	25CB
25CE	25CE
25CF	25CF
25D0	25D0
25D1	25D1
2605	2605
2606	2606
260E	260E
260F	260F
261C	261C
261E	261E
2640	2640
2642	2642
2660	2660
2661	2661
2663	2663
2664	2664
2665	2665
2667	2667
2668	2668
2669	2669
266A	266A
266C	266C
266D	266D
3000	3000
3001	3001
3002	3002
3003	3003
3008	3008
3009	3009
300A	300A
300B	300B
300C	300C
300D	300D
300E	300E
300F	300F
3010	3010
3011	3011
3013	3013
3014	3014
3015	3015
3041	3041
3042	3042
3043	3043
3044	3044
3045	3045
3046	3046
3047	3047
3048	3048
3049	3049
304A	304A
304B	304B
304C	304C
304D	304D
304E	304E
304F	304F
3050	3050
3051	3051
3052	3052
3053	3053
3054	3054
3055	3055
3056	3056
3057	3057
3058	3058
3059	3059
305A	305A
305B	305B
305C	305C
305D	305D
305E	305E
305F	305F
3060	3060
3061	3061
3062	3062
3063	3063
3064	3064
3065	3065
3066	3066
3067	3067
3068	3068
3069	3069
306A	306A
306B	306B
306C	306C
306D	306D
306E	306E
306F	306F
3070	3070
3071	3071
3072	3072
3073	3073
3074	3074
3075	3075
3076	3076
3077	3077
3078	3078
3079	3079
307A	307A
307B	307B
307C	307C
307D	307D
307E	307E
307F	307F
3080	3080
3081	3081
3082	3082
3083	3083
3084	3084
3085	3085
3086	3086
3087	3087
3088	3088
3089	3089
308A	308A
308B	308B
308C	308C
308D	308D
308E	308E
308F	308F
3090	3090
3091	3091
3092	3092
3093	3093
30A1	30A1
30A2	30A2
30A3	30A3
30A4	30A4
30A5	30A5
30A6	30A6
30A7	30A7
30A8	30A8
30A9	30A9
30AA	30AA
30AB	30AB
30AC	30AC
30AD	30AD
30AE	30AE
30AF	30AF
30B0	30B0
30B1	30B1
30B2	30B2
30B3	30B3
30B4	30B4
30B5	30B5
30B6	30B6
30B7	30B7
30B8	30B8
30B9	30B9
30BA	30BA
30BB	30BB
30BC	30BC
30BD	30BD
30BE	30BE
30BF	30BF
30C0	30C0
30C1	30C1
30C2	30C2
30C3	30C3
30C4	30C4
30C5	30C5
30C6	30C6
30C7	30C7
30C8	30C8
30C9	30C9
30CA	30CA
30CB	30CB
30CC	30CC
30CD	30CD
30CE	30CE
30CF	30CF
30D0	30D0
30D1	30D1
30D2	30D2
30D3	30D3
30D4	30D4
30D5	30D5
30D6	30D6
30D7	30D7
30D8	30D8
30D9	30D9
30DA	30DA
30DB	30DB
30DC	30DC
30DD	30DD
30DE	30DE
30DF	30DF
30E0	30E0
30E1	30E1
30E2	30E2
30E3	30E3
30E4	30E4
30E5	30E5
30E6	30E6
30E7	30E7
30E8	30E8
30E9	30E9
30EA	30EA
30EB	30EB
30EC	30EC
30ED	30ED
30EE	30EE
30EF	30EF
30F0	30F0
30F1	30F1
30F2	30F2
30F3	30F3
30F4	30F4
30F5	30F5
30F6	30F6
3131	3131
3132	3132
3133	3133
3134	3134
3135	3135
3136	3136
3137	3137
3138	3138
3139	3139
313A	313A
313B	313B
313C	313C
313D	313D
313E	313E
313F	313F
3140	3140
3141	3141
3142	3142
3143	3143
3144	3144
3145	3145
3146	3146
3147	3147
3148	3148
3149	3149
314A	314A
314B	314B
314C	314C
314D	314D
314E	314E
314F	314F
3150	3150
3151	3151
3152	3152
3153	3153
3154	3154
3155	3155
3156	3156
3157	3157
3158	3158
3159	3159
315A	315A
315B	315B
315C	315C
315D	315D
315E	315E
315F	315F
3160	3160
3161	3161
3162	3162
3163	3163
3164	3164
3165	3165
3166	3166
3167	3167
3168	3168
3169	3169
316A	316A
316B	316B
316C	316C
316D	316D
316E	316E
316F	316F
3170	3170
3171	3171
3172	3172
3173	3173
3174	3174
3175	3175
3176	3176
3177	3177
3178	3178
3179	3179
317A	317A
317B	317B
317C	317C
317D	317D
317E	317E
317F	317F
3180	3180
3181	3181
3182	3182
3183	3183
3184	3184
3185	3185
3186	3186
3187	3187
3188	3188
3189	3189
318A	318A
318B	318B
318C	318C
318D	318D
318E	318E
3192	4E00
3193	4E8C
3194	4E09
3195	56DB
3196	4E0A
3197	4E2D
3198	4E0B
3199	7532
319A	4E59
319B	4E19
319C	4E01
319D	5929
319E	5730
319F	4EBA
3200	3200
3201	3201
3202	3202
3203	3203
3204	3204
3205	3205
3206	3206
3207	3207
3208	3208
3209	3209
320A	320A
320B	320B
320C	320C
320D	320D
320E	320E
320F	320F
3210	3210
3211	3211
3212	3212
3213	3213
3214	3214
3215	3215
3216	3216
3217	3217
3218	3218
3219	3219
321A	321A
321B	321B
321C	321C
3220	4E00
3221	4E8C
3222	4E09
3223	56DB
3224	4E94
3225	516D
3226	4E03
3227	516B
3228	4E5D
3229	5341
322A	6708
322B	706B
322C	6C34
322D	6728
322E	91D1
322F	571F
3230	65E5
3231	682A
3232	6709
3233	793E
3234	540D
3235	7279
3236	8CA1
3237	795D
3238	52DE
3239	4EE3
323A	547C
323B	5B78
323C	76E3
323D	4F01
323E	8CC7
323F	5354
3240	796D
3241	4F11
3242	81EA
3243	81F3
3260	3260
3261	3261
3262	3262
3263	3263
3264	3264
3265	3265
3266	3266
3267	3267
3268	3268
3269	3269
326A	326A
326B	326B
326C	326C
326D	326D
326E	326E
326F	326F
3270	3270
3271	3271
3272	3272
3273	3273
3274	3274
3275	3275
3276	3276
3277	3277
3278	3278
3279	3279
327A	327A
327B	327B
327F	327F
3280	4E00
3281	4E8C
3282	4E09
3283	56DB
3284	4E94
3285	516D
3286	4E03
3287	516B
3288	4E5D
3289	5341
328A	6708
328B	706B
328C	6C34
328D	6728
328E	91D1
328F	571F
3290	65E5
3291	682A
3292	6709
3293	793E
3294	540D
3295	7279
3296	8CA1
3297	795D
3298	52DE
3299	79D8
329A	7537
329B	5973
329C	9069
329D	512A
329E	5370
329F	6CE8
32A0	9805
32A1	4F11
32A2	5BEB
32A3	6B63
32A4	4E0A
32A5	4E2D
32A6	4E0B
32A7	5DE6
32A8	53F3
32A9	91AB
32AA	5B97
32AB	5B78
32AC	76E3
32AD	4F01
32AE	8CC7
32AF	5354
32B0	591C
3380	3380
3381	3381
3382	3382
3383	3383
3384	3384
3388	3388
3389	3389
338A	338A
338B	338B
338C	338C
338D	338D
338E	338E
338F	338F
3390	3390
3391	3391
3392	3392
3393	3393
3394	3394
3395	3395
3396	3396
3397	3397
3398	3398
3399	3399
339A	339A
339B	339B
339C	339C
339D	339D
339E	339E
339F	339F
33A0	33A0
33A1	33A1
33A2	33A2
33A3	33A3
33A4	33A4
33A5	33A5
33A6	33A6
33A7	33A7
33A8	33A8
33A9	33A9
33AA	33AA
33AB	33AB
33AC	33AC
33AD	33AD
33AE	33AE
33AF	33AF
33B0	33B0
33B1	33B1
33B2	33B2
33B3	33B3
33B4	33B4
33B5	33B5
33B6	33B6
33B7	33B7
33B8	33B8
33B9	33B9
33BA	33BA
33BB	33BB
33BC	33BC
33BD	33BD
33BE	33BE
33BF	33BF
33C0	33C0
33C1	33C1
33C2	33C2
33C3	33C3
33C4	33C4
33C5	33C5
33C6	33C6
33C7	33C7
33C8	33C8
33C9	33C9
33CA	33CA
33CF	33CF
33D0	33D0
33D3	33D3
33D6	33D6
33D8	33D8
33DB	33DB
33DC	33DC
33DD	33DD
4E00	4E00
4E01	4E01
4E03	4E03
4E07	4E07
4E08	4E08
4E09	4E09
4E0A	4E0A
4E0B	4E0B
4E0D	4E0D
4E11	4E11
4E14	4E14
4E15	4E15
4E16	4E16
4E18	4E18
4E19	4E19
4E1E	4E1E
4E2D	4E2D
4E32	4E32
4E38	4E38
4E39	4E39
4E3B	4E3B
4E42	4E42
4E43	4E43
4E45	4E45
4E4B	4E4B
4E4D	4E4D
4E4E	4E4E
4E4F	4E4F
4E56	4E56
4E58	4E58
4E59	4E59
4E5D	4E5D
4E5E	4E5E
4E5F	4E5F
4E6B	4E6B
4E6D	4E6D
4E73	4E73
4E76	4E76
4E77	4E77
4E7E	4E7E
4E82	4E82
4E86	4E86
4E88	4E88
4E8B	4E8B
4E8C	4E8C
4E8E	4E8E
4E90	4E90
4E91	4E91
4E92	4E92
4E94	4E94
4E95	4E95
4E98	4E98
4E9B	4E9B
4E9E	4E9E
4EA1	4EA1
4EA2	4EA2
4EA4	4EA4
4EA5	4EA5
4EA6	4EA6
4EA8	4EA8
4EAB	4EAB
4EAC	4EAC
4EAD	4EAD
4EAE	4EAE
4EB6	4EB6
4EBA	4EBA
4EC0	4EC0
4EC1	4EC1
4EC4	4EC4
4EC7	4EC7
4ECA	4ECA
4ECB	4ECB
4ECD	4ECD
4ED4	4ED4
4ED5	4ED5
4ED6	4ED6
4ED7	4ED7
4ED8	4ED8
4ED9	4ED9
4EDD	4EDD
4EDF	4EDF
4EE3	4EE3
4EE4	4EE4
4EE5	4EE5
4EF0	4EF0
4EF2	4EF2
4EF6	4EF6
4EF7	4EF7
4EFB	4EFB
4F01	4F01
4F09	4F09
4F0A	4F0A
4F0B	4F0B
4F0D	4F0D
4F0E	4F0E
4F0F	4F0F
4F10	4F10
4F11	4F11
4F2F	4F2F
4F34	4F34
4F36	4F36
4F38	4F38
4F3A	4F3A
4F3C	4F3C
4F3D	4F3D
4F43	4F43
4F46	4F46
4F47	4F47
4F48	4F48
4F4D	4F4D
4F4E	4F4E
4F4F	4F4F
4F50	4F50
4F51	4F51
4F55	4F55
4F59	4F59
4F5A	4F5A
4F5B	4F5B
4F5C	4F5C
4F69	4F69
4F6F	4F6F
4F70	4F70
4F73	4F73
4F76	4F76
4F7A	4F7A
4F7E	4F7E
4F7F	4F7F
4F81	4F81
4F83	4F83
4F84	4F84
4F86	4F86
4F88	4F88
4F8A	4F8A
4F8B	4F8B
4F8D	4F8D
4F8F	4F8F
4F91	4F91
4F96	4F96
4F98	4F98
4F9B	4F9B
4F9D	4F9D
4FAE	4FAE
4FAF	4FAF
4FB5	4FB5
4FB6	4FB6
4FBF	4FBF
4FC2	4FC2
4FC3	4FC3
4FC4	4FC4
4FC9	4FC9
4FCA	4FCA
4FCE	4FCE
4FD1	4FD1
4FD3	4FD3
4FD4	4FD4
4FD7	4FD7
4FDA	4FDA
4FDD	4FDD
4FDF	4FDF
4FE0	4FE0
4FE1	4FE1
4FEE	4FEE
4FEF	4FEF
4FF1	4FF1
4FF3	4FF3
4FF5	4FF5
4FF8	4FF8
4FFA	4FFA
5002	5002
5006	5006
5009	5009
500B	500B
500D	500D
5011	5011
5012	5012
5016	5016
5019	5019
501A	501A
501C	501C
501E	501E
501F	501F
5021	5021
5023	5023
5024	5024
5026	5026
5027	5027
5028	5028
502A	502A
502B	502B
502C	502C
502D	502D
503B	503B
5043	5043
5047	5047
5048	5048
5049	5049
504F	504F
5055	5055
505A	505A
505C	505C
5065	5065
5074	5074
5075	5075
5076	5076
5078	5078
5080	5080
5085	5085
508D	508D
5091	5091
5098	5098
5099	5099
50AC	50AC
50AD	50AD
50B2	50B2
50B3	50B3
50B5	50B5
50B7	50B7
50BE	50BE
50C5	50C5
50C9	50C9
50CA	50CA
50CF	50CF
50D1	50D1
50D5	50D5
50D6	50D6
50DA	50DA
50DE	50DE
50E5	50E5
50E7	50E7
50ED	50ED
50F9	50F9
50FB	50FB
50FF	50FF
5100	5100
5101	5101
5104	5104
5106	5106
5109	5109
5112	5112
511F	511F
5121	5121
512A	512A
5132	5132
5137	5137
513A	513A
513C	513C
5140	5140
5141	5141
5143	5143
5144	5144
5145	5145
5146	5146
5147	5147
5148	5148
5149	5149
514B	514B
514C	514C
514D	514D
514E	514E
5152	5152
515C	515C
5162	5162
5165	5165
5167	5167
5168	5168
5169	5169
516A	516A
516B	516B
516C	516C
516D	516D
516E	516E
5171	5171
5175	5175
5176	5176
5177	5177
5178	5178
517C	517C
5180	5180
5186	5186
518A	518A
518D	518D
5192	5192
5195	5195
5197	5197
51A0	51A0
51A5	51A5
51AA	51AA
51AC	51AC
51B6	51B6
51B7	51B7
51BD	51BD
51C4	51C4
51C6	51C6
51C9	51C9
51CB	51CB
51CC	51CC
51CD	51CD
51DC	51DC
51DD	51DD
51DE	51DE
51E1	51E1
51F0	51F0
51F1	51F1
51F6	51F6
51F8	51F8
51F9	51F9
51FA	51FA
51FD	51FD
5200	5200
5203	5203
5206	5206
5207	5207
5208	5208
520A	520A
520E	520E
5211	5211
5217	5217
521D	521D
5224	5224
5225	5225
5229	5229
522A	522A
522E	522E
5230	5230
5236	5236
5237	5237
5238	5238
5239	5239
523A	523A
523B	523B
5243	5243
5247	5247
524A	524A
524B	524B
524C	524C
524D	524D
5254	5254
5256	5256
525B	525B
525D	525D
5261	5261
5269	5269
526A	526A
526F	526F
5272	5272
5275	5275
527D	527D
527F	527F
5283	5283
5287	5287
5288	5288
5289	5289
528D	528D
5291	5291
5292	5292
529B	529B
529F	529F
52A0	52A0
52A3	52A3
52A4	52A4
52A9	52A9
52AA	52AA
52AB	52AB
52BE	52BE
52C1	52C1
52C3	52C3
52C5	52C5
52C7	52C7
52C9	52C9
52CD	52CD
52D2	52D2
52D5	52D5
52D6	52D6
52D8	52D8
52D9	52D9
52DB	52DB
52DD	52DD
52DE	52DE
52DF	52DF
52E2	52E2
52E3	52E3
52E4	52E4
52F3	52F3
52F5	52F5
52F8	52F8
52FA	52FA
52FB	52FB
52FE	52FE
52FF	52FF
5305	5305
5308	5308
530D	530D
530F	530F
5310	5310
5315	5315
5316	5316
5317	5317
5319	5319
5320	5320
5321	5321
5323	5323
532A	532A
532F	532F
5339	5339
533F	533F
5340	5340
5341	5341
5343	5343
5344	5344
5347	5347
5348	5348
5349	5349
534A	534A
534D	534D
5351	5351
5352	5352
5353	5353
5354	5354
5357	5357
535A	535A
535C	535C
535E	535E
5360	5360
5366	5366
5368	5368
536F	536F
5370	5370
5371	5371
5374	5374
5375	5375
5377	5377
537D	537D
537F	537F
5384	5384
5393	5393
5398	5398
539A	539A
539F	539F
53A0	53A0
53A5	53A5
53A6	53A6
53AD	53AD
53BB	53BB
53C3	53C3
53C8	53C8
53C9	53C9
53CA	53CA
53CB	53CB
53CD	53CD
53D4	53D4
53D6	53D6
53D7	53D7
53DB	53DB
53E1	53E1
53E2	53E2
53E3	53E3
53E4	53E4
53E5	53E5
53E9	53E9
53EA	53EA
53EB	53EB
53EC	53EC
53ED	53ED
53EF	53EF
53F0	53F0
53F1	53F1
53F2	53F2
53F3	53F3
53F8	53F8
5403	5403
5404	5404
5408	5408
5409	5409
540A	540A
540C	540C
540D	540D
540E	540E
540F	540F
5410	5410
5411	5411
541B	541B
541D	541D
541F	541F
5420	5420
5426	5426
5429	5429
542B	542B
5433	5433
5438	5438
5439	5439
543B	543B
543C	543C
543E	543E
5442	5442
5448	5448
544A	544A
5451	5451
5468	5468
546A	546A
5471	5471
5473	5473
5475	5475
547B	547B
547C	547C
547D	547D
5480	5480
5486	5486
548C	548C
548E	548E
5490	5490
54A4	54A4
54A8	54A8
54AB	54AB
54AC	54AC
54B3	54B3
54B8	54B8
54BD	54BD
54C0	54C0
54C1	54C1
54C4	54C4
54C8	54C8
54C9	54C9
54E1	54E1
54E5	54E5
54E8	54E8
54ED	54ED
54EE	54EE
54F2	54F2
54FA	54FA
5504	5504
5506	5506
5507	5507
550E	550E
5510	5510
551C	551C
552F	552F
5531	5531
5535	5535
553E	553E
5544	5544
5546	5546
554F	554F
5553	5553
5556	5556
555E	555E
5563	5563
557C	557C
5580	5580
5584	5584
5586	5586
5587	5587
5589	5589
558A	558A
5598	5598
5599	5599
559A	559A
559C	559C
559D	559D
55A7	55A7
55A9	55A9
55AA	55AA
55AB	55AB
55AC	55AC
55AE	55AE
55C5	55C5
55C7	55C7
55D4	55D4
55DA	55DA
55DC	55DC
55DF	55DF
55E3	55E3
55E4	55E4
55FD	55FD
55FE	55FE
5606	5606
5609	5609
5614	5614
5617	5617
562F	562F
5632	5632
5634	5634
5636	5636
5653	5653
5668	5668
566B	566B
5674	5674
5686	5686
56A5	56A5
56AC	56AC
56AE	56AE
56B4	56B4
56BC	56BC
56CA	56CA
56CD	56CD
56D1	56D1
56DA	56DA
56DB	56DB
56DE	56DE
56E0	56E0
56F0	56F0
56F9	56F9
56FA	56FA
5703	5703
5704	5704
5708	5708
570B	570B
570D	570D
5712	5712
5713	5713
5716	5716
5718	5718
571F	571F
5728	5728
572D	572D
5730	5730
573B	573B
5740	5740
5742	5742
5747	5747
574A	574A
574D	574D
574E	574E
5750	5750
5751	5751
5761	5761
5764	5764
5766	5766
576A	576A
576E	576E
5770	5770
5775	5775
577C	577C
5782	5782
5788	5788
578B	578B
5793	5793
57A0	57A0
57A2	57A2
57A3	57A3
57C3	57C3
57C7	57C7
57C8	57C8
57CB	57CB
57CE	57CE
57DF	57DF
57E0	57E0
57F0	57F0
57F4	57F4
57F7	57F7
57F9	57F9
57FA	57FA
57FC	57FC
5800	5800
5802	5802
5805	5805
5806	5806
5808	5808
5809	5809
580A	580A
581E	581E
5821	5821
5824	5824
5827	5827
582A	582A
582F	582F
5830	5830
5831	5831
5834	5834
5835	5835
583A	583A
584A	584A
584B	584B
584F	584F
5851	5851
5854	5854
5857	5857
5858	5858
585A	585A
585E	585E
5861	5861
5862	5862
5864	5864
5875	5875
5879	5879
587C	587C
587E	587E
5883	5883
5885	5885
5889	5889
5893	5893
589C	589C
589E	589E
589F	589F
58A8	58A8
58A9	58A9
58AE	58AE
58B3	58B3
58BA	58BA
58BB	58BB
58BE	58BE
58C1	58C1
58C5	58C5
58C7	58C7
58CE	58CE
58D1	58D1
58D3	58D3
58D5	58D5
58D8	58D8
58D9	58D9
58DE	58DE
58DF	58DF
58E4	58E4
58EB	58EB
58EC	58EC
58EF	58EF
58F9	58F9
58FA	58FA
58FB	58FB
58FD	58FD
590F	590F
5914	5914
5915	5915
5916	5916
5919	5919
591A	591A
591C	591C
5922	5922
5927	5927
5929	5929
592A	592A
592B	592B
592D	592D
592E	592E
5931	5931
5937	5937
593E	593E
5944	5944
5947	5947
5948	5948
5949	5949
594E	594E
594F	594F
5950	5950
5951	5951
5954	5954
5955	5955
5957	5957
595A	595A
5960	5960
5962	5962
5967	5967
596A	596A
596B	596B
596C	596C
596D	596D
596E	596E
5973	5973
5974	5974
5978	5978
597D	597D
5982	5982
5983	5983
5984	5984
598A	598A
5993	5993
5996	5996
5997	5997
5999	5999
59A5	59A5
59A8	59A8
59AC	59AC
59B9	59B9
59BB	59BB
59BE	59BE
59C3	59C3
59C6	59C6
59C9	59C9
59CB	59CB
59D0	59D0
59D1	59D1
59D3	59D3
59D4	59D4
59D9	59D9
59DA	59DA
59DC	59DC
59DD	59DD
59E6	59E6
59E8	59E8
59EA	59EA
59EC	59EC
59EE	59EE
59F8	59F8
59FB	59FB
59FF	59FF
5A01	5A01
5A03	5A03
5A11	5A11
5A18	5A18
5A1B	5A1B
5A1C	5A1C
5A1F	5A1F
5A20	5A20
5A25	5A25
5A29	5A29
5A36	5A36
5A3C	5A3C
5A41	5A41
5A46	5A46
5A49	5A49
5A5A	5A5A
5A62	5A62
5A66	5A66
5A92	5A92
5A9A	5A9A
5A9B	5A9B
5AA4	5AA4
5AC1	5AC1
5AC2	5AC2
5AC4	5AC4
5AC9	5AC9
5ACC	5ACC
5AE1	5AE1
5AE6	5AE6
5AE9	5AE9
5B05	5B05
5B09	5B09
5B0B	5B0B
5B0C	5B0C
5B16	5B16
5B2A	5B2A
5B40	5B40
5B43	5B43
5B50	5B50
5B51	5B51
5B54	5B54
5B55	5B55
5B57	5B57
5B58	5B58
5B5A	5B5A
5B5C	5B5C
5B5D	5B5D
5B5F	5B5F
5B63	5B63
5B64	5B64
5B69	5B69
5B6B	5B6B
5B70	5B70
5B71	5B71
5B75	5B75
5B78	5B78
5B7A	5B7A
5B7C	5B7C
5B85	5B85
5B87	5B87
5B88	5B88
5B89	5B89
5B8B	5B8B
5B8C	5B8C
5B8F	5B8F
5B93	5B93
5B95	5B95
5B96	5B96
5B97	5B97
5B98	5B98
5B99	5B99
5B9A	5B9A
5B9B	5B9B
5B9C	5B9C
5BA2	5BA2
5BA3	5BA3
5BA4	5BA4
5BA5	5BA5
5BA6	5BA6
5BAC	5BAC
5BAE	5BAE
5BB0	5BB0
5BB3	5BB3
5BB4	5BB4
5BB5	5BB5
5BB6	5BB6
5BB8	5BB8
5BB9	5BB9
5BBF	5BBF
5BC0	5BC0
5BC2	5BC2
5BC3	5BC3
5BC4	5BC4
5BC5	5BC5
5BC6	5BC6
5BC7	5BC7
5BCC	5BCC
5BD0	5BD0
5BD2	5BD2
5BD3	5BD3
5BD4	5BD4
5BD7	5BD7
5BDE	5BDE
5BDF	5BDF
5BE1	5BE1
5BE2	5BE2
5BE4	5BE4
5BE5	5BE5
5BE6	5BE6
5BE7	5BE7
5BE8	5BE8
5BE9	5BE9
5BEB	5BEB
5BEC	5BEC
5BEE	5BEE
5BEF	5BEF
5BF5	5BF5
5BF6	5BF6
5BF8	5BF8
5BFA	5BFA
5C01	5C01
5C04	5C04
5C07	5C07
5C08	5C08
5C09	5C09
5C0A	5C0A
5C0B	5C0B
5C0D	5C0D
5C0E	5C0E
5C0F	5C0F
5C11	5C11
5C16	5C16
5C19	5C19
5C24	5C24
5C28	5C28
5C31	5C31
5C38	5C38
5C39	5C39
5C3A	5C3A
5C3B	5C3B
5C3C	5C3C
5C3E	5C3E
5C3F	5C3F
5C40	5C40
5C45	5C45
5C46	5C46
5C48	5C48
5C4B	5C4B
5C4D	5C4D
5C4E	5C4E
5C51	5C51
5C55	5C55
5C5B	5C5B
5C60	5C60
5C62	5C62
5C64	5C64
5C65	5C65
5C6C	5C6C
5C6F	5C6F
5C71	5C71
5C79	5C79
5C90	5C90
5C91	5C91
5CA1	5CA1
5CA9	5CA9
5CAB	5CAB
5CAC	5CAC
5CB1	5CB1
5CB3	5CB3
5CB5	5CB5
5CB7	5CB7
5CB8	5CB8
5CBA	5CBA
5CBE	5CBE
5CC0	5CC0
5CD9	5CD9
5CE0	5CE0
5CE8	5CE8
5CEF	5CEF
5CF0	5CF0
5CF4	5CF4
5CF6	5CF6
5CFB	5CFB
5CFD	5CFD
5D07	5D07
5D0D	5D0D
5D0E	5D0E
5D11	5D11
5D14	5D14
5D16	5D16
5D17	5D17
5D19	5D19
5D27	5D27
5D29	5D29
5D4B	5D4B
5D4C	5D4C
5D50	5D50
5D69	5D69
5D6C	5D6C
5D6F	5D6F
5D87	5D87
5D8B	5D8B
5D9D	5D9D
5DA0	5DA0
5DA2	5DA2
5DAA	5DAA
5DB8	5DB8
5DBA	5DBA
5DBC	5DBC
5DBD	5DBD
5DCD	5DCD
5DD2	5DD2
5DD6	5DD6
5DDD	5DDD
5DDE	5DDE
5DE1	5DE1
5DE2	5DE2
5DE5	5DE5
5DE6	5DE6
5DE7	5DE7
5DE8	5DE8
5DEB	5DEB
5DEE	5DEE
5DF1	5DF1
5DF2	5DF2
5DF3	5DF3
5DF4	5DF4
5DF7	5DF7
5DFD	5DFD
5DFE	5DFE
5E02	5E02
5E03	5E03
5E06	5E06
5E0C	5E0C
5E11	5E11
5E16	5E16
5E19	5E19
5E1B	5E1B
5E1D	5E1D
5E25	5E25
5E2B	5E2B
5E2D	5E2D
5E33	5E33
5E36	5E36
5E38	5E38
5E3D	5E3D
5E3F	5E3F
5E40	5E40
5E44	5E44
5E45	5E45
5E47	5E47
5E4C	5E4C
5E55	5E55
5E5F	5E5F
5E61	5E61
5E62	5E62
5E63	5E63
5E72	5E72
5E73	5E73
5E74	5E74
5E77	5E77
5E78	5E78
5E79	5E79
5E7B	5E7B
5E7C	5E7C
5E7D	5E7D
5E7E	5E7E
5E84	5E84
5E87	5E87
5E8A	5E8A
5E8F	5E8F
5E95	5E95
5E97	5E97
5E9A	5E9A
5E9C	5E9C
5EA0	5EA0
5EA6	5EA6
5EA7	5EA7
5EAB	5EAB
5EAD	5EAD
5EB5	5EB5
5EB6	5EB6
5EB7	5EB7
5EB8	5EB8
5EBE	5EBE
5EC2	5EC2
5EC8	5EC8
5EC9	5EC9
5ECA	5ECA
5ED0	5ED0
5ED3	5ED3
5ED6	5ED6
5EDA	5EDA
5EDB	5EDB
5EDF	5EDF
5EE0	5EE0
5EE2	5EE2
5EE3	5EE3
5EEC	5EEC
5EF3	5EF3
5EF6	5EF6
5EF7	5EF7
5EFA	5EFA
5EFB	5EFB
5F01	5F01
5F04	5F04
5F0A	5F0A
5F0F	5F0F
5F11	5F11
5F13	5F13
5F14	5F14
5F15	5F15
5F17	5F17
5F18	5F18
5F1B	5F1B
5F1F	5F1F
5F26	5F26
5F27	5F27
5F29	5F29
5F31	5F31
5F35	5F35
5F3A	5F3A
5F3C	5F3C
5F48	5F48
5F4A	5F4A
5F4C	5F4C
5F4E	5F4E
5F56	5F56
5F57	5F57
5F59	5F59
5F5B	5F5B
5F62	5F62
5F66	5F66
5F67	5F67
5F69	5F69
5F6A	5F6A
5F6B	5F6B
5F6C	5F6C
5F6D	5F6D
5F70	5F70
5F71	5F71
5F77	5F77
5F79	5F79
5F7C	5F7C
5F7F	5F7F
5F80	5F80
5F81	5F81
5F85	5F85
5F87	5F87
5F8A	5F8A
5F8B	5F8B
5F8C	5F8C
5F90	5F90
5F91	5F91
5F92	5F92
5F97	5F97
5F98	5F98
5F99	5F99
5F9E	5F9E
5FA0	5FA0
5FA1	5FA1
5FA8	5FA8
5FA9	5FA9
5FAA	5FAA
5FAE	5FAE
5FB5	5FB5
5FB7	5FB7
5FB9	5FB9
5FBD	5FBD
5FC3	5FC3
5FC5	5FC5
5FCC	5FCC
5FCD	5FCD
5FD6	5FD6
5FD7	5FD7
5FD8	5FD8
5FD9	5FD9
5FE0	5FE0
5FEB	5FEB
5FF5	5FF5
5FFD	5FFD
5FFF	5FFF
600F	600F
6012	6012
6016	6016
601C	601C
601D	601D
6020	6020
6021	6021
6025	6025
6027	6027
6028	6028
602A	602A
602F	602F
6041	6041
6042	6042
6043	6043
604D	604D
6050	6050
6052	6052
6055	6055
6059	6059
605D	605D
6062	6062
6063	6063
6064	6064
6065	6065
6068	6068
6069	6069
606A	606A
606C	606C
606D	606D
606F	606F
6070	6070
6085	6085
6089	6089
608C	608C
608D	608D
6094	6094
6096	6096
609A	609A
609B	609B
609F	609F
60A0	60A0
60A3	60A3
60A4	60A4
60A7	60A7
60B0	60B0
60B2	60B2
60B3	60B3
60B4	60B4
60B6	60B6
60B8	60B8
60BC	60BC
60BD	60BD
60C5	60C5
60C7	60C7
60D1	60D1
60DA	60DA
60DC	60DC
60DF	60DF
60E0	60E0
60E1	60E1
60F0	60F0
60F1	60F1
60F3	60F3
60F6	60F6
60F9	60F9
60FA	60FA
60FB	60FB
6101	6101
6106	6106
6108	6108
6109	6109
610D	610D
610E	610E
610F	610F
6115	6115
611A	611A
611B	611B
611F	611F
6127	6127
6130	6130
6134	6134
6137	6137
613C	613C
613E	613E
613F	613F
6142	6142
6144	6144
6147	6147
6148	6148
614A	614A
614B	614B
614C	614C
6153	6153
6155	6155
6158	6158
6159	6159
615D	615D
615F	615F
6162	6162
6163	6163
6164	6164
6167	6167
6168	6168
616B	616B
616E	616E
6170	6170
6176	6176
6177	6177
617D	617D
617E	617E
6181	6181
6182	6182
618A	618A
618E	618E
6190	6190
6191	6191
6194	6194
6198	6198
6199	6199
619A	619A
61A4	61A4
61A7	61A7
61A9	61A9
61AB	61AB
61AC	61AC
61AE	61AE
61B2	61B2
61B6	61B6
61BA	61BA
61BE	61BE
61C3	61C3
61C7	61C7
61C8	61C8
61C9	61C9
61CA	61CA
61CB	61CB
61E6	61E6
61F2	61F2
61F6	61F6
61F7	61F7
61F8	61F8
61FA	61FA
61FC	61FC
61FF	61FF
6200	6200
6207	6207
6208	6208
620A	620A
620C	620C
620D	620D
620E	620E
6210	6210
6211	6211
6212	6212
6216	6216
621A	621A
621F	621F
6221	6221
622A	622A
622E	622E
6230	6230
6231	6231
6234	6234
6236	6236
623E	623E
623F	623F
6240	6240
6241	6241
6247	6247
6248	6248
6249	6249
624B	624B
624D	624D
6253	6253
6258	6258
626E	626E
6271	6271
6276	6276
6279	6279
627C	627C
627F	627F
6280	6280
6284	6284
6289	6289
628A	628A
6291	6291
6292	6292
6295	6295
6297	6297
6298	6298
629B	629B
62AB	62AB
62B1	62B1
62B5	62B5
62B9	62B9
62BC	62BC
62BD	62BD
62C2	62C2
62C7	62C7
62C8	62C8
62C9	62C9
62CC	62CC
62CD	62CD
62CF	62CF
62D0	62D0
62D2	62D2
62D3	62D3
62D4	62D4
62D6	62D6
62D7	62D7
62D8	62D8
62D9	62D9
62DB	62DB
62DC	62DC
62EC	62EC
62ED	62ED
62EE	62EE
62EF	62EF
62F1	62F1
62F3	62F3
62F7	62F7
62FE	62FE
62FF	62FF
6301	6301
6307	6307
6309	6309
6311	6311
632B	632B
632F	632F
633A	633A
633B	633B
633D	633D
633E	633E
6349	6349
634C	634C
634F	634F
6350	6350
6355	6355
6367	6367
6368	6368
636E	636E
6372	6372
6377	6377
637A	637A
637B	637B
637F	637F
6383	6383
6388	6388
6389	6389
638C	638C
6392	6392
6396	6396
6398	6398
639B	639B
63A0	63A0
63A1	63A1
63A2	63A2
63A5	63A5
63A7	63A7
63A8	63A8
63A9	63A9
63AA	63AA
63C0	63C0
63C4	63C4
63C6	63C6
63CF	63CF
63D0	63D0
63D6	63D6
63DA	63DA
63DB	63DB
63E1	63E1
63ED	63ED
63EE	63EE
63F4	63F4
63F6	63F6
63F7	63F7
640D	640D
640F	640F
6414	6414
6416	6416
6417	6417
641C	641C
6422	6422
642C	642C
642D	642D
643A	643A
643E	643E
6458	6458
6460	6460
6469	6469
646F	646F
6478	6478
6479	6479
647A	647A
6488	6488
6491	6491
6492	6492
6493	6493
649A	649A
649E	649E
64A4	64A4
64A5	64A5
64AB	64AB
64AD	64AD
64AE	64AE
64B0	64B0
64B2	64B2
64BB	64BB
64C1	64C1
64C4	64C4
64C5	64C5
64C7	64C7
64CA	64CA
64CD	64CD
64CE	64CE
64D2	64D2
64D4	64D4
64D8	64D8
64DA	64DA
64E1	64E1
64E2	64E2
64E5	64E5
64E6	64E6
64E7	64E7
64EC	64EC
64F2	64F2
64F4	64F4
64FA	64FA
64FE	64FE
6500	6500
6504	6504
6518	6518
651D	651D
6523	6523
652A	652A
652B	652B
652C	652C
652F	652F
6536	6536
6537	6537
6538	6538
6539	6539
653B	653B
653E	653E
653F	653F
6545	6545
6548	6548
654D	654D
654E	654E
654F	654F
6551	6551
6556	6556
6557	6557
655E	655E
6562	6562
6563	6563
6566	6566
656C	656C
656D	656D
6572	6572
6574	6574
6575	6575
6577	6577
6578	6578
657E	657E
6582	6582
6583	6583
6585	6585
6587	6587
658C	658C
6590	6590
6591	6591
6597	6597
6599	6599
659B	659B
659C	659C
659F	659F
65A1	65A1
65A4	65A4
65A5	65A5
65A7	65A7
65AB	65AB
65AC	65AC
65AF	65AF
65B0	65B0
65B7	65B7
65B9	65B9
65BC	65BC
65BD	65BD
65C1	65C1
65C5	65C5
65CB	65CB
65CC	65CC
65CF	65CF
65D2	65D2
65D7	65D7
65E0	65E0
65E3	65E3
65E5	65E5
65E6	65E6
65E8	65E8
65E9	65E9
65EC	65EC
65ED	65ED
65F1	65F1
65F4	65F4
65FA	65FA
65FB	65FB
65FC	65FC
65FD	65FD
65FF	65FF
6606	6606
6607	6607
6609	6609
660A	660A
660C	660C
660E	660E
660F	660F
6610	6610
6611	6611
6613	6613
6614	6614
6615	6615
661E	661E
661F	661F
6620	6620
6625	6625
6627	6627
6628	6628
662D	662D
662F	662F
6630	6630
6631	6631
6634	6634
6636	6636
663A	663A
663B	663B
6641	6641
6642	6642
6643	6643
6644	6644
6649	6649
664B	664B
664F	664F
6659	6659
665B	665B
665D	665D
665E	665E
665F	665F
6664	6664
6665	6665
6666	6666
6667	6667
6668	6668
6669	6669
666B	666B
666E	666E
666F	666F
6673	6673
6674	6674
6676	6676
6677	6677
6678	6678
667A	667A
6684	6684
6687	6687
6688	6688
6689	6689
668E	668E
6690	6690
6691	6691
6696	6696
6697	6697
6698	6698
669D	669D
66A0	66A0
66A2	66A2
66AB	66AB
66AE	66AE
66B2	66B2
66B3	66B3
66B4	66B4
66B9	66B9
66BB	66BB
66BE	66BE
66C4	66C4
66C6	66C6
66C7	66C7
66C9	66C9
66D6	66D6
66D9	66D9
66DC	66DC
66DD	66DD
66E0	66E0
66E6	66E6
66F0	66F0
66F2	66F2
66F3	66F3
66F4	66F4
66F7	66F7
66F8	66F8
66F9	66F9
66FA	66FA
66FC	66FC
66FE	66FE
66FF	66FF
6700	6700
6703	6703
6708	6708
6709	6709
670B	670B
670D	670D
6714	6714
6715	6715
6717	6717
671B	671B
671D	671D
671E	671E
671F	671F
6726	6726
6727	6727
6728	6728
672A	672A
672B	672B
672C	672C
672D	672D
672E	672E
6731	6731
6734	6734
6736	6736
673A	673A
673D	673D
6746	6746
6749	6749
674E	674E
674F	674F
6750	6750
6751	6751
6753	6753
6756	6756
675C	675C
675E	675E
675F	675F
676D	676D
676F	676F
6770	6770
6771	6771
6773	6773
6775	6775
6777	6777
677B	677B
677E	677E
677F	677F
6787	6787
6789	6789
678B	678B
678F	678F
6790	6790
6793	6793
6795	6795
6797	6797
679A	679A
679C	679C
679D	679D
67AF	67AF
67B0	67B0
67B3	67B3
67B6	67B6
67B7	67B7
67B8	67B8
67BE	67BE
67C4	67C4
67CF	67CF
67D0	67D0
67D1	67D1
67D2	67D2
67D3	67D3
67D4	67D4
67DA	67DA
67DD	67DD
67E9	67E9
67EC	67EC
67EF	67EF
67F0	67F0
67F1	67F1
67F3	67F3
67F4	67F4
67F5	67F5
67F6	67F6
67FB	67FB
67FE	67FE
6812	6812
6813	6813
6816	6816
6817	6817
6821	6821
6822	6822
682A	682A
682F	682F
6838	6838
6839	6839
683C	683C
683D	683D
6840	6840
6841	6841
6842	6842
6843	6843
6848	6848
684E	684E
6850	6850
6851	6851
6853	6853
6854	6854
686D	686D
6876	6876
687F	687F
6881	6881
6885	6885
688F	688F
6893	6893
6894	6894
6897	6897
689D	689D
689F	689F
68A1	68A1
68A2	68A2
68A7	68A7
68A8	68A8
68AD	68AD
68AF	68AF
68B0	68B0
68B1	68B1
68B3	68B3
68B5	68B5
68B6	68B6
68C4	68C4
68C5	68C5
68C9	68C9
68CB	68CB
68CD	68CD
68D2	68D2
68D5	68D5
68D7	68D7
68D8	68D8
68DA	68DA
68DF	68DF
68E0	68E0
68E7	68E7
68E8	68E8
68EE	68EE
68F2	68F2
68F9	68F9
68FA	68FA
6900	6900
6905	6905
690D	690D
690E	690E
6912	6912
6927	6927
6930	6930
693D	693D
693F	693F
694A	694A
6953	6953
6954	6954
6955	6955
6957	6957
6959	6959
695A	695A
695E	695E
6960	6960
6961	6961
6962	6962
6963	6963
6968	6968
696B	696B
696D	696D
696E	696E
696F	696F
6975	6975
6977	6977
6978	6978
6979	6979
6995	6995
699B	699B
699C	699C
69A5	69A5
69A7	69A7
69AE	69AE
69B4	69B4
69BB	69BB
69C1	69C1
69C3	69C3
69CB	69CB
69CC	69CC
69CD	69CD
69D0	69D0
69E8	69E8
69EA	69EA
69FB	69FB
69FD	69FD
69FF	69FF
6A02	6A02
6A0A	6A0A
6A11	6A11
6A13	6A13
6A17	6A17
6A19	6A19
6A1E	6A1E
6A1F	6A1F
6A21	6A21
6A23	6A23
6A35	6A35
6A38	6A38
6A39	6A39
6A3A	6A3A
6A3D	6A3D
6A44	6A44
6A48	6A48
6A4B	6A4B
6A52	6A52
6A53	6A53
6A58	6A58
6A59	6A59
6A5F	6A5F
6A61	6A61
6A6B	6A6B
6A80	6A80
6A84	6A84
6A89	6A89
6A8D	6A8D
6A8E	6A8E
6A97	6A97
6A9C	6A9C
6AA2	6AA2
6AA3	6AA3
6AB3	6AB3
6ABB	6ABB
6AC2	6AC2
6AC3	6AC3
6AD3	6AD3
6ADA	6ADA
6ADB	6ADB
6AF6	6AF6
6AFB	6AFB
6B04	6B04
6B0A	6B0A
6B0C	6B0C
6B12	6B12
6B16	6B16
6B20	6B20
6B21	6B21
6B23	6B23
6B32	6B32
6B3A	6B3A
6B3D	6B3D
6B3E	6B3E
6B46	6B46
6B47	6B47
6B4C	6B4C
6B4E	6B4E
6B50	6B50
6B5F	6B5F
6B61	6B61
6B62	6B62
6B63	6B63
6B64	6B64
6B65	6B65
6B66	6B66
6B6A	6B6A
6B72	6B72
6B77	6B77
6B78	6B78
6B7B	6B7B
6B7F	6B7F
6B83	6B83
6B84	6B84
6B86	6B86
6B89	6B89
6B8A	6B8A
6B96	6B96
6B98	6B98
6B9E	6B9E
6BAE	6BAE
6BAF	6BAF
6BB2	6BB2
6BB5	6BB5
6BB7	6BB7
6BBA	6BBA
6BBC	6BBC
6BBF	6BBF
6BC1	6BC1
6BC5	6BC5
6BC6	6BC6
6BCB	6BCB
6BCD	6BCD
6BCF	6BCF
6BD2	6BD2
6BD3	6BD3
6BD4	6BD4
6BD6	6BD6
6BD7	6BD7
6BD8	6BD8
6BDB	6BDB
6BEB	6BEB
6BEC	6BEC
6C08	6C08
6C0F	6C0F
6C11	6C11
6C13	6C13
6C23	6C23
6C34	6C34
6C37	6C37
6C38	6C38
6C3E	6C3E
6C40	6C40
6C41	6C41
6C42	6C42
6C4E	6C4E
6C50	6C50
6C55	6C55
6C57	6C57
6C5A	6C5A
6C5D	6C5D
6C5E	6C5E
6C5F	6C5F
6C60	6C60
6C68	6C68
6C6A	6C6A
6C6D	6C6D
6C70	6C70
6C72	6C72
6C76	6C76
6C7A	6C7A
6C7D	6C7D
6C7E	6C7E
6C81	6C81
6C82	6C82
6C83	6C83
6C85	6C85
6C86	6C86
6C87	6C87
6C88	6C88
6C8C	6C8C
6C90	6C90
6C92	6C92
6C93	6C93
6C94	6C94
6C95	6C95
6C96	6C96
6C99	6C99
6C9A	6C9A
6C9B	6C9B
6CAB	6CAB
6CAE	6CAE
6CB3	6CB3
6CB8	6CB8
6CB9	6CB9
6CBB	6CBB
6CBC	6CBC
6CBD	6CBD
6CBE	6CBE
6CBF	6CBF
6CC1	6CC1
6CC2	6CC2
6CC4	6CC4
6CC9	6CC9
6CCA	6CCA
6CCC	6CCC
6CD3	6CD3
6CD5	6CD5
6CD7	6CD7
6CDB	6CDB
6CE1	6CE1
6CE2	6CE2
6CE3	6CE3
6CE5	6CE5
6CE8	6CE8
6CEB	6CEB
6CEE	6CEE
6CEF	6CEF
6CF0	6CF0
6CF3	6CF3
6D0B	6D0B
6D0C	6D0C
6D11	6D11
6D17	6D17
6D19	6D19
6D1B	6D1B
6D1E	6D1E
6D25	6D25
6D27	6D27
6D29	6D29
6D2A	6D2A
6D32	6D32
6D35	6D35
6D36	6D36
6D38	6D38
6D39	6D39
6D3B	6D3B
6D3D	6D3D
6D3E	6D3E
6D41	6D41
6D59	6D59
6D5A	6D5A
6D5C	6D5C
6D63	6D63
6D66	6D66
6D69	6D69
6D6A	6D6A
6D6C	6D6C
6D6E	6D6E
6D74	6D74
6D77	6D77
6D78	6D78
6D79	6D79
6D7F	6D7F
6D85	6D85
6D87	6D87
6D88	6D88
6D89	6D89
6D8C	6D8C
6D8D	6D8D
6D8E	6D8E
6D91	6D91
6D93	6D93
6D95	6D95
6DAF	6DAF
6DB2	6DB2
6DB5	6DB5
6DC0	6DC0
6DC3	6DC3
6DC4	6DC4
6DC5	6DC5
6DC6	6DC6
6DC7	6DC7
6DCB	6DCB
6DCF	6DCF
6DD1	6DD1
6DD8	6DD8
6DD9	6DD9
6DDA	6DDA
6DDE	6DDE
6DE1	6DE1
6DE8	6DE8
6DEA	6DEA
6DEB	6DEB
6DEE	6DEE
6DF1	6DF1
6DF3	6DF3
6DF5	6DF5
6DF7	6DF7
6DF8	6DF8
6DF9	6DF9
6DFA	6DFA
6DFB	6DFB
6E17	6E17
6E19	6E19
6E1A	6E1A
6E1B	6E1B
6E1F	6E1F
6E20	6E20
6E21	6E21
6E23	6E23
6E24	6E24
6E25	6E25
6E26	6E26
6E2B	6E2B
6E2C	6E2C
6E2D	6E2D
6E2F	6E2F
6E32	6E32
6E34	6E34
6E36	6E36
6E38	6E38
6E3A	6E3A
6E3C	6E3C
6E3D	6E3D
6E3E	6E3E
6E43	6E43
6E44	6E44
6E4A	6E4A
6E4D	6E4D
6E56	6E56
6E58	6E58
6E5B	6E5B
6E5C	6E5C
6E5E	6E5E
6E5F	6E5F
6E67	6E67
6E6B	6E6B
6E6E	6E6E
6E6F	6E6F
6E72	6E72
6E73	6E73
6E7A	6E7A
6E90	6E90
6E96	6E96
6E9C	6E9C
6E9D	6E9D
6E9F	6E9F
6EA2	6EA2
6EA5	6EA5
6EAA	6EAA
6EAB	6EAB
6EAF	6EAF
6EB1	6EB1
6EB6	6EB6
6EBA	6EBA
6EC2	6EC2
6EC4	6EC4
6EC5	6EC5
6EC9	6EC9
6ECB	6ECB
6ECC	6ECC
6ECE	6ECE
6ED1	6ED1
6ED3	6ED3
6ED4	6ED4
6EEF	6EEF
6EF4	6EF4
6EF8	6EF8
6EFE	6EFE
6EFF	6EFF
6F01	6F01
6F02	6F02
6F06	6F06
6F0F	6F0F
6F11	6F11
6F14	6F14
6F15	6F15
6F20	6F20
6F22	6F22
6F23	6F23
6F2B	6F2B
6F2C	6F2C
6F31	6F31
6F32	6F32
6F38	6F38
6F3F	6F3F
6F41	6F41
6F51	6F51
6F54	6F54
6F57	6F57
6F58	6F58
6F5A	6F5A
6F5B	6F5B
6F5E	6F5E
6F5F	6F5F
6F62	6F62
6F64	6F64
6F6D	6F6D
6F6E	6F6E
6F70	6F70
6F7A	6F7A
6F7C	6F7C
6F7D	6F7D
6F7E	6F7E
6F81	6F81
6F84	6F84
6F88	6F88
6F8D	6F8D
6F8E	6F8E
6F90	6F90
6F94	6F94
6F97	6F97
6FA3	6FA3
6FA4	6FA4
6FA7	6FA7
6FAE	6FAE
6FAF	6FAF
6FB1	6FB1
6FB3	6FB3
6FB9	6FB9
6FBE	6FBE
6FC0	6FC0
6FC1	6FC1
6FC2	6FC2
6FC3	6FC3
6FCA	6FCA
6FD5	6FD5
6FDA	6FDA
6FDF	6FDF
6FE0	6FE0
6FE1	6FE1
6FE4	6FE4
6FE9	6FE9
6FEB	6FEB
6FEC	6FEC
6FEF	6FEF
6FF1	6FF1
6FFE	6FFE
7001	7001
7005	7005
7006	7006
7009	7009
700B	700B
700F	700F
7011	7011
7015	7015
7018	7018
701A	701A
701B	701B
701C	701C
701D	701D
701E	701E
701F	701F
7023	7023
7027	7027
7028	7028
702F	702F
7037	7037
703E	703E
704C	704C
7050	7050
7051	7051
7058	7058
705D	705D
7063	7063
706B	706B
7070	7070
7078	7078
707C	707C
707D	707D
7085	7085
708A	708A
708E	708E
7092	7092
7098	7098
7099	7099
709A	709A
70A1	70A1
70A4	70A4
70AB	70AB
70AC	70AC
70AD	70AD
70AF	70AF
70B3	70B3
70B7	70B7
70B8	70B8
70B9	70B9
70C8	70C8
70CB	70CB
70CF	70CF
70D8	70D8
70D9	70D9
70DD	70DD
70DF	70DF
70F1	70F1
70F9	70F9
70FD	70FD
7104	7104
7109	7109
710C	710C
7119	7119
711A	711A
711E	711E
7121	7121
7126	7126
7130	7130
7136	7136
7147	7147
7149	7149
714A	714A
714C	714C
714E	714E
7150	7150
7156	7156
7159	7159
715C	715C
715E	715E
7164	7164
7165	7165
7166	7166
7167	7167
7169	7169
716C	716C
716E	716E
717D	717D
7184	7184
7189	7189
718A	718A
718F	718F
7192	7192
7194	7194
7199	7199
719F	719F
71A2	71A2
71AC	71AC
71B1	71B1
71B9	71B9
71BA	71BA
71BE	71BE
71C1	71C1
71C3	71C3
71C8	71C8
71C9	71C9
71CE	71CE
71D0	71D0
71D2	71D2
71D4	71D4
71D5	71D5
71DF	71DF
71E5	71E5
71E6	71E6
71E7	71E7
71ED	71ED
71EE	71EE
71FB	71FB
71FC	71FC
71FE	71FE
71FF	71FF
7200	7200
7206	7206
7210	7210
721B	721B
722A	722A
722C	722C
722D	722D
7230	7230
7232	7232
7235	7235
7236	7236
723A	723A
723B	723B
723D	723D
723E	723E
7240	7240
7246	7246
7247	7247
7248	7248
724C	724C
7252	7252
7258	7258
7259	7259
725B	725B
725D	725D
725F	725F
7261	7261
7262	7262
7267	7267
7269	7269
7272	7272
7279	7279
727D	727D
7280	7280
7281	7281
72A2	72A2
72A7	72A7
72AC	72AC
72AF	72AF
72C0	72C0
72C2	72C2
72C4	72C4
72CE	72CE
72D0	72D0
72D7	72D7
72D9	72D9
72E1	72E1
72E9	72E9
72F8	72F8
72F9	72F9
72FC	72FC
72FD	72FD
730A	730A
7316	7316
731B	731B
731C	731C
731D	731D
7325	7325
7329	7329
732A	732A
732B	732B
7336	7336
7337	7337
733E	733E
733F	733F
7344	7344
7345	7345
7350	7350
7352	7352
7357	7357
7368	7368
736A	736A
7370	7370
7372	7372
7375	7375
7378	7378
737A	737A
737B	737B
7384	7384
7386	7386
7387	7387
7389	7389
738B	738B
738E	738E
7394	7394
7396	7396
7397	7397
7398	7398
739F	739F
73A7	73A7
73A9	73A9
73AD	73AD
73B2	73B2
73B3	73B3
73B9	73B9
73C0	73C0
73C2	73C2
73C9	73C9
73CA	73CA
73CC	73CC
73CD	73CD
73CF	73CF
73D6	73D6
73D9	73D9
73DD	73DD
73DE	73DE
73E0	73E0
73E3	73E3
73E4	73E4
73E5	73E5
73E6	73E6
73E9	73E9
73EA	73EA
73ED	73ED
73F7	73F7
73F9	73F9
73FD	73FD
73FE	73FE
7401	7401
7403	7403
7405	7405
7406	7406
7407	7407
7409	7409
7413	7413
741B	741B
7420	7420
7421	7421
7422	7422
7425	7425
7426	7426
7428	7428
742A	742A
742B	742B
742C	742C
742E	742E
742F	742F
7430	7430
7433	7433
7434	7434
7435	7435
7436	7436
7438	7438
743A	743A
743F	743F
7440	7440
7441	7441
7443	7443
7444	7444
744B	744B
7455	7455
7457	7457
7459	7459
745A	745A
745B	745B
745C	745C
745E	745E
745F	745F
7460	7460
7462	7462
7464	7464
7465	7465
7468	7468
7469	7469
746A	746A
746F	746F
747E	747E
7482	7482
7483	7483
7487	7487
7489	7489
748B	748B
7498	7498
749C	749C
749E	749E
749F	749F
74A1	74A1
74A3	74A3
74A5	74A5
74A7	74A7
74A8	74A8
74AA	74AA
74B0	74B0
74B2	74B2
74B5	74B5
74B9	74B9
74BD	74BD
74BF	74BF
74C6	74C6
74CA	74CA
74CF	74CF
74D4	74D4
74D8	74D8
74DA	74DA
74DC	74DC
74E0	74E0
74E2	74E2
74E3	74E3
74E6	74E6
74EE	74EE
74F7	74F7
7501	7501
7504	7504
7511	7511
7515	7515
7518	7518
751A	751A
751B	751B
751F	751F
7523	7523
7525	7525
7526	7526
7528	7528
752B	752B
752C	752C
7530	7530
7531	7531
7532	7532
7533	7533
7537	7537
7538	7538
753A	753A
7547	7547
754C	754C
754F	754F
7551	7551
7553	7553
7554	7554
7559	7559
755B	755B
755C	755C
755D	755D
7562	7562
7565	7565
7566	7566
756A	756A
756F	756F
7570	7570
7575	7575
7576	7576
7578	7578
757A	757A
757F	757F
7586	7586
7587	7587
758A	758A
758B	758B
758E	758E
758F	758F
7591	7591
759D	759D
75A5	75A5
75AB	75AB
75B1	75B1
75B2	75B2
75B3	75B3
75B5	75B5
75B8	75B8
75B9	75B9
75BC	75BC
75BD	75BD
75BE	75BE
75C2	75C2
75C5	75C5
75C7	75C7
75CD	75CD
75D2	75D2
75D4	75D4
75D5	75D5
75D8	75D8
75D9	75D9
75DB	75DB
75E2	75E2
75F0	75F0
75F2	75F2
75F4	75F4
75FA	75FA
75FC	75FC
7600	7600
760D	760D
7619	7619
761F	761F
7620	7620
7621	7621
7622	7622
7624	7624
7626	7626
763B	763B
7642	7642
764C	764C
764E	764E
7652	7652
7656	7656
7661	7661
7664	7664
7669	7669
766C	766C
7670	7670
7672	7672
7678	7678
767B	767B
767C	767C
767D	767D
767E	767E
7684	7684
7686	7686
7687	7687
768E	768E
7690	7690
7693	7693
76AE	76AE
76BA	76BA
76BF	76BF
76C2	76C2
76C3	76C3
76C6	76C6
76C8	76C8
76CA	76CA
76D2	76D2
76D6	76D6
76DB	76DB
76DC	76DC
76DE	76DE
76DF	76DF
76E1	76E1
76E3	76E3
76E4	76E4
76E7	76E7
76EE	76EE
76F2	76F2
76F4	76F4
76F8	76F8
76FC	76FC
76FE	76FE
7701	7701
7704	7704
7708	7708
7709	7709
770B	770B
771E	771E
7720	7720
7729	7729
7737	7737
7738	7738
773A	773A
773C	773C
7740	7740
774D	774D
775B	775B
7761	7761
7763	7763
7766	7766
776B	776B
7779	7779
777E	777E
777F	777F
778B	778B
7791	7791
779E	779E
77A5	77A5
77AC	77AC
77AD	77AD
77B0	77B0
77B3	77B3
77BB	77BB
77BC	77BC
77BF	77BF
77D7	77D7
77DB	77DB
77DC	77DC
77E2	77E2
77E3	77E3
77E5	77E5
77E9	77E9
77ED	77ED
77EE	77EE
77EF	77EF
77F3	77F3
7802	7802
7812	7812
7825	7825
7826	7826
7827	7827
782C	782C
7832	7832
7834	7834
7845	7845
784F	784F
785D	785D
786B	786B
786C	786C
786F	786F
787C	787C
7881	7881
7887	7887
788C	788C
788D	788D
788E	788E
7891	7891
7897	7897
78A3	78A3
78A7	78A7
78A9	78A9
78BA	78BA
78BB	78BB
78BC	78BC
78C1	78C1
78C5	78C5
78CA	78CA
78CB	78CB
78CE	78CE
78D0	78D0
78E8	78E8
78EC	78EC
78EF	78EF
78F5	78F5
78FB	78FB
7901	7901
790E	790E
7916	7916
792A	792A
792B	792B
792C	792C
793A	793A
793E	793E
7940	7940
7941	7941
7947	7947
7948	7948
7949	7949
7950	7950
7956	7956
7957	7957
795A	795A
795B	795B
795C	795C
795D	795D
795E	795E
7960	7960
7965	7965
7968	7968
796D	796D
797A	797A
797F	797F
7981	7981
798D	798D
798E	798E
798F	798F
7991	7991
79A6	79A6
79A7	79A7
79AA	79AA
79AE	79AE
79B1	79B1
79B3	79B3
79B9	79B9
79BD	79BD
79BE	79BE
79BF	79BF
79C0	79C0
79C1	79C1
79C9	79C9
79CA	79CA
79CB	79CB
79D1	79D1
79D2	79D2
79D5	79D5
79D8	79D8
79DF	79DF
79E4	79E4
79E6	79E6
79E7	79E7
79E9	79E9
79FB	79FB
7A00	7A00
7A05	7A05
7A08	7A08
7A0B	7A0B
7A0D	7A0D
7A14	7A14
7A17	7A17
7A19	7A19
7A1A	7A1A
7A1C	7A1C
7A1F	7A1F
7A20	7A20
7A2E	7A2E
7A31	7A31
7A36	7A36
7A37	7A37
7A3B	7A3B
7A3C	7A3C
7A3D	7A3D
7A3F	7A3F
7A40	7A40
7A46	7A46
7A49	7A49
7A4D	7A4D
7A4E	7A4E
7A57	7A57
7A61	7A61
7A62	7A62
7A69	7A69
7A6B	7A6B
7A70	7A70
7A74	7A74
7A76	7A76
7A79	7A79
7A7A	7A7A
7A7D	7A7D
7A7F	7A7F
7A81	7A81
7A84	7A84
7A88	7A88
7A92	7A92
7A93	7A93
7A95	7A95
7A98	7A98
7A9F	7A9F
7AA9	7AA9
7AAA	7AAA
7AAE	7AAE
7AAF	7AAF
7ABA	7ABA
7AC4	7AC4
7AC5	7AC5
7AC7	7AC7
7ACA	7ACA
7ACB	7ACB
7AD7	7AD7
7AD9	7AD9
7ADD	7ADD
7ADF	7ADF
7AE0	7AE0
7AE3	7AE3
7AE5	7AE5
7AEA	7AEA
7AED	7AED
7AEF	7AEF
7AF6	7AF6
7AF9	7AF9
7AFA	7AFA
7AFF	7AFF
7B0F	7B0F
7B11	7B11
7B19	7B19
7B1B	7B1B
7B1E	7B1E
7B20	7B20
7B26	7B26
7B2C	7B2C
7B2D	7B2D
7B39	7B39
7B46	7B46
7B49	7B49
7B4B	7B4B
7B4C	7B4C
7B4D	7B4D
7B4F	7B4F
7B50	7B50
7B51	7B51
7B52	7B52
7B54	7B54
7B56	7B56
7B60	7B60
7B6C	7B6C
7B6E	7B6E
7B75	7B75
7B7D	7B7D
7B87	7B87
7B8B	7B8B
7B8F	7B8F
7B94	7B94
7B95	7B95
7B97	7B97
7B9A	7B9A
7B9D	7B9D
7BA1	7BA1
7BAD	7BAD
7BB1	7BB1
7BB4	7BB4
7BB8	7BB8
7BC0	7BC0
7BC1	7BC1
7BC4	7BC4
7BC6	7BC6
7BC7	7BC7
7BC9	7BC9
7BD2	7BD2
7BE0	7BE0
7BE4	7BE4
7BE9	7BE9
7C07	7C07
7C12	7C12
7C1E	7C1E
7C21	7C21
7C27	7C27
7C2A	7C2A
7C2B	7C2B
7C3D	7C3D
7C3E	7C3E
7C3F	7C3F
7C43	7C43
7C4C	7C4C
7C4D	7C4D
7C60	7C60
7C64	7C64
7C6C	7C6C
7C73	7C73
7C83	7C83
7C89	7C89
7C92	7C92
7C95	7C95
7C97	7C97
7C98	7C98
7C9F	7C9F
7CA5	7CA5
7CA7	7CA7
7CAE	7CAE
7CB1	7CB1
7CB2	7CB2
7CB3	7CB3
7CB9	7CB9
7CBE	7CBE
7CCA	7CCA
7CD6	7CD6
7CDE	7CDE
7CDF	7CDF
7CE0	7CE0
7CE7	7CE7
7CFB	7CFB
7CFE	7CFE
7D00	7D00
7D02	7D02
7D04	7D04
7D05	7D05
7D06	7D06
7D07	7D07
7D08	7D08
7D0A	7D0A
7D0B	7D0B
7D0D	7D0D
7D10	7D10
7D14	7D14
7D17	7D17
7D18	7D18
7D19	7D19
7D1A	7D1A
7D1B	7D1B
7D20	7D20
7D21	7D21
7D22	7D22
7D2B	7D2B
7D2C	7D2C
7D2E	7D2E
7D2F	7D2F
7D30	7D30
7D33	7D33
7D35	7D35
7D39	7D39
7D3A	7D3A
7D42	7D42
7D43	7D43
7D44	7D44
7D45	7D45
7D46	7D46
7D50	7D50
7D5E	7D5E
7D61	7D61
7D62	7D62
7D66	7D66
7D68	7D68
7D6A	7D6A
7D6E	7D6E
7D71	7D71
7D72	7D72
7D73	7D73
7D76	7D76
7D79	7D79
7D7F	7D7F
7D8E	7D8E
7D8F	7D8F
7D93	7D93
7D9C	7D9C
7DA0	7DA0
7DA2	7DA2
7DAC	7DAC
7DAD	7DAD
7DB1	7DB1
7DB2	7DB2
7DB4	7DB4
7DB5	7DB5
7DB8	7DB8
7DBA	7DBA
7DBB	7DBB
7DBD	7DBD
7DBE	7DBE
7DBF	7DBF
7DC7	7DC7
7DCA	7DCA
7DCB	7DCB
7DD6	7DD6
7DD8	7DD8
7DDA	7DDA
7DDD	7DDD
7DDE	7DDE
7DE0	7DE0
7DE1	7DE1
7DE3	7DE3
7DE8	7DE8
7DE9	7DE9
7DEC	7DEC
7DEF	7DEF
7DF4	7DF4
7DFB	7DFB
7E09	7E09
7E0A	7E0A
7E15	7E15
7E1B	7E1B
7E1D	7E1D
7E1E	7E1E
7E1F	7E1F
7E21	7E21
7E23	7E23
7E2B	7E2B
7E2E	7E2E
7E2F	7E2F
7E31	7E31
7E37	7E37
7E3D	7E3D
7E3E	7E3E
7E41	7E41
7E43	7E43
7E46	7E46
7E47	7E47
7E52	7E52
7E54	7E54
7E55	7E55
7E5E	7E5E
7E61	7E61
7E69	7E69
7E6A	7E6A
7E6B	7E6B
7E6D	7E6D
7E70	7E70
7E79	7E79
7E7C	7E7C
7E82	7E82
7E8C	7E8C
7E8F	7E8F
7E93	7E93
7E96	7E96
7E98	7E98
7E9B	7E9B
7E9C	7E9C
7F36	7F36
7F38	7F38
7F3A	7F3A
7F4C	7F4C
7F50	7F50
7F54	7F54
7F55	7F55
7F6A	7F6A
7F6B	7F6B
7F6E	7F6E
7F70	7F70
7F72	7F72
7F75	7F75
7F77	7F77
7F79	7F79
7F85	7F85
7F88	7F88
7F8A	7F8A
7F8C	7F8C
7F8E	7F8E
7F94	7F94
7F9A	7F9A
7F9E	7F9E
7FA4	7FA4
7FA8	7FA8
7FA9	7FA9
7FB2	7FB2
7FB8	7FB8
7FB9	7FB9
7FBD	7FBD
7FC1	7FC1
7FC5	7FC5
7FCA	7FCA
7FCC	7FCC
7FCE	7FCE
7FD2	7FD2
7FD4	7FD4
7FD5	7FD5
7FDF	7FDF
7FE0	7FE0
7FE1	7FE1
7FE9	7FE9
7FEB	7FEB
7FF0	7FF0
7FF9	7FF9
7FFC	7FFC
8000	8000
8001	8001
8003	8003
8005	8005
8006	8006
8009	8009
800C	800C
8010	8010
8015	8015
8017	8017
8018	8018
802D	802D
8033	8033
8036	8036
803D	803D
803F	803F
8043	8043
8046	8046
804A	804A
8056	8056
8058	8058
805A	805A
805E	805E
806F	806F
8070	8070
8072	8072
8073	8073
8077	8077
807D	807D
807E	807E
807F	807F
8084	8084
8085	8085
8086	8086
8087	8087
8089	8089
808B	808B
808C	808C
8096	8096
809B	809B
809D	809D
80A1	80A1
80A2	80A2
80A5	80A5
80A9	80A9
80AA	80AA
80AF	80AF
80B1	80B1
80B2	80B2
80B4	80B4
80BA	80BA
80C3	80C3
80C4	80C4
80CC	80CC
80CE	80CE
80DA	80DA
80DB	80DB
80DE	80DE
80E1	80E1
80E4	80E4
80E5	80E5
80F1	80F1
80F4	80F4
80F8	80F8
80FD	80FD
8102	8102
8105	8105
8106	8106
8107	8107
8108	8108
810A	810A
8118	8118
811A	811A
811B	811B
8123	8123
8129	8129
812B	812B
812F	812F
8139	8139
813E	813E
814B	814B
814E	814E
8150	8150
8151	8151
8154	8154
8155	8155
8165	8165
8166	8166
816B	816B
8170	8170
8171	8171
8178	8178
8179	8179
817A	817A
817F	817F
8180	8180
8188	8188
818A	818A
818F	818F
819A	819A
819C	819C
819D	819D
81A0	81A0
81A3	81A3
81A8	81A8
81B3	81B3
81B5	81B5
81BA	81BA
81BD	81BD
81BE	81BE
81BF	81BF
81C0	81C0
81C2	81C2
81C6	81C6
81CD	81CD
81D8	81D8
81DF	81DF
81E3	81E3
81E5	81E5
81E7	81E7
81E8	81E8
81EA	81EA
81ED	81ED
81F3	81F3
81F4	81F4
81FA	81FA
81FB	81FB
81FC	81FC
81FE	81FE
8205	8205
8207	8207
8208	8208
820A	820A
820C	820C
820D	820D
8212	8212
821B	821B
821C	821C
821E	821E
821F	821F
8221	8221
822A	822A
822B	822B
822C	822C
8235	8235
8236	8236
8237	8237
8239	8239
8240	8240
8245	8245
8247	8247
8259	8259
8264	8264
8266	8266
826E	826E
826F	826F
8271	8271
8272	8272
8276	8276
8278	8278
827E	827E
828B	828B
828D	828D
828E	828E
8292	8292
8299	8299
829A	829A
829D	829D
829F	829F
82A5	82A5
82A6	82A6
82A9	82A9
82AC	82AC
82AD	82AD
82AE	82AE
82AF	82AF
82B1	82B1
82B3	82B3
82B7	82B7
82B8	82B8
82B9	82B9
82BB	82BB
82BC	82BC
82BD	82BD
82BF	82BF
82D1	82D1
82D2	82D2
82D4	82D4
82D5	82D5
82D7	82D7
82DB	82DB
82DE	82DE
82DF	82DF
82E1	82E1
82E5	82E5
82E6	82E6
82E7	82E7
82F1	82F1
82FD	82FD
82FE	82FE
8301	8301
8302	8302
8303	8303
8304	8304
8305	8305
8309	8309
8317	8317
8328	8328
832B	832B
832F	832F
8331	8331
8334	8334
8335	8335
8336	8336
8338	8338
8339	8339
8340	8340
8347	8347
8349	8349
834A	834A
834F	834F
8351	8351
8352	8352
8373	8373
8377	8377
837B	837B
8389	8389
838A	838A
838E	838E
8396	8396
8398	8398
839E	839E
83A2	83A2
83A9	83A9
83AA	83AA
83AB	83AB
83BD	83BD
83C1	83C1
83C5	83C5
83C9	83C9
83CA	83CA
83CC	83CC
83D3	83D3
83D6	83D6
83DC	83DC
83E9	83E9
83EB	83EB
83EF	83EF
83F0	83F0
83F1	83F1
83F2	83F2
83F4	83F4
83F9	83F9
83FD	83FD
8403	8403
8404	8404
840A	840A
840C	840C
840D	840D
840E	840E
8429	8429
842C	842C
8431	8431
8438	8438
843D	843D
8449	8449
8457	8457
845B	845B
8461	8461
8463	8463
8466	8466
846B	846B
846C	846C
846F	846F
8475	8475
847A	847A
8490	8490
8494	8494
8499	8499
849C	849C
84A1	84A1
84B2	84B2
84B8	84B8
84BB	84BB
84BC	84BC
84BF	84BF
84C0	84C0
84C2	84C2
84C4	84C4
84C6	84C6
84C9	84C9
84CB	84CB
84CD	84CD
84D1	84D1
84DA	84DA
84EC	84EC
84EE	84EE
84F4	84F4
84FC	84FC
8511	8511
8513	8513
8514	8514
8517	8517
8518	8518
851A	851A
851E	851E
8521	8521
8523	8523
8525	8525
852C	852C
852D	852D
852F	852F
853D	853D
853F	853F
8541	8541
8543	8543
8549	8549
854E	854E
8553	8553
8559	8559
8563	8563
8568	8568
8569	8569
856A	856A
856D	856D
8584	8584
8587	8587
858F	858F
8591	8591
8594	8594
859B	859B
85A6	85A6
85A8	85A8
85A9	85A9
85AA	85AA
85AF	85AF
85B0	85B0
85BA	85BA
85C1	85C1
85C9	85C9
85CD	85CD
85CE	85CE
85CF	85CF
85D5	85D5
85DC	85DC
85DD	85DD
85E4	85E4
85E5	85E5
85E9	85E9
85EA	85EA
85F7	85F7
85FA	85FA
85FB	85FB
85FF	85FF
8602	8602
8606	8606
8607	8607
860A	860A
8616	8616
8617	8617
861A	861A
862D	862D
863F	863F
864E	864E
8650	8650
8654	8654
8655	8655
865B	865B
865C	865C
865E	865E
865F	865F
8667	8667
8679	8679
868A	868A
868C	868C
8693	8693
86A3	86A3
86A4	86A4
86A9	86A9
86C7	86C7
86CB	86CB
86D4	86D4
86D9	86D9
86DB	86DB
86DF	86DF
86E4	86E4
86ED	86ED
86FE	86FE
8700	8700
8702	8702
8703	8703
8708	8708
8718	8718
871A	871A
871C	871C
874E	874E
8755	8755
8757	8757
875F	875F
8766	8766
8768	8768
8774	8774
8776	8776
8778	8778
8782	8782
878D	878D
879F	879F
87A2	87A2
87B3	87B3
87BA	87BA
87C4	87C4
87E0	87E0
87EC	87EC
87EF	87EF
87F2	87F2
87F9	87F9
87FB	87FB
87FE	87FE
8805	8805
881F	881F
8822	8822
8823	8823
8831	8831
8836	8836
883B	883B
8840	8840
8846	8846
884C	884C
884D	884D
8852	8852
8853	8853
8857	8857
8859	8859
885B	885B
885D	885D
8861	8861
8862	8862
8863	8863
8868	8868
886B	886B
8870	8870
8872	8872
8877	8877
887E	887E
887F	887F
8881	8881
8882	8882
8888	8888
888B	888B
888D	888D
8892	8892
8896	8896
8897	8897
889E	889E
88AB	88AB
88B4	88B4
88C1	88C1
88C2	88C2
88CF	88CF
88D4	88D4
88D5	88D5
88D9	88D9
88DC	88DC
88DD	88DD
88DF	88DF
88E1	88E1
88E8	88E8
88F3	88F3
88F4	88F4
88F5	88F5
88F8	88F8
88FD	88FD
8907	8907
8910	8910
8912	8912
8913	8913
8918	8918
8919	8919
8925	8925
892A	892A
8936	8936
8938	8938
893B	893B
8941	8941
8944	8944
895F	895F
8964	8964
896A	896A
8972	8972
897F	897F
8981	8981
8983	8983
8986	8986
8987	8987
898B	898B
898F	898F
8993	8993
8996	8996
89A1	89A1
89A9	89A9
89AA	89AA
89B2	89B2
89BA	89BA
89BD	89BD
89C0	89C0
89D2	89D2
89E3	89E3
89F4	89F4
89F8	89F8
8A00	8A00
8A02	8A02
8A03	8A03
8A08	8A08
8A0A	8A0A
8A0C	8A0C
8A0E	8A0E
8A13	8A13
8A16	8A16
8A17	8A17
8A18	8A18
8A1B	8A1B
8A1D	8A1D
8A1F	8A1F
8A23	8A23
8A25	8A25
8A2A	8A2A
8A2D	8A2D
8A31	8A31
8A34	8A34
8A36	8A36
8A3A	8A3A
8A3B	8A3B
8A50	8A50
8A54	8A54
8A55	8A55
8A5B	8A5B
8A5E	8A5E
8A60	8A60
8A62	8A62
8A63	8A63
8A66	8A66
8A69	8A69
8A6D	8A6D
8A6E	8A6E
8A70	8A70
8A71	8A71
8A72	8A72
8A73	8A73
8A75	8A75
8A79	8A79
8A85	8A85
8A87	8A87
8A8C	8A8C
8A8D	8A8D
8A93	8A93
8A95	8A95
8A98	8A98
8A9E	8A9E
8AA0	8AA0
8AA1	8AA1
8AA3	8AA3
8AA4	8AA4
8AA5	8AA5
8AA6	8AA6
8AA8	8AA8
8AAA	8AAA
8AB0	8AB0
8AB2	8AB2
8AB9	8AB9
8ABC	8ABC
8ABE	8ABE
8ABF	8ABF
8AC2	8AC2
8AC4	8AC4
8AC7	8AC7
8ACB	8ACB
8ACD	8ACD
8ACF	8ACF
8AD2	8AD2
8AD6	8AD6
8ADB	8ADB
8ADC	8ADC
8AE1	8AE1
8AE6	8AE6
8AE7	8AE7
8AEA	8AEA
8AEB	8AEB
8AED	8AED
8AEE	8AEE
8AF1	8AF1
8AF6	8AF6
8AF7	8AF7
8AF8	8AF8
8AFA	8AFA
8AFE	8AFE
8B00	8B00
8B01	8B01
8B02	8B02
8B04	8B04
8B0E	8B0E
8B10	8B10
8B14	8B14
8B16	8B16
8B17	8B17
8B19	8B19
8B1A	8B1A
8B1B	8B1B
8B1D	8B1D
8B20	8B20
8B28	8B28
8B2B	8B2B
8B2C	8B2C
8B33	8B33
8B39	8B39
8B41	8B41
8B49	8B49
8B4E	8B4E
8B4F	8B4F
8B58	8B58
8B5A	8B5A
8B5C	8B5C
8B66	8B66
8B6C	8B6C
8B6F	8B6F
8B70	8B70
8B74	8B74
8B77	8B77
8B7D	8B7D
8B80	8B80
8B8A	8B8A
8B90	8B90
8B92	8B92
8B93	8B93
8B96	8B96
8B9A	8B9A
8C37	8C37
8C3F	8C3F
8C41	8C41
8C46	8C46
8C48	8C48
8C4A	8C4A
8C4C	8C4C
8C55	8C55
8C5A	8C5A
8C61	8C61
8C6A	8C6A
8C6B	8C6B
8C79	8C79
8C7A	8C7A
8C82	8C82
8C8A	8C8A
8C8C	8C8C
8C9D	8C9D
8C9E	8C9E
8CA0	8CA0
8CA1	8CA1
8CA2	8CA2
8CA7	8CA7
8CA8	8CA8
8CA9	8CA9
8CAA	8CAA
8CAB	8CAB
8CAC	8CAC
8CAF	8CAF
8CB0	8CB0
8CB3	8CB3
8CB4	8CB4
8CB6	8CB6
8CB7	8CB7
8CB8	8CB8
8CBB	8CBB
8CBC	8CBC
8CBD	8CBD
8CBF	8CBF
8CC0	8CC0
8CC1	8CC1
8CC2	8CC2
8CC3	8CC3
8CC4	8CC4
8CC7	8CC7
8CC8	8CC8
8CCA	8CCA
8CD1	8CD1
8CD3	8CD3
8CDA	8CDA
8CDC	8CDC
8CDE	8CDE
8CE0	8CE0
8CE2	8CE2
8CE3	8CE3
8CE4	8CE4
8CE6	8CE6
8CEA	8CEA
8CED	8CED
8CF4	8CF4
8CFB	8CFB
8CFC	8CFC
8CFD	8CFD
8D04	8D04
8D05	8D05
8D07	8D07
8D08	8D08
8D0A	8D0A
8D0D	8D0D
8D13	8D13
8D16	8D16
8D64	8D64
8D66	8D66
8D6B	8D6B
8D70	8D70
8D73	8D73
8D74	8D74
8D77	8D77
8D85	8D85
8D8A	8D8A
8D99	8D99
8DA3	8DA3
8DA8	8DA8
8DB3	8DB3
8DBA	8DBA
8DBE	8DBE
8DC6	8DC6
8DCB	8DCB
8DCC	8DCC
8DCF	8DCF
8DDB	8DDB
8DDD	8DDD
8DE1	8DE1
8DE3	8DE3
8DE8	8DE8
8DEF	8DEF
8DF3	8DF3
8E0A	8E0A
8E0F	8E0F
8E10	8E10
8E1E	8E1E
8E2A	8E2A
8E30	8E30
8E35	8E35
8E42	8E42
8E44	8E44
8E47	8E47
8E48	8E48
8E49	8E49
8E4A	8E4A
8E59	8E59
8E5F	8E5F
8E60	8E60
8E74	8E74
8E76	8E76
8E81	8E81
8E87	8E87
8E8A	8E8A
8E8D	8E8D
8EAA	8EAA
8EAB	8EAB
8EAC	8EAC
8EC0	8EC0
8ECA	8ECA
8ECB	8ECB
8ECC	8ECC
8ECD	8ECD
8ED2	8ED2
8EDF	8EDF
8EEB	8EEB
8EF8	8EF8
8EFB	8EFB
8EFE	8EFE
8F03	8F03
8F05	8F05
8F09	8F09
8F12	8F12
8F13	8F13
8F14	8F14
8F15	8F15
8F1B	8F1B
8F1C	8F1C
8F1D	8F1D
8F1E	8F1E
8F1F	8F1F
8F26	8F26
8F27	8F27
8F29	8F29
8F2A	8F2A
8F2F	8F2F
8F33	8F33
8F38	8F38
8F39	8F39
8F3B	8F3B
8F3E	8F3E
8F3F	8F3F
8F44	8F44
8F45	8F45
8F49	8F49
8F4D	8F4D
8F4E	8F4E
8F5D	8F5D
8F5F	8F5F
8F62	8F62
8F9B	8F9B
8F9C	8F9C
8FA3	8FA3
8FA6	8FA6
8FA8	8FA8
8FAD	8FAD
8FAF	8FAF
8FB0	8FB0
8FB1	8FB1
8FB2	8FB2
8FC2	8FC2
8FC5	8FC5
8FCE	8FCE
8FD1	8FD1
8FD4	8FD4
8FE6	8FE6
8FEA	8FEA
8FEB	8FEB
8FED	8FED
8FF0	8FF0
8FF2	8FF2
8FF7	8FF7
8FF9	8FF9
8FFD	8FFD
9000	9000
9001	9001
9002	9002
9003	9003
9005	9005
9006	9006
9008	9008
900B	900B
900D	900D
900F	900F
9010	9010
9011	9011
9014	9014
9015	9015
9017	9017
9019	9019
901A	901A
901D	901D
901E	901E
901F	901F
9020	9020
9021	9021
9022	9022
9023	9023
902E	902E
9031	9031
9032	9032
9035	9035
9038	9038
903C	903C
903E	903E
9041	9041
9042	9042
9047	9047
904A	904A
904B	904B
904D	904D
904E	904E
9050	9050
9051	9051
9053	9053
9054	9054
9055	9055
9059	9059
905C	905C
905D	905D
905E	905E
9060	9060
9061	9061
9063	9063
9069	9069
906D	906D
906E	906E
906F	906F
9072	9072
9075	9075
9077	9077
9078	9078
907A	907A
907C	907C
907D	907D
907F	907F
9080	9080
9081	9081
9082	9082
9083	9083
9084	9084
9087	9087
9088	9088
908A	908A
908F	908F
9091	9091
9095	9095
9099	9099
90A2	90A2
90A3	90A3
90A6	90A6
90A8	90A8
90AA	90AA
90AF	90AF
90B0	90B0
90B1	90B1
90B5	90B5
90B8	90B8
90C1	90C1
90CA	90CA
90DE	90DE
90E1	90E1
90E8	90E8
90ED	90ED
90F5	90F5
90FD	90FD
9102	9102
9112	9112
9115	9115
9119	9119
9127	9127
912D	912D
9132	9132
9149	9149
914A	914A
914B	914B
914C	914C
914D	914D
914E	914E
9152	9152
9162	9162
9169	9169
916A	916A
916C	916C
9175	9175
9177	9177
9178	9178
9187	9187
9189	9189
918B	918B
918D	918D
9192	9192
919C	919C
91AB	91AB
91AC	91AC
91AE	91AE
91AF	91AF
91B1	91B1
91B4	91B4
91B5	91B5
91C0	91C0
91C7	91C7
91C9	91C9
91CB	91CB
91CC	91CC
91CD	91CD
91CE	91CE
91CF	91CF
91D0	91D0
91D1	91D1
91D7	91D7
91D8	91D8
91DC	91DC
91DD	91DD
91E3	91E3
91E7	91E7
91EA	91EA
91F5	91F5
920D	920D
9210	9210
9211	9211
9212	9212
9217	9217
921E	921E
9234	9234
923A	923A
923F	923F
9240	9240
9245	9245
9249	9249
9257	9257
925B	925B
925E	925E
9262	9262
9264	9264
9265	9265
9266	9266
9280	9280
9283	9283
9285	9285
9291	9291
9293	9293
9296	9296
9298	9298
929C	929C
92B3	92B3
92B6	92B6
92B7	92B7
92B9	92B9
92CC	92CC
92CF	92CF
92D2	92D2
92E4	92E4
92EA	92EA
92F8	92F8
92FC	92FC
9304	9304
9310	9310
9318	9318
931A	931A
931E	931E
931F	931F
9320	9320
9321	9321
9322	9322
9324	9324
9326	9326
9328	9328
932B	932B
932E	932E
932F	932F
9348	9348
934A	934A
934B	934B
934D	934D
9354	9354
935B	935B
936E	936E
9375	9375
937C	937C
937E	937E
938C	938C
9394	9394
9396	9396
939A	939A
93A3	93A3
93A7	93A7
93AC	93AC
93AD	93AD
93B0	93B0
93C3	93C3
93D1	93D1
93DE	93DE
93E1	93E1
93E4	93E4
93F6	93F6
9404	9404
9418	9418
9425	9425
942B	942B
9435	9435
9438	9438
9444	9444
9451	9451
9452	9452
945B	945B
947D	947D
947F	947F
9577	9577
9580	9580
9583	9583
9589	9589
958B	958B
958F	958F
9591	9591
9592	9592
9593	9593
9594	9594
9598	9598
95A3	95A3
95A4	95A4
95A5	95A5
95A8	95A8
95AD	95AD
95B1	95B1
95BB	95BB
95BC	95BC
95C7	95C7
95CA	95CA
95D4	95D4
95D5	95D5
95D6	95D6
95DC	95DC
95E1	95E1
95E2	95E2
961C	961C
9621	9621
962A	962A
962E	962E
9632	9632
963B	963B
963F	963F
9640	9640
9642	9642
9644	9644
964B	964B
964C	964C
964D	964D
9650	9650
965B	965B
965C	965C
965D	965D
965E	965E
965F	965F
9662	9662
9663	9663
9664	9664
966A	966A
9670	9670
9673	9673
9675	9675
9676	9676
9677	9677
9678	9678
967D	967D
9685	9685
9686	9686
968A	968A
968B	968B
968D	968D
968E	968E
9694	9694
9695	9695
9698	9698
9699	9699
969B	969B
969C	969C
96A3	96A3
96A7	96A7
96A8	96A8
96AA	96AA
96B1	96B1
96B7	96B7
96BB	96BB
96C0	96C0
96C1	96C1
96C4	96C4
96C5	96C5
96C6	96C6
96C7	96C7
96C9	96C9
96CB	96CB
96CC	96CC
96CD	96CD
96CE	96CE
96D5	96D5
96D6	96D6
96D9	96D9
96DB	96DB
96DC	96DC
96E2	96E2
96E3	96E3
96E8	96E8
96E9	96E9
96EA	96EA
96EF	96EF
96F0	96F0
96F2	96F2
96F6	96F6
96F7	96F7
96F9	96F9
96FB	96FB
9700	9700
9706	9706
9707	9707
9711	9711
9713	9713
9716	9716
9719	9719
971C	971C
971E	971E
9727	9727
9730	9730
9732	9732
9739	9739
973D	973D
9742	9742
9744	9744
9748	9748
9751	9751
9756	9756
975C	975C
975E	975E
9761	9761
9762	9762
9769	9769
976D	976D
9774	9774
9777	9777
977A	977A
978B	978B
978D	978D
978F	978F
97A0	97A0
97A8	97A8
97AB	97AB
97AD	97AD
97C6	97C6
97CB	97CB
97D3	97D3
97DC	97DC
97F3	97F3
97F6	97F6
97FB	97FB
97FF	97FF
9800	9800
9801	9801
9802	9802
9803	9803
9805	9805
9806	9806
9808	9808
980A	980A
980C	980C
9810	9810
9811	9811
9812	9812
9813	9813
9817	9817
9818	9818
982D	982D
9830	9830
9838	9838
9839	9839
983B	983B
9846	9846
984C	984C
984D	984D
984E	984E
9854	9854
9858	9858
985A	985A
985E	985E
9865	9865
9867	9867
986B	986B
986F	986F
98A8	98A8
98AF	98AF
98B1	98B1
98C4	98C4
98C7	98C7
98DB	98DB
98DC	98DC
98DF	98DF
98E1	98E1
98E2	98E2
98ED	98ED
98EE	98EE
98EF	98EF
98F4	98F4
98FC	98FC
98FD	98FD
98FE	98FE
9903	9903
9909	9909
990A	990A
990C	990C
9910	9910
9913	9913
9918	9918
991E	991E
9920	9920
9928	9928
9945	9945
9949	9949
994B	994B
994C	994C
994D	994D
9951	9951
9952	9952
9954	9954
9957	9957
9996	9996
9999	9999
999D	999D
99A5	99A5
99A8	99A8
99AC	99AC
99AD	99AD
99AE	99AE
99B1	99B1
99B3	99B3
99B4	99B4
99B9	99B9
99C1	99C1
99D0	99D0
99D1	99D1
99D2	99D2
99D5	99D5
99D9	99D9
99DD	99DD
99DF	99DF
99ED	99ED
99F1	99F1
99FF	99FF
9A01	9A01
9A08	9A08
9A0E	9A0E
9A0F	9A0F
9A19	9A19
9A2B	9A2B
9A30	9A30
9A36	9A36
9A37	9A37
9A40	9A40
9A43	9A43
9A45	9A45
9A4D	9A4D
9A55	9A55
9A57	9A57
9A5A	9A5A
9A5B	9A5B
9A5F	9A5F
9A62	9A62
9A65	9A65
9A69	9A69
9A6A	9A6A
9AA8	9AA8
9AB8	9AB8
9AD3	9AD3
9AD4	9AD4
9AD8	9AD8
9AE5	9AE5
9AEE	9AEE
9B1A	9B1A
9B27	9B27
9B2A	9B2A
9B31	9B31
9B3C	9B3C
9B41	9B41
9B42	9B42
9B43	9B43
9B44	9B44
9B45	9B45
9B4F	9B4F
9B54	9B54
9B5A	9B5A
9B6F	9B6F
9B8E	9B8E
9B91	9B91
9B9F	9B9F
9BAB	9BAB
9BAE	9BAE
9BC9	9BC9
9BD6	9BD6
9BE4	9BE4
9BE8	9BE8
9C0D	9C0D
9C10	9C10
9C12	9C12
9C15	9C15
9C25	9C25
9C32	9C32
9C3B	9C3B
9C47	9C47
9C49	9C49
9C57	9C57
9CE5	9CE5
9CE7	9CE7
9CE9	9CE9
9CF3	9CF3
9CF4	9CF4
9CF6	9CF6
9D09	9D09
9D1B	9D1B
9D26	9D26
9D28	9D28
9D3B	9D3B
9D51	9D51
9D5D	9D5D
9D60	9D60
9D61	9D61
9D6C	9D6C
9D72	9D72
9DA9	9DA9
9DAF	9DAF
9DB4	9DB4
9DC4	9DC4
9DD7	9DD7
9DF2	9DF2
9DF8	9DF8
9DF9	9DF9
9DFA	9DFA
9E1A	9E1A
9E1E	9E1E
9E75	9E75
9E79	9E79
9E7D	9E7D
9E7F	9E7F
9E92	9E92
9E93	9E93
9E97	9E97
9E9D	9E9D
9E9F	9E9F
9EA5	9EA5
9EB4	9EB4
9EB5	9EB5
9EBB	9EBB
9EBE	9EBE
9EC3	9EC3
9ECD	9ECD
9ECE	9ECE
9ED1	9ED1
9ED4	9ED4
9ED8	9ED8
9EDB	9EDB
9EDC	9EDC
9EDE	9EDE
9EE8	9EE8
9EF4	9EF4
9F07	9F07
9F08	9F08
9F0E	9F0E
9F13	9F13
9F20	9F20
9F3B	9F3B
9F4A	9F4A
9F4B	9F4B
9F4E	9F4E
9F52	9F52
9F5F	9F5F
9F61	9F61
9F67	9F67
9F6A	9F6A
9F6C	9F6C
9F77	9F77
9F8D	9F8D
9F90	9F90
9F95	9F95
9F9C	9F9C
AC00	AC00
AC01	AC01
AC02	AC02
AC03	AC03
AC04	AC04
AC05	AC05
AC06	AC06
AC07	AC07
AC08	AC08
AC09	AC09
AC0A	AC0A
AC0B	AC0B
AC0C	AC0C
AC0D	AC0D
AC0E	AC0E
AC0F	AC0F
AC10	AC10
AC11	AC11
AC12	AC12
AC13	AC13
AC14	AC14
AC15	AC15
AC16	AC16
AC17	AC17
AC18	AC18
AC19	AC19
AC1A	AC1A
AC1B	AC1B
AC1C	AC1C
AC1D	AC1D
AC1E	AC1E
AC1F	AC1F
AC20	AC20
AC21	AC21
AC22	AC22
AC23	AC23
AC24	AC24
AC25	AC25
AC26	AC26
AC27	AC27
AC28	AC28
AC29	AC29
AC2A	AC2A
AC2B	AC2B
AC2C	AC2C
AC2D	AC2D
AC2E	AC2E
AC2F	AC2F
AC30	AC30
AC31	AC31
AC32	AC32
AC33	AC33
AC34	AC34
AC35	AC35
AC36	AC36
AC37	AC37
AC38	AC38
AC39	AC39
AC3A	AC3A
AC3B	AC3B
AC3C	AC3C
AC3D	AC3D
AC3E	AC3E
AC3F	AC3F
AC40	AC40
AC41	AC41
AC42	AC42
AC43	AC43
AC44	AC44
AC45	AC45
AC46	AC46
AC47	AC47
AC48	AC48
AC49	AC49
AC4A	AC4A
AC4B	AC4B
AC4C	AC4C
AC4D	AC4D
AC4E	AC4E
AC4F	AC4F
AC50	AC50
AC51	AC51
AC52	AC52
AC53	AC53
AC54	AC54
AC55	AC55
AC56	AC56
AC57	AC57
AC58	AC58
AC59	AC59
AC5A	AC5A
AC5B	AC5B
AC5C	AC5C
AC5D	AC5D
AC5E	AC5E
AC5F	AC5F
AC60	AC60
AC61	AC61
AC62	AC62
AC63	AC63
AC64	AC64
AC65	AC65
AC66	AC66
AC67	AC67
AC68	AC68
AC69	AC69
AC6A	AC6A
AC6B	AC6B
AC6C	AC6C
AC6D	AC6D
AC6E	AC6E
AC6F	AC6F
AC70	AC70
AC71	AC71
AC72	AC72
AC73	AC73
AC74	AC74
AC75	AC75
AC76	AC76
AC77	AC77
AC78	AC78
AC79	AC79
AC7A	AC7A
AC7B	AC7B
AC7C	AC7C
AC7D	AC7D
AC7E	AC7E
AC7F	AC7F
AC80	AC80
AC81	AC81
AC82	AC82
AC83	AC83
AC84	AC84
AC85	AC85
AC86	AC86
AC87	AC87
AC88	AC88
AC89	AC89
AC8A	AC8A
AC8B	AC8B
AC8C	AC8C
AC8D	AC8D
AC8E	AC8E
AC8F	AC8F
AC90	AC90
AC91	AC91
AC92	AC92
AC93	AC93
AC94	AC94
AC95	AC95
AC96	AC96
AC97	AC97
AC98	AC98
AC99	AC99
AC9A	AC9A
AC9B	AC9B
AC9C	AC9C
AC9D	AC9D
AC9E	AC9E
AC9F	AC9F
ACA0	ACA0
ACA1	ACA1
ACA2	ACA2
ACA3	ACA3
ACA4	ACA4
ACA5	ACA5
ACA6	ACA6
ACA7	ACA7
ACA8	ACA8
ACA9	ACA9
ACAA	ACAA
ACAB	ACAB
ACAC	ACAC
ACAD	ACAD
ACAE	ACAE
ACAF	ACAF
ACB0	ACB0
ACB1	ACB1
ACB2	ACB2
ACB3	ACB3
ACB4	ACB4
ACB5	ACB5
ACB6	ACB6
ACB7	ACB7
ACB8	ACB8
ACB9	ACB9
ACBA	ACBA
ACBB	ACBB
ACBC	ACBC
ACBD	ACBD
ACBE	ACBE
ACBF	ACBF
ACC0	ACC0
ACC1	ACC1
ACC2	ACC2
ACC3	ACC3
ACC4	ACC4
ACC5	ACC5
ACC6	ACC6
ACC7	ACC7
ACC8	ACC8
ACC9	ACC9
ACCA	ACCA
ACCB	ACCB
ACCC	ACCC
ACCD	ACCD
ACCE	ACCE
ACCF	ACCF
ACD0	ACD0
ACD1	ACD1
ACD2	ACD2
ACD3	ACD3
ACD4	ACD4
ACD5	ACD5
ACD6	ACD6
ACD7	ACD7
ACD8	ACD8
ACD9	ACD9
ACDA	ACDA
ACDB	ACDB
ACDC	ACDC
ACDD	ACDD
ACDE	ACDE
ACDF	ACDF
ACE0	ACE0
ACE1	ACE1
ACE2	ACE2
ACE3	ACE3
ACE4	ACE4
ACE5	ACE5
ACE6	ACE6
ACE7	ACE7
ACE8	ACE8
ACE9	ACE9
ACEA	ACEA
ACEB	ACEB
ACEC	ACEC
ACED	ACED
ACEE	ACEE
ACEF	ACEF
ACF0	ACF0
ACF1	ACF1
ACF2	ACF2
ACF3	ACF3
ACF4	ACF4
ACF5	ACF5
ACF6	ACF6
ACF7	ACF7
ACF8	ACF8
ACF9	ACF9
ACFA	ACFA
ACFB	ACFB
ACFC	ACFC
ACFD	ACFD
ACFE	ACFE
ACFF	ACFF
AD00	AD00
AD01	AD01
AD02	AD02
AD03	AD03
AD04	AD04
AD05	AD05
AD06	AD06
AD07	AD07
AD08	AD08
AD09	AD09
AD0A	AD0A
AD0B	AD0B
AD0C	AD0C
AD0D	AD0D
AD0E	AD0E
AD0F	AD0F
AD10	AD10
AD11	AD11
AD12	AD12
AD13	AD13
AD14	AD14
AD15	AD15
AD16	AD16
AD17	AD17
AD18	AD18
AD19	AD19
AD1A	AD1A
AD1B	AD1B
AD1C	AD1C
AD1D	AD1D
AD1E	AD1E
AD1F	AD1F
AD20	AD20
AD21	AD21
AD22	AD22
AD23	AD23
AD24	AD24
AD25	AD25
AD26	AD26
AD27	AD27
AD28	AD28
AD29	AD29
AD2A	AD2A
AD2B	AD2B
AD2C	AD2C
AD2D	AD2D
AD2E	AD2E
AD2F	AD2F
AD30	AD30
AD31	AD31
AD32	AD32
AD33	AD33
AD34	AD34
AD35	AD35
AD36	AD36
AD37	AD37
AD38	AD38
AD39	AD39
AD3A	AD3A
AD3B	AD3B
AD3C	AD3C
AD3D	AD3D
AD3E	AD3E
AD3F	AD3F
AD40	AD40
AD41	AD41
AD42	AD42
AD43	AD43
AD44	AD44
AD45	AD45
AD46	AD46
AD47	AD47
AD48	AD48
AD49	AD49
AD4A	AD4A
AD4B	AD4B
AD4C	AD4C
AD4D	AD4D
AD4E	AD4E
AD4F	AD4F
AD50	AD50
AD51	AD51
AD52	AD52
AD53	AD53
AD54	AD54
AD55	AD55
AD56	AD56
AD57	AD57
AD58	AD58
AD59	AD59
AD5A	AD5A
AD5B	AD5B
AD5C	AD5C
AD5D	AD5D
AD5E	AD5E
AD5F	AD5F
AD60	AD60
AD61	AD61
AD62	AD62
AD63	AD63
AD64	AD64
AD65	AD65
AD66	AD66
AD67	AD67
AD68	AD68
AD69	AD69
AD6A	AD6A
AD6B	AD6B
AD6C	AD6C
AD6D	AD6D
AD6E	AD6E
AD6F	AD6F
AD70	AD70
AD71	AD71
AD72	AD72
AD73	AD73
AD74	AD74
AD75	AD75
AD76	AD76
AD77	AD77
AD78	AD78
AD79	AD79
AD7A	AD7A
AD7B	AD7B
AD7C	AD7C
AD7D	AD7D
AD7E	AD7E
AD7F	AD7F
AD80	AD80
AD81	AD81
AD82	AD82
AD83	AD83
AD84	AD84
AD85	AD85
AD86	AD86
AD87	AD87
AD88	AD88
AD89	AD89
AD8A	AD8A
AD8B	AD8B
AD8C	AD8C
AD8D	AD8D
AD8E	AD8E
AD8F	AD8F
AD90	AD90
AD91	AD91
AD92	AD92
AD93	AD93
AD94	AD94
AD95	AD95
AD96	AD96
AD97	AD97
AD98	AD98
AD99	AD99
AD9A	AD9A
AD9B	AD9B
AD9C	AD9C
AD9D	AD9D
AD9E	AD9E
AD9F	AD9F
ADA0	ADA0
ADA1	ADA1
ADA2	ADA2
ADA3	ADA3
ADA4	ADA4
ADA5	ADA5
ADA6	ADA6
ADA7	ADA7
ADA8	ADA8
ADA9	ADA9
ADAA	ADAA
ADAB	ADAB
ADAC	ADAC
ADAD	ADAD
ADAE	ADAE
ADAF	ADAF
ADB0	ADB0
ADB1	ADB1
ADB2	ADB2
ADB3	ADB3
ADB4	ADB4
ADB5	ADB5
ADB6	ADB6
ADB7	ADB7
ADB8	ADB8
ADB9	ADB9
ADBA	ADBA
ADBB	ADBB
ADBC	ADBC
ADBD	ADBD
ADBE	ADBE
ADBF	ADBF
ADC0	ADC0
ADC1	ADC1
ADC2	ADC2
ADC3	ADC3
ADC4	ADC4
ADC5	ADC5
ADC6	ADC6
ADC7	ADC7
ADC8	ADC8
ADC9	ADC9
ADCA	ADCA
ADCB	ADCB
ADCC	ADCC
ADCD	ADCD
ADCE	ADCE
ADCF	ADCF
ADD0	ADD0
ADD1	ADD1
ADD2	ADD2
ADD3	ADD3
ADD4	ADD4
ADD5	ADD5
ADD6	ADD6
ADD7	ADD7
ADD8	ADD8
ADD9	ADD9
ADDA	ADDA
ADDB	ADDB
ADDC	ADDC
ADDD	ADDD
ADDE	ADDE
ADDF	ADDF
ADE0	ADE0
ADE1	ADE1
ADE2	ADE2
ADE3	ADE3
ADE4	ADE4
ADE5	ADE5
ADE6	ADE6
ADE7	ADE7
ADE8	ADE8
ADE9	ADE9
ADEA	ADEA
ADEB	ADEB
ADEC	ADEC
ADED	ADED
ADEE	ADEE
ADEF	ADEF
ADF0	ADF0
ADF1	ADF1
ADF2	ADF2
ADF3	ADF3
ADF4	ADF4
ADF5	ADF5
ADF6	ADF6
ADF7	ADF7
ADF8	ADF8
ADF9	ADF9
ADFA	ADFA
ADFB	ADFB
ADFC	ADFC
ADFD	ADFD
ADFE	ADFE
ADFF	ADFF
AE00	AE00
AE01	AE01
AE02	AE02
AE03	AE03
AE04	AE04
AE05	AE05
AE06	AE06
AE07	AE07
AE08	AE08
AE09	AE09
AE0A	AE0A
AE0B	AE0B
AE0C	AE0C
AE0D	AE0D
AE0E	AE0E
AE0F	AE0F
AE10	AE10
AE11	AE11
AE12	AE12
AE13	AE13
AE14	AE14
AE15	AE15
AE16	AE16
AE17	AE17
AE18	AE18
AE19	AE19
AE1A	AE1A
AE1B	AE1B
AE1C	AE1C
AE1D	AE1D
AE1E	AE1E
AE1F	AE1F
AE20	AE20
AE21	AE21
AE22	AE22
AE23	AE23
AE24	AE24
AE25	AE25
AE26	AE26
AE27	AE27
AE28	AE28
AE29	AE29
AE2A	AE2A
AE2B	AE2B
AE2C	AE2C
AE2D	AE2D
AE2E	AE2E
AE2F	AE2F
AE30	AE30
AE31	AE31
AE32	AE32
AE33	AE33
AE34	AE34
AE35	AE35
AE36	AE36
AE37	AE37
AE38	AE38
AE39	AE39
AE3A	AE3A
AE3B	AE3B
AE3C	AE3C
AE3D	AE3D
AE3E	AE3E
AE3F	AE3F
AE40	AE40
AE41	AE41
AE42	AE42
AE43	AE43
AE44	AE44
AE45	AE45
AE46	AE46
AE47	AE47
AE48	AE48
AE49	AE49
AE4A	AE4A
AE4B	AE4B
AE4C	AE4C
AE4D	AE4D
AE4E	AE4E
AE4F	AE4F
AE50	AE50
AE51	AE51
AE52	AE52
AE53	AE53
AE54	AE54
AE55	AE55
AE56	AE56
AE57	AE57
AE58	AE58
AE59	AE59
AE5A	AE5A
AE5B	AE5B
AE5C	AE5C
AE5D	AE5D
AE5E	AE5E
AE5F	AE5F
AE60	AE60
AE61	AE61
AE62	AE62
AE63	AE63
AE64	AE64
AE65	AE65
AE66	AE66
AE67	AE67
AE68	AE68
AE69	AE69
AE6A	AE6A
AE6B	AE6B
AE6C	AE6C
AE6D	AE6D
AE6E	AE6E
AE6F	AE6F
AE70	AE70
AE71	AE71
AE72	AE72
AE73	AE73
AE74	AE74
AE75	AE75
AE76	AE76
AE77	AE77
AE78	AE78
AE79	AE79
AE7A	AE7A
AE7B	AE7B
AE7C	AE7C
AE7D	AE7D
AE7E	AE7E
AE7F	AE7F
AE80	AE80
AE81	AE81
AE82	AE82
AE83	AE83
AE84	AE84
AE85	AE85
AE86	AE86
AE87	AE87
AE88	AE88
AE89	AE89
AE8A	AE8A
AE8B	AE8B
AE8C	AE8C
AE8D	AE8D
AE8E	AE8E
AE8F	AE8F
AE90	AE90
AE91	AE91
AE92	AE92
AE93	AE93
AE94	AE94
AE95	AE95
AE96	AE96
AE97	AE97
AE98	AE98
AE99	AE99
AE9A	AE9A
AE9B	AE9B
AE9C	AE9C
AE9D	AE9D
AE9E	AE9E
AE9F	AE9F
AEA0	AEA0
AEA1	AEA1
AEA2	AEA2
AEA3	AEA3
AEA4	AEA4
AEA5	AEA5
AEA6	AEA6
AEA7	AEA7
AEA8	AEA8
AEA9	AEA9
AEAA	AEAA
AEAB	AEAB
AEAC	AEAC
AEAD	AEAD
AEAE	AEAE
AEAF	AEAF
AEB0	AEB0
AEB1	AEB1
AEB2	AEB2
AEB3	AEB3
AEB4	AEB4
AEB5	AEB5
AEB6	AEB6
AEB7	AEB7
AEB8	AEB8
AEB9	AEB9
AEBA	AEBA
AEBB	AEBB
AEBC	AEBC
AEBD	AEBD
AEBE	AEBE
AEBF	AEBF
AEC0	AEC0
AEC1	AEC1
AEC2	AEC2
AEC3	AEC3
AEC4	AEC4
AEC5	AEC5
AEC6	AEC6
AEC7	AEC7
AEC8	AEC8
AEC9	AEC9
AECA	AECA
AECB	AECB
AECC	AECC
AECD	AECD
AECE	AECE
AECF	AECF
AED0	AED0
AED1	AED1
AED2	AED2
AED3	AED3
AED4	AED4
AED5	AED5
AED6	AED6
AED7	AED7
AED8	AED8
AED9	AED9
AEDA	AEDA
AEDB	AEDB
AEDC	AEDC
AEDD	AEDD
AEDE	AEDE
AEDF	AEDF
AEE0	AEE0
AEE1	AEE1
AEE2	AEE2
AEE3	AEE3
AEE4	AEE4
AEE5	AEE5
AEE6	AEE6
AEE7	AEE7
AEE8	AEE8
AEE9	AEE9
AEEA	AEEA
AEEB	AEEB
AEEC	AEEC
AEED	AEED
AEEE	AEEE
AEEF	AEEF
AEF0	AEF0
AEF1	AEF1
AEF2	AEF2
AEF3	AEF3
AEF4	AEF4
AEF5	AEF5
AEF6	AEF6
AEF7	AEF7
AEF8	AEF8
AEF9	AEF9
AEFA	AEFA
AEFB	AEFB
AEFC	AEFC
AEFD	AEFD
AEFE	AEFE
AEFF	AEFF
AF00	AF00
AF01	AF01
AF02	AF02
AF03	AF03
AF04	AF04
AF05	AF05
AF06	AF06
AF07	AF07
AF08	AF08
AF09	AF09
AF0A	AF0A
AF0B	AF0B
AF0C	AF0C
AF0D	AF0D
AF0E	AF0E
AF0F	AF0F
AF10	AF10
AF11	AF11
AF12	AF12
AF13	AF13
AF14	AF14
AF15	AF15
AF16	AF16
AF17	AF17
AF18	AF18
AF19	AF19
AF1A	AF1A
AF1B	AF1B
AF1C	AF1C
AF1D	AF1D
AF1E	AF1E
AF1F	AF1F
AF20	AF20
AF21	AF21
AF22	AF22
AF23	AF23
AF24	AF24
AF25	AF25
AF26	AF26
AF27	AF27
AF28	AF28
AF29	AF29
AF2A	AF2A
AF2B	AF2B
AF2C	AF2C
AF2D	AF2D
AF2E	AF2E
AF2F	AF2F
AF30	AF30
AF31	AF31
AF32	AF32
AF33	AF33
AF34	AF34
AF35	AF35
AF36	AF36
AF37	AF37
AF38	AF38
AF39	AF39
AF3A	AF3A
AF3B	AF3B
AF3C	AF3C
AF3D	AF3D
AF3E	AF3E
AF3F	AF3F
AF40	AF40
AF41	AF41
AF42	AF42
AF43	AF43
AF44	AF44
AF45	AF45
AF46	AF46
AF47	AF47
AF48	AF48
AF49	AF49
AF4A	AF4A
AF4B	AF4B
AF4C	AF4C
AF4D	AF4D
AF4E	AF4E
AF4F	AF4F
AF50	AF50
AF51	AF51
AF52	AF52
AF53	AF53
AF54	AF54
AF55	AF55
AF56	AF56
AF57	AF57
AF58	AF58
AF59	AF59
AF5A	AF5A
AF5B	AF5B
AF5C	AF5C
AF5D	AF5D
AF5E	AF5E
AF5F	AF5F
AF60	AF60
AF61	AF61
AF62	AF62
AF63	AF63
AF64	AF64
AF65	AF65
AF66	AF66
AF67	AF67
AF68	AF68
AF69	AF69
AF6A	AF6A
AF6B	AF6B
AF6C	AF6C
AF6D	AF6D
AF6E	AF6E
AF6F	AF6F
AF70	AF70
AF71	AF71
AF72	AF72
AF73	AF73
AF74	AF74
AF75	AF75
AF76	AF76
AF77	AF77
AF78	AF78
AF79	AF79
AF7A	AF7A
AF7B	AF7B
AF7C	AF7C
AF7D	AF7D
AF7E	AF7E
AF7F	AF7F
AF80	AF80
AF81	AF81
AF82	AF82
AF83	AF83
AF84	AF84
AF85	AF85
AF86	AF86
AF87	AF87
AF88	AF88
AF89	AF89
AF8A	AF8A
AF8B	AF8B
AF8C	AF8C
AF8D	AF8D
AF8E	AF8E
AF8F	AF8F
AF90	AF90
AF91	AF91
AF92	AF92
AF93	AF93
AF94	AF94
AF95	AF95
AF96	AF96
AF97	AF97
AF98	AF98
AF99	AF99
AF9A	AF9A
AF9B	AF9B
AF9C	AF9C
AF9D	AF9D
AF9E	AF9E
AF9F	AF9F
AFA0	AFA0
AFA1	AFA1
AFA2	AFA2
AFA3	AFA3
AFA4	AFA4
AFA5	AFA5
AFA6	AFA6
AFA7	AFA7
AFA8	AFA8
AFA9	AFA9
AFAA	AFAA
AFAB	AFAB
AFAC	AFAC
AFAD	AFAD
AFAE	AFAE
AFAF	AFAF
AFB0	AFB0
AFB1	AFB1
AFB2	AFB2
AFB3	AFB3
AFB4	AFB4
AFB5	AFB5
AFB6	AFB6
AFB7	AFB7
AFB8	AFB8
AFB9	AFB9
AFBA	AFBA
AFBB	AFBB
AFBC	AFBC
AFBD	AFBD
AFBE	AFBE
AFBF	AFBF
AFC0	AFC0
AFC1	AFC1
AFC2	AFC2
AFC3	AFC3
AFC4	AFC4
AFC5	AFC5
AFC6	AFC6
AFC7	AFC7
AFC8	AFC8
AFC9	AFC9
AFCA	AFCA
AFCB	AFCB
AFCC	AFCC
AFCD	AFCD
AFCE	AFCE
AFCF	AFCF
AFD0	AFD0
AFD1	AFD1
AFD2	AFD2
AFD3	AFD3
AFD4	AFD4
AFD5	AFD5
AFD6	AFD6
AFD7	AFD7
AFD8	AFD8
AFD9	AFD9
AFDA	AFDA
AFDB	AFDB
AFDC	AFDC
AFDD	AFDD
AFDE	AFDE
AFDF	AFDF
AFE0	AFE0
AFE1	AFE1
AFE2	AFE2
AFE3	AFE3
AFE4	AFE4
AFE5	AFE5
AFE6	AFE6
AFE7	AFE7
AFE8	AFE8
AFE9	AFE9
AFEA	AFEA
AFEB	AFEB
AFEC	AFEC
AFED	AFED
AFEE	AFEE
AFEF	AFEF
AFF0	AFF0
AFF1	AFF1
AFF2	AFF2
AFF3	AFF3
AFF4	AFF4
AFF5	AFF5
AFF6	AFF6
AFF7	AFF7
AFF8	AFF8
AFF9	AFF9
AFFA	AFFA
AFFB	AFFB
AFFC	AFFC
AFFD	AFFD
AFFE	AFFE
AFFF	AFFF
B000	B000
B001	B001
B002	B002
B003	B003
B004	B004
B005	B005
B006	B006
B007	B007
B008	B008
B009	B009
B00A	B00A
B00B	B00B
B00C	B00C
B00D	B00D
B00E	B00E
B00F	B00F
B010	B010
B011	B011
B012	B012
B013	B013
B014	B014
B015	B015
B016	B016
B017	B017
B018	B018
B019	B019
B01A	B01A
B01B	B01B
B01C	B01C
B01D	B01D
B01E	B01E
B01F	B01F
B020	B020
B021	B021
B022	B022
B023	B023
B024	B024
B025	B025
B026	B026
B027	B027
B028	B028
B029	B029
B02A	B02A
B02B	B02B
B02C	B02C
B02D	B02D
B02E	B02E
B02F	B02F
B030	B030
B031	B031
B032	B032
B033	B033
B034	B034
B035	B035
B036	B036
B037	B037
B038	B038
B039	B039
B03A	B03A
B03B	B03B
B03C	B03C
B03D	B03D
B03E	B03E
B03F	B03F
B040	B040
B041	B041
B042	B042
B043	B043
B044	B044
B045	B045
B046	B046
B047	B047
B048	B048
B049	B049
B04A	B04A
B04B	B04B
B04C	B04C
B04D	B04D
B04E	B04E
B04F	B04F
B050	B050
B051	B051
B052	B052
B053	B053
B054	B054
B055	B055
B056	B056
B057	B057
B058	B058
B059	B059
B05A	B05A
B05B	B05B
B05C	B05C
B05D	B05D
B05E	B05E
B05F	B05F
B060	B060
B061	B061
B062	B062
B063	B063
B064	B064
B065	B065
B066	B066
B067	B067
B068	B068
B069	B069
B06A	B06A
B06B	B06B
B06C	B06C
B06D	B06D
B06E	B06E
B06F	B06F
B070	B070
B071	B071
B072	B072
B073	B073
B074	B074
B075	B075
B076	B076
B077	B077
B078	B078
B079	B079
B07A	B07A
B07B	B07B
B07C	B07C
B07D	B07D
B07E	B07E
B07F	B07F
B080	B080
B081	B081
B082	B082
B083	B083
B084	B084
B085	B085
B086	B086
B087	B087
B088	B088
B089	B089
B08A	B08A
B08B	B08B
B08C	B08C
B08D	B08D
B08E	B08E
B08F	B08F
B090	B090
B091	B091
B092	B092
B093	B093
B094	B094
B095	B095
B096	B096
B097	B097
B098	B098
B099	B099
B09A	B09A
B09B	B09B
B09C	B09C
B09D	B09D
B09E	B09E
B09F	B09F
B0A0	B0A0
B0A1	B0A1
B0A2	B0A2
B0A3	B0A3
B0A4	B0A4
B0A5	B0A5
B0A6	B0A6
B0A7	B0A7
B0A8	B0A8
B0A9	B0A9
B0AA	B0AA
B0AB	B0AB
B0AC	B0AC
B0AD	B0AD
B0AE	B0AE
B0AF	B0AF
B0B0	B0B0
B0B1	B0B1
B0B2	B0B2
B0B3	B0B3
B0B4	B0B4
B0B5	B0B5
B0B6	B0B6
B0B7	B0B7
B0B8	B0B8
B0B9	B0B9
B0BA	B0BA
B0BB	B0BB
B0BC	B0BC
B0BD	B0BD
B0BE	B0BE
B0BF	B0BF
B0C0	B0C0
B0C1	B0C1
B0C2	B0C2
B0C3	B0C3
B0C4	B0C4
B0C5	B0C5
B0C6	B0C6
B0C7	B0C7
B0C8	B0C8
B0C9	B0C9
B0CA	B0CA
B0CB	B0CB
B0CC	B0CC
B0CD	B0CD
B0CE	B0CE
B0CF	B0CF
B0D0	B0D0
B0D1	B0D1
B0D2	B0D2
B0D3	B0D3
B0D4	B0D4
B0D5	B0D5
B0D6	B0D6
B0D7	B0D7
B0D8	B0D8
B0D9	B0D9
B0DA	B0DA
B0DB	B0DB
B0DC	B0DC
B0DD	B0DD
B0DE	B0DE
B0DF	B0DF
B0E0	B0E0
B0E1	B0E1
B0E2	B0E2
B0E3	B0E3
B0E4	B0E4
B0E5	B0E5
B0E6	B0E6
B0E7	B0E7
B0E8	B0E8
B0E9	B0E9
B0EA	B0EA
B0EB	B0EB
B0EC	B0EC
B0ED	B0ED
B0EE	B0EE
B0EF	B0EF
B0F0	B0F0
B0F1	B0F1
B0F2	B0F2
B0F3	B0F3
B0F4	B0F4
B0F5	B0F5
B0F6	B0F6
B0F7	B0F7
B0F8	B0F8
B0F9	B0F9
B0FA	B0FA
B0FB	B0FB
B0FC	B0FC
B0FD	B0FD
B0FE	B0FE
B0FF	B0FF
B100	B100
B101	B101
B102	B102
B103	B103
B104	B104
B105	B105
B106	B106
B107	B107
B108	B108
B109	B109
B10A	B10A
B10B	B10B
B10C	B10C
B10D	B10D
B10E	B10E
B10F	B10F
B110	B110
B111	B111
B112	B112
B113	B113
B114	B114
B115	B115
B116	B116
B117	B117
B118	B118
B119	B119
B11A	B11A
B11B	B11B
B11C	B11C
B11D	B11D
B11E	B11E
B11F	B11F
B120	B120
B121	B121
B122	B122
B123	B123
B124	B124
B125	B125
B126	B126
B127	B127
B128	B128
B129	B129
B12A	B12A
B12B	B12B
B12C	B12C
B12D	B12D
B12E	B12E
B12F	B12F
B130	B130
B131	B131
B132	B132
B133	B133
B134	B134
B135	B135
B136	B136
B137	B137
B138	B138
B139	B139
B13A	B13A
B13B	B13B
B13C	B13C
B13D	B13D
B13E	B13E
B13F	B13F
B140	B140
B141	B141
B142	B142
B143	B143
B144	B144
B145	B145
B146	B146
B147	B147
B148	B148
B149	B149
B14A	B14A
B14B	B14B
B14C	B14C
B14D	B14D
B14E	B14E
B14F	B14F
B150	B150
B151	B151
B152	B152
B153	B153
B154	B154
B155	B155
B156	B156
B157	B157
B158	B158
B159	B159
B15A	B15A
B15B	B15B
B15C	B15C
B15D	B15D
B15E	B15E
B15F	B15F
B160	B160
B161	B161
B162	B162
B163	B163
B164	B164
B165	B165
B166	B166
B167	B167
B168	B168
B169	B169
B16A	B16A
B16B	B16B
B16C	B16C
B16D	B16D
B16E	B16E
B16F	B16F
B170	B170
B171	B171
B172	B172
B173	B173
B174	B174
B175	B175
B176	B176
B177	B177
B178	B178
B179	B179
B17A	B17A
B17B	B17B
B17C	B17C
B17D	B17D
B17E	B17E
B17F	B17F
B180	B180
B181	B181
B182	B182
B183	B183
B184	B184
B185	B185
B186	B186
B187	B187
B188	B188
B189	B189
B18A	B18A
B18B	B18B
B18C	B18C
B18D	B18D
B18E	B18E
B18F	B18F
B190	B190
B191	B191
B192	B192
B193	B193
B194	B194
B195	B195
B196	B196
B197	B197
B198	B198
B199	B199
B19A	B19A
B19B	B19B
B19C	B19C
B19D	B19D
B19E	B19E
B19F	B19F
B1A0	B1A0
B1A1	B1A1
B1A2	B1A2
B1A3	B1A3
B1A4	B1A4
B1A5	B1A5
B1A6	B1A6
B1A7	B1A7
B1A8	B1A8
B1A9	B1A9
B1AA	B1AA
B1AB	B1AB
B1AC	B1AC
B1AD	B1AD
B1AE	B1AE
B1AF	B1AF
B1B0	B1B0
B1B1	B1B1
B1B2	B1B2
B1B3	B1B3
B1B4	B1B4
B1B5	B1B5
B1B6	B1B6
B1B7	B1B7
B1B8	B1B8
B1B9	B1B9
B1BA	B1BA
B1BB	B1BB
B1BC	B1BC
B1BD	B1BD
B1BE	B1BE
B1BF	B1BF
B1C0	B1C0
B1C1	B1C1
B1C2	B1C2
B1C3	B1C3
B1C4	B1C4
B1C5	B1C5
B1C6	B1C6
B1C7	B1C7
B1C8	B1C8
B1C9	B1C9
B1CA	B1CA
B1CB	B1CB
B1CC	B1CC
B1CD	B1CD
B1CE	B1CE
B1CF	B1CF
B1D0	B1D0
B1D1	B1D1
B1D2	B1D2
B1D3	B1D3
B1D4	B1D4
B1D5	B1D5
B1D6	B1D6
B1D7	B1D7
B1D8	B1D8
B1D9	B1D9
B1DA	B1DA
B1DB	B1DB
B1DC	B1DC
B1DD	B1DD
B1DE	B1DE
B1DF	B1DF
B1E0	B1E0
B1E1	B1E1
B1E2	B1E2
B1E3	B1E3
B1E4	B1E4
B1E5	B1E5
B1E6	B1E6
B1E7	B1E7
B1E8	B1E8
B1E9	B1E9
B1EA	B1EA
B1EB	B1EB
B1EC	B1EC
B1ED	B1ED
B1EE	B1EE
B1EF	B1EF
B1F0	B1F0
B1F1	B1F1
B1F2	B1F2
B1F3	B1F3
B1F4	B1F4
B1F5	B1F5
B1F6	B1F6
B1F7	B1F7
B1F8	B1F8
B1F9	B1F9
B1FA	B1FA
B1FB	B1FB
B1FC	B1FC
B1FD	B1FD
B1FE	B1FE
B1FF	B1FF
B200	B200
B201	B201
B202	B202
B203	B203
B204	B204
B205	B205
B206	B206
B207	B207
B208	B208
B209	B209
B20A	B20A
B20B	B20B
B20C	B20C
B20D	B20D
B20E	B20E
B20F	B20F
B210	B210
B211	B211
B212	B212
B213	B213
B214	B214
B215	B215
B216	B216
B217	B217
B218	B218
B219	B219
B21A	B21A
B21B	B21B
B21C	B21C
B21D	B21D
B21E	B21E
B21F	B21F
B220	B220
B221	B221
B222	B222
B223	B223
B224	B224
B225	B225
B226	B226
B227	B227
B228	B228
B229	B229
B22A	B22A
B22B	B22B
B22C	B22C
B22D	B22D
B22E	B22E
B22F	B22F
B230	B230
B231	B231
B232	B232
B233	B233
B234	B234
B235	B235
B236	B236
B237	B237
B238	B238
B239	B239
B23A	B23A
B23B	B23B
B23C	B23C
B23D	B23D
B23E	B23E
B23F	B23F
B240	B240
B241	B241
B242	B242
B243	B243
B244	B244
B245	B245
B246	B246
B247	B247
B248	B248
B249	B249
B24A	B24A
B24B	B24B
B24C	B24C
B24D	B24D
B24E	B24E
B24F	B24F
B250	B250
B251	B251
B252	B252
B253	B253
B254	B254
B255	B255
B256	B256
B257	B257
B258	B258
B259	B259
B25A	B25A
B25B	B25B
B25C	B25C
B25D	B25D
B25E	B25E
B25F	B25F
B260	B260
B261	B261
B262	B262
B263	B263
B264	B264
B265	B265
B266	B266
B267	B267
B268	B268
B269	B269
B26A	B26A
B26B	B26B
B26C	B26C
B26D	B26D
B26E	B26E
B26F	B26F
B270	B270
B271	B271
B272	B272
B273	B273
B274	B274
B275	B275
B276	B276
B277	B277
B278	B278
B279	B279
B27A	B27A
B27B	B27B
B27C	B27C
B27D	B27D
B27E	B27E
B27F	B27F
B280	B280
B281	B281
B282	B282
B283	B283
B284	B284
B285	B285
B286	B286
B287	B287
B288	B288
B289	B289
B28A	B28A
B28B	B28B
B28C	B28C
B28D	B28D
B28E	B28E
B28F	B28F
B290	B290
B291	B291
B292	B292
B293	B293
B294	B294
B295	B295
B296	B296
B297	B297
B298	B298
B299	B299
B29A	B29A
B29B	B29B
B29C	B29C
B29D	B29D
B29E	B29E
B29F	B29F
B2A0	B2A0
B2A1	B2A1
B2A2	B2A2
B2A3	B2A3
B2A4	B2A4
B2A5	B2A5
B2A6	B2A6
B2A7	B2A7
B2A8	B2A8
B2A9	B2A9
B2AA	B2AA
B2AB	B2AB
B2AC	B2AC
B2AD	B2AD
B2AE	B2AE
B2AF	B2AF
B2B0	B2B0
B2B1	B2B1
B2B2	B2B2
B2B3	B2B3
B2B4	B2B4
B2B5	B2B5
B2B6	B2B6
B2B7	B2B7
B2B8	B2B8
B2B9	B2B9
B2BA	B2BA
B2BB	B2BB
B2BC	B2BC
B2BD	B2BD
B2BE	B2BE
B2BF	B2BF
B2C0	B2C0
B2C1	B2C1
B2C2	B2C2
B2C3	B2C3
B2C4	B2C4
B2C5	B2C5
B2C6	B2C6
B2C7	B2C7
B2C8	B2C8
B2C9	B2C9
B2CA	B2CA
B2CB	B2CB
B2CC	B2CC
B2CD	B2CD
B2CE	B2CE
B2CF	B2CF
B2D0	B2D0
B2D1	B2D1
B2D2	B2D2
B2D3	B2D3
B2D4	B2D4
B2D5	B2D5
B2D6	B2D6
B2D7	B2D7
B2D8	B2D8
B2D9	B2D9
B2DA	B2DA
B2DB	B2DB
B2DC	B2DC
B2DD	B2DD
B2DE	B2DE
B2DF	B2DF
B2E0	B2E0
B2E1	B2E1
B2E2	B2E2
B2E3	B2E3
B2E4	B2E4
B2E5	B2E5
B2E6	B2E6
B2E7	B2E7
B2E8	B2E8
B2E9	B2E9
B2EA	B2EA
B2EB	B2EB
B2EC	B2EC
B2ED	B2ED
B2EE	B2EE
B2EF	B2EF
B2F0	B2F0
B2F1	B2F1
B2F2	B2F2
B2F3	B2F3
B2F4	B2F4
B2F5	B2F5
B2F6	B2F6
B2F7	B2F7
B2F8	B2F8
B2F9	B2F9
B2FA	B2FA
B2FB	B2FB
B2FC	B2FC
B2FD	B2FD
B2FE	B2FE
B2FF	B2FF
B300	B300
B301	B301
B302	B302
B303	B303
B304	B304
B305	B305
B306	B306
B307	B307
B308	B308
B309	B309
B30A	B30A
B30B	B30B
B30C	B30C
B30D	B30D
B30E	B30E
B30F	B30F
B310	B310
B311	B311
B312	B312
B313	B313
B314	B314
B315	B315
B316	B316
B317	B317
B318	B318
B319	B319
B31A	B31A
B31B	B31B
B31C	B31C
B31D	B31D
B31E	B31E
B31F	B31F
B320	B320
B321	B321
B322	B322
B323	B323
B324	B324
B325	B325
B326	B326
B327	B327
B328	B328
B329	B329
B32A	B32A
B32B	B32B
B32C	B32C
B32D	B32D
B32E	B32E
B32F	B32F
B330	B330
B331	B331
B332	B332
B333	B333
B334	B334
B335	B335
B336	B336
B337	B337
B338	B338
B339	B339
B33A	B33A
B33B	B33B
B33C	B33C
B33D	B33D
B33E	B33E
B33F	B33F
B340	B340
B341	B341
B342	B342
B343	B343
B344	B344
B345	B345
B346	B346
B347	B347
B348	B348
B349	B349
B34A	B34A
B34B	B34B
B34C	B34C
B34D	B34D
B34E	B34E
B34F	B34F
B350	B350
B351	B351
B352	B352
B353	B353
B354	B354
B355	B355
B356	B356
B357	B357
B358	B358
B359	B359
B35A	B35A
B35B	B35B
B35C	B35C
B35D	B35D
B35E	B35E
B35F	B35F
B360	B360
B361	B361
B362	B362
B363	B363
B364	B364
B365	B365
B366	B366
B367	B367
B368	B368
B369	B369
B36A	B36A
B36B	B36B
B36C	B36C
B36D	B36D
B36E	B36E
B36F	B36F
B370	B370
B371	B371
B372	B372
B373	B373
B374	B374
B375	B375
B376	B376
B377	B377
B378	B378
B379	B379
B37A	B37A
B37B	B37B
B37C	B37C
B37D	B37D
B37E	B37E
B37F	B37F
B380	B380
B381	B381
B382	B382
B383	B383
B384	B384
B385	B385
B386	B386
B387	B387
B388	B388
B389	B389
B38A	B38A
B38B	B38B
B38C	B38C
B38D	B38D
B38E	B38E
B38F	B38F
B390	B390
B391	B391
B392	B392
B393	B393
B394	B394
B395	B395
B396	B396
B397	B397
B398	B398
B399	B399
B39A	B39A
B39B	B39B
B39C	B39C
B39D	B39D
B39E	B39E
B39F	B39F
B3A0	B3A0
B3A1	B3A1
B3A2	B3A2
B3A3	B3A3
B3A4	B3A4
B3A5	B3A5
B3A6	B3A6
B3A7	B3A7
B3A8	B3A8
B3A9	B3A9
B3AA	B3AA
B3AB	B3AB
B3AC	B3AC
B3AD	B3AD
B3AE	B3AE
B3AF	B3AF
B3B0	B3B0
B3B1	B3B1
B3B2	B3B2
B3B3	B3B3
B3B4	B3B4
B3B5	B3B5
B3B6	B3B6
B3B7	B3B7
B3B8	B3B8
B3B9	B3B9
B3BA	B3BA
B3BB	B3BB
B3BC	B3BC
B3BD	B3BD
B3BE	B3BE
B3BF	B3BF
B3C0	B3C0
B3C1	B3C1
B3C2	B3C2
B3C3	B3C3
B3C4	B3C4
B3C5	B3C5
B3C6	B3C6
B3C7	B3C7
B3C8	B3C8
B3C9	B3C9
B3CA	B3CA
B3CB	B3CB
B3CC	B3CC
B3CD	B3CD
B3CE	B3CE
B3CF	B3CF
B3D0	B3D0
B3D1	B3D1
B3D2	B3D2
B3D3	B3D3
B3D4	B3D4
B3D5	B3D5
B3D6	B3D6
B3D7	B3D7
B3D8	B3D8
B3D9	B3D9
B3DA	B3DA
B3DB	B3DB
B3DC	B3DC
B3DD	B3DD
B3DE	B3DE
B3DF	B3DF
B3E0	B3E0
B3E1	B3E1
B3E2	B3E2
B3E3	B3E3
B3E4	B3E4
B3E5	B3E5
B3E6	B3E6
B3E7	B3E7
B3E8	B3E8
B3E9	B3E9
B3EA	B3EA
B3EB	B3EB
B3EC	B3EC
B3ED	B3ED
B3EE	B3EE
B3EF	B3EF
B3F0	B3F0
B3F1	B3F1
B3F2	B3F2
B3F3	B3F3
B3F4	B3F4
B3F5	B3F5
B3F6	B3F6
B3F7	B3F7
B3F8	B3F8
B3F9	B3F9
B3FA	B3FA
B3FB	B3FB
B3FC	B3FC
B3FD	B3FD
B3FE	B3FE
B3FF	B3FF
B400	B400
B401	B401
B402	B402
B403	B403
B404	B404
B405	B405
B406	B406
B407	B407
B408	B408
B409	B409
B40A	B40A
B40B	B40B
B40C	B40C
B40D	B40D
B40E	B40E
B40F	B40F
B410	B410
B411	B411
B412	B412
B413	B413
B414	B414
B415	B415
B416	B416
B417	B417
B418	B418
B419	B419
B41A	B41A
B41B	B41B
B41C	B41C
B41D	B41D
B41E	B41E
B41F	B41F
B420	B420
B421	B421
B422	B422
B423	B423
B424	B424
B425	B425
B426	B426
B427	B427
B428	B428
B429	B429
B42A	B42A
B42B	B42B
B42C	B42C
B42D	B42D
B42E	B42E
B42F	B42F
B430	B430
B431	B431
B432	B432
B433	B433
B434	B434
B435	B435
B436	B436
B437	B437
B438	B438
B439	B439
B43A	B43A
B43B	B43B
B43C	B43C
B43D	B43D
B43E	B43E
B43F	B43F
B440	B440
B441	B441
B442	B442
B443	B443
B444	B444
B445	B445
B446	B446
B447	B447
B448	B448
B449	B449
B44A	B44A
B44B	B44B
B44C	B44C
B44D	B44D
B44E	B44E
B44F	B44F
B450	B450
B451	B451
B452	B452
B453	B453
B454	B454
B455	B455
B456	B456
B457	B457
B458	B458
B459	B459
B45A	B45A
B45B	B45B
B45C	B45C
B45D	B45D
B45E	B45E
B45F	B45F
B460	B460
B461	B461
B462	B462
B463	B463
B464	B464
B465	B465
B466	B466
B467	B467
B468	B468
B469	B469
B46A	B46A
B46B	B46B
B46C	B46C
B46D	B46D
B46E	B46E
B46F	B46F
B470	B470
B471	B471
B472	B472
B473	B473
B474	B474
B475	B475
B476	B476
B477	B477
B478	B478
B479	B479
B47A	B47A
B47B	B47B
B47C	B47C
B47D	B47D
B47E	B47E
B47F	B47F
B480	B480
B481	B481
B482	B482
B483	B483
B484	B484
B485	B485
B486	B486
B487	B487
B488	B488
B489	B489
B48A	B48A
B48B	B48B
B48C	B48C
B48D	B48D
B48E	B48E
B48F	B48F
B490	B490
B491	B491
B492	B492
B493	B493
B494	B494
B495	B495
B496	B496
B497	B497
B498	B498
B499	B499
B49A	B49A
B49B	B49B
B49C	B49C
B49D	B49D
B49E	B49E
B49F	B49F
B4A0	B4A0
B4A1	B4A1
B4A2	B4A2
B4A3	B4A3
B4A4	B4A4
B4A5	B4A5
B4A6	B4A6
B4A7	B4A7
B4A8	B4A8
B4A9	B4A9
B4AA	B4AA
B4AB	B4AB
B4AC	B4AC
B4AD	B4AD
B4AE	B4AE
B4AF	B4AF
B4B0	B4B0
B4B1	B4B1
B4B2	B4B2
B4B3	B4B3
B4B4	B4B4
B4B5	B4B5
B4B6	B4B6
B4B7	B4B7
B4B8	B4B8
B4B9	B4B9
B4BA	B4BA
B4BB	B4BB
B4BC	B4BC
B4BD	B4BD
B4BE	B4BE
B4BF	B4BF
B4C0	B4C0
B4C1	B4C1
B4C2	B4C2
B4C3	B4C3
B4C4	B4C4
B4C5	B4C5
B4C6	B4C6
B4C7	B4C7
B4C8	B4C8
B4C9	B4C9
B4CA	B4CA
B4CB	B4CB
B4CC	B4CC
B4CD	B4CD
B4CE	B4CE
B4CF	B4CF
B4D0	B4D0
B4D1	B4D1
B4D2	B4D2
B4D3	B4D3
B4D4	B4D4
B4D5	B4D5
B4D6	B4D6
B4D7	B4D7
B4D8	B4D8
B4D9	B4D9
B4DA	B4DA
B4DB	B4DB
B4DC	B4DC
B4DD	B4DD
B4DE	B4DE
B4DF	B4DF
B4E0	B4E0
B4E1	B4E1
B4E2	B4E2
B4E3	B4E3
B4E4	B4E4
B4E5	B4E5
B4E6	B4E6
B4E7	B4E7
B4E8	B4E8
B4E9	B4E9
B4EA	B4EA
B4EB	B4EB
B4EC	B4EC
B4ED	B4ED
B4EE	B4EE
B4EF	B4EF
B4F0	B4F0
B4F1	B4F1
B4F2	B4F2
B4F3	B4F3
B4F4	B4F4
B4F5	B4F5
B4F6	B4F6
B4F7	B4F7
B4F8	B4F8
B4F9	B4F9
B4FA	B4FA
B4FB	B4FB
B4FC	B4FC
B4FD	B4FD
B4FE	B4FE
B4FF	B4FF
B500	B500
B501	B501
B502	B502
B503	B503
B504	B504
B505	B505
B506	B506
B507	B507
B508	B508
B509	B509
B50A	B50A
B50B	B50B
B50C	B50C
B50D	B50D
B50E	B50E
B50F	B50F
B510	B510
B511	B511
B512	B512
B513	B513
B514	B514
B515	B515
B516	B516
B517	B517
B518	B518
B519	B519
B51A	B51A
B51B	B51B
B51C	B51C
B51D	B51D
B51E	B51E
B51F	B51F
B520	B520
B521	B521
B522	B522
B523	B523
B524	B524
B525	B525
B526	B526
B527	B527
B528	B528
B529	B529
B52A	B52A
B52B	B52B
B52C	B52C
B52D	B52D
B52E	B52E
B52F	B52F
B530	B530
B531	B531
B532	B532
B533	B533
B534	B534
B535	B535
B536	B536
B537	B537
B538	B538
B539	B539
B53A	B53A
B53B	B53B
B53C	B53C
B53D	B53D
B53E	B53E
B53F	B53F
B540	B540
B541	B541
B542	B542
B543	B543
B544	B544
B545	B545
B546	B546
B547	B547
B548	B548
B549	B549
B54A	B54A
B54B	B54B
B54C	B54C
B54D	B54D
B54E	B54E
B54F	B54F
B550	B550
B551	B551
B552	B552
B553	B553
B554	B554
B555	B555
B556	B556
B557	B557
B558	B558
B559	B559
B55A	B55A
B55B	B55B
B55C	B55C
B55D	B55D
B55E	B55E
B55F	B55F
B560	B560
B561	B561
B562	B562
B563	B563
B564	B564
B565	B565
B566	B566
B567	B567
B568	B568
B569	B569
B56A	B56A
B56B	B56B
B56C	B56C
B56D	B56D
B56E	B56E
B56F	B56F
B570	B570
B571	B571
B572	B572
B573	B573
B574	B574
B575	B575
B576	B576
B577	B577
B578	B578
B579	B579
B57A	B57A
B57B	B57B
B57C	B57C
B57D	B57D
B57E	B57E
B57F	B57F
B580	B580
B581	B581
B582	B582
B583	B583
B584	B584
B585	B585
B586	B586
B587	B587
B588	B588
B589	B589
B58A	B58A
B58B	B58B
B58C	B58C
B58D	B58D
B58E	B58E
B58F	B58F
B590	B590
B591	B591
B592	B592
B593	B593
B594	B594
B595	B595
B596	B596
B597	B597
B598	B598
B599	B599
B59A	B59A
B59B	B59B
B59C	B59C
B59D	B59D
B59E	B59E
B59F	B59F
B5A0	B5A0
B5A1	B5A1
B5A2	B5A2
B5A3	B5A3
B5A4	B5A4
B5A5	B5A5
B5A6	B5A6
B5A7	B5A7
B5A8	B5A8
B5A9	B5A9
B5AA	B5AA
B5AB	B5AB
B5AC	B5AC
B5AD	B5AD
B5AE	B5AE
B5AF	B5AF
B5B0	B5B0
B5B1	B5B1
B5B2	B5B2
B5B3	B5B3
B5B4	B5B4
B5B5	B5B5
B5B6	B5B6
B5B7	B5B7
B5B8	B5B8
B5B9	B5B9
B5BA	B5BA
B5BB	B5BB
B5BC	B5BC
B5BD	B5BD
B5BE	B5BE
B5BF	B5BF
B5C0	B5C0
B5C1	B5C1
B5C2	B5C2
B5C3	B5C3
B5C4	B5C4
B5C5	B5C5
B5C6	B5C6
B5C7	B5C7
B5C8	B5C8
B5C9	B5C9
B5CA	B5CA
B5CB	B5CB
B5CC	B5CC
B5CD	B5CD
B5CE	B5CE
B5CF	B5CF
B5D0	B5D0
B5D1	B5D1
B5D2	B5D2
B5D3	B5D3
B5D4	B5D4
B5D5	B5D5
B5D6	B5D6
B5D7	B5D7
B5D8	B5D8
B5D9	B5D9
B5DA	B5DA
B5DB	B5DB
B5DC	B5DC
B5DD	B5DD
B5DE	B5DE
B5DF	B5DF
B5E0	B5E0
B5E1	B5E1
B5E2	B5E2
B5E3	B5E3
B5E4	B5E4
B5E5	B5E5
B5E6	B5E6
B5E7	B5E7
B5E8	B5E8
B5E9	B5E9
B5EA	B5EA
B5EB	B5EB
B5EC	B5EC
B5ED	B5ED
B5EE	B5EE
B5EF	B5EF
B5F0	B5F0
B5F1	B5F1
B5F2	B5F2
B5F3	B5F3
B5F4	B5F4
B5F5	B5F5
B5F6	B5F6
B5F7	B5F7
B5F8	B5F8
B5F9	B5F9
B5FA	B5FA
B5FB	B5FB
B5FC	B5FC
B5FD	B5FD
B5FE	B5FE
B5FF	B5FF
B600	B600
B601	B601
B602	B602
B603	B603
B604	B604
B605	B605
B606	B606
B607	B607
B608	B608
B609	B609
B60A	B60A
B60B	B60B
B60C	B60C
B60D	B60D
B60E	B60E
B60F	B60F
B610	B610
B611	B611
B612	B612
B613	B613
B614	B614
B615	B615
B616	B616
B617	B617
B618	B618
B619	B619
B61A	B61A
B61B	B61B
B61C	B61C
B61D	B61D
B61E	B61E
B61F	B61F
B620	B620
B621	B621
B622	B622
B623	B623
B624	B624
B625	B625
B626	B626
B627	B627
B628	B628
B629	B629
B62A	B62A
B62B	B62B
B62C	B62C
B62D	B62D
B62E	B62E
B62F	B62F
B630	B630
B631	B631
B632	B632
B633	B633
B634	B634
B635	B635
B636	B636
B637	B637
B638	B638
B639	B639
B63A	B63A
B63B	B63B
B63C	B63C
B63D	B63D
B63E	B63E
B63F	B63F
B640	B640
B641	B641
B642	B642
B643	B643
B644	B644
B645	B645
B646	B646
B647	B647
B648	B648
B649	B649
B64A	B64A
B64B	B64B
B64C	B64C
B64D	B64D
B64E	B64E
B64F	B64F
B650	B650
B651	B651
B652	B652
B653	B653
B654	B654
B655	B655
B656	B656
B657	B657
B658	B658
B659	B659
B65A	B65A
B65B	B65B
B65C	B65C
B65D	B65D
B65E	B65E
B65F	B65F
B660	B660
B661	B661
B662	B662
B663	B663
B664	B664
B665	B665
B666	B666
B667	B667
B668	B668
B669	B669
B66A	B66A
B66B	B66B
B66C	B66C
B66D	B66D
B66E	B66E
B66F	B66F
B670	B670
B671	B671
B672	B672
B673	B673
B674	B674
B675	B675
B676	B676
B677	B677
B678	B678
B679	B679
B67A	B67A
B67B	B67B
B67C	B67C
B67D	B67D
B67E	B67E
B67F	B67F
B680	B680
B681	B681
B682	B682
B683	B683
B684	B684
B685	B685
B686	B686
B687	B687
B688	B688
B689	B689
B68A	B68A
B68B	B68B
B68C	B68C
B68D	B68D
B68E	B68E
B68F	B68F
B690	B690
B691	B691
B692	B692
B693	B693
B694	B694
B695	B695
B696	B696
B697	B697
B698	B698
B699	B699
B69A	B69A
B69B	B69B
B69C	B69C
B69D	B69D
B69E	B69E
B69F	B69F
B6A0	B6A0
B6A1	B6A1
B6A2	B6A2
B6A3	B6A3
B6A4	B6A4
B6A5	B6A5
B6A6	B6A6
B6A7	B6A7
B6A8	B6A8
B6A9	B6A9
B6AA	B6AA
B6AB	B6AB
B6AC	B6AC
B6AD	B6AD
B6AE	B6AE
B6AF	B6AF
B6B0	B6B0
B6B1	B6B1
B6B2	B6B2
B6B3	B6B3
B6B4	B6B4
B6B5	B6B5
B6B6	B6B6
B6B7	B6B7
B6B8	B6B8
B6B9	B6B9
B6BA	B6BA
B6BB	B6BB
B6BC	B6BC
B6BD	B6BD
B6BE	B6BE
B6BF	B6BF
B6C0	B6C0
B6C1	B6C1
B6C2	B6C2
B6C3	B6C3
B6C4	B6C4
B6C5	B6C5
B6C6	B6C6
B6C7	B6C7
B6C8	B6C8
B6C9	B6C9
B6CA	B6CA
B6CB	B6CB
B6CC	B6CC
B6CD	B6CD
B6CE	B6CE
B6CF	B6CF
B6D0	B6D0
B6D1	B6D1
B6D2	B6D2
B6D3	B6D3
B6D4	B6D4
B6D5	B6D5
B6D6	B6D6
B6D7	B6D7
B6D8	B6D8
B6D9	B6D9
B6DA	B6DA
B6DB	B6DB
B6DC	B6DC
B6DD	B6DD
B6DE	B6DE
B6DF	B6DF
B6E0	B6E0
B6E1	B6E1
B6E2	B6E2
B6E3	B6E3
B6E4	B6E4
B6E5	B6E5
B6E6	B6E6
B6E7	B6E7
B6E8	B6E8
B6E9	B6E9
B6EA	B6EA
B6EB	B6EB
B6EC	B6EC
B6ED	B6ED
B6EE	B6EE
B6EF	B6EF
B6F0	B6F0
B6F1	B6F1
B6F2	B6F2
B6F3	B6F3
B6F4	B6F4
B6F5	B6F5
B6F6	B6F6
B6F7	B6F7
B6F8	B6F8
B6F9	B6F9
B6FA	B6FA
B6FB	B6FB
B6FC	B6FC
B6FD	B6FD
B6FE	B6FE
B6FF	B6FF
B700	B700
B701	B701
B702	B702
B703	B703
B704	B704
B705	B705
B706	B706
B707	B707
B708	B708
B709	B709
B70A	B70A
B70B	B70B
B70C	B70C
B70D	B70D
B70E	B70E
B70F	B70F
B710	B710
B711	B711
B712	B712
B713	B713
B714	B714
B715	B715
B716	B716
B717	B717
B718	B718
B719	B719
B71A	B71A
B71B	B71B
B71C	B71C
B71D	B71D
B71E	B71E
B71F	B71F
B720	B720
B721	B721
B722	B722
B723	B723
B724	B724
B725	B725
B726	B726
B727	B727
B728	B728
B729	B729
B72A	B72A
B72B	B72B
B72C	B72C
B72D	B72D
B72E	B72E
B72F	B72F
B730	B730
B731	B731
B732	B732
B733	B733
B734	B734
B735	B735
B736	B736
B737	B737
B738	B738
B739	B739
B73A	B73A
B73B	B73B
B73C	B73C
B73D	B73D
B73E	B73E
B73F	B73F
B740	B740
B741	B741
B742	B742
B743	B743
B744	B744
B745	B745
B746	B746
B747	B747
B748	B748
B749	B749
B74A	B74A
B74B	B74B
B74C	B74C
B74D	B74D
B74E	B74E
B74F	B74F
B750	B750
B751	B751
B752	B752
B753	B753
B754	B754
B755	B755
B756	B756
B757	B757
B758	B758
B759	B759
B75A	B75A
B75B	B75B
B75C	B75C
B75D	B75D
B75E	B75E
B75F	B75F
B760	B760
B761	B761
B762	B762
B763	B763
B764	B764
B765	B765
B766	B766
B767	B767
B768	B768
B769	B769
B76A	B76A
B76B	B76B
B76C	B76C
B76D	B76D
B76E	B76E
B76F	B76F
B770	B770
B771	B771
B772	B772
B773	B773
B774	B774
B775	B775
B776	B776
B777	B777
B778	B778
B779	B779
B77A	B77A
B77B	B77B
B77C	B77C
B77D	B77D
B77E	B77E
B77F	B77F
B780	B780
B781	B781
B782	B782
B783	B783
B784	B784
B785	B785
B786	B786
B787	B787
B788	B788
B789	B789
B78A	B78A
B78B	B78B
B78C	B78C
B78D	B78D
B78E	B78E
B78F	B78F
B790	B790
B791	B791
B792	B792
B793	B793
B794	B794
B795	B795
B796	B796
B797	B797
B798	B798
B799	B799
B79A	B79A
B79B	B79B
B79C	B79C
B79D	B79D
B79E	B79E
B79F	B79F
B7A0	B7A0
B7A1	B7A1
B7A2	B7A2
B7A3	B7A3
B7A4	B7A4
B7A5	B7A5
B7A6	B7A6
B7A7	B7A7
B7A8	B7A8
B7A9	B7A9
B7AA	B7AA
B7AB	B7AB
B7AC	B7AC
B7AD	B7AD
B7AE	B7AE
B7AF	B7AF
B7B0	B7B0
B7B1	B7B1
B7B2	B7B2
B7B3	B7B3
B7B4	B7B4
B7B5	B7B5
B7B6	B7B6
B7B7	B7B7
B7B8	B7B8
B7B9	B7B9
B7BA	B7BA
B7BB	B7BB
B7BC	B7BC
B7BD	B7BD
B7BE	B7BE
B7BF	B7BF
B7C0	B7C0
B7C1	B7C1
B7C2	B7C2
B7C3	B7C3
B7C4	B7C4
B7C5	B7C5
B7C6	B7C6
B7C7	B7C7
B7C8	B7C8
B7C9	B7C9
B7CA	B7CA
B7CB	B7CB
B7CC	B7CC
B7CD	B7CD
B7CE	B7CE
B7CF	B7CF
B7D0	B7D0
B7D1	B7D1
B7D2	B7D2
B7D3	B7D3
B7D4	B7D4
B7D5	B7D5
B7D6	B7D6
B7D7	B7D7
B7D8	B7D8
B7D9	B7D9
B7DA	B7DA
B7DB	B7DB
B7DC	B7DC
B7DD	B7DD
B7DE	B7DE
B7DF	B7DF
B7E0	B7E0
B7E1	B7E1
B7E2	B7E2
B7E3	B7E3
B7E4	B7E4
B7E5	B7E5
B7E6	B7E6
B7E7	B7E7
B7E8	B7E8
B7E9	B7E9
B7EA	B7EA
B7EB	B7EB
B7EC	B7EC
B7ED	B7ED
B7EE	B7EE
B7EF	B7EF
B7F0	B7F0
B7F1	B7F1
B7F2	B7F2
B7F3	B7F3
B7F4	B7F4
B7F5	B7F5
B7F6	B7F6
B7F7	B7F7
B7F8	B7F8
B7F9	B7F9
B7FA	B7FA
B7FB	B7FB
B7FC	B7FC
B7FD	B7FD
B7FE	B7FE
B7FF	B7FF
B800	B800
B801	B801
B802	B802
B803	B803
B804	B804
B805	B805
B806	B806
B807	B807
B808	B808
B809	B809
B80A	B80A
B80B	B80B
B80C	B80C
B80D	B80D
B80E	B80E
B80F	B80F
B810	B810
B811	B811
B812	B812
B813	B813
B814	B814
B815	B815
B816	B816
B817	B817
B818	B818
B819	B819
B81A	B81A
B81B	B81B
B81C	B81C
B81D	B81D
B81E	B81E
B81F	B81F
B820	B820
B821	B821
B822	B822
B823	B823
B824	B824
B825	B825
B826	B826
B827	B827
B828	B828
B829	B829
B82A	B82A
B82B	B82B
B82C	B82C
B82D	B82D
B82E	B82E
B82F	B82F
B830	B830
B831	B831
B832	B832
B833	B833
B834	B834
B835	B835
B836	B836
B837	B837
B838	B838
B839	B839
B83A	B83A
B83B	B83B
B83C	B83C
B83D	B83D
B83E	B83E
B83F	B83F
B840	B840
B841	B841
B842	B842
B843	B843
B844	B844
B845	B845
B846	B846
B847	B847
B848	B848
B849	B849
B84A	B84A
B84B	B84B
B84C	B84C
B84D	B84D
B84E	B84E
B84F	B84F
B850	B850
B851	B851
B852	B852
B853	B853
B854	B854
B855	B855
B856	B856
B857	B857
B858	B858
B859	B859
B85A	B85A
B85B	B85B
B85C	B85C
B85D	B85D
B85E	B85E
B85F	B85F
B860	B860
B861	B861
B862	B862
B863	B863
B864	B864
B865	B865
B866	B866
B867	B867
B868	B868
B869	B869
B86A	B86A
B86B	B86B
B86C	B86C
B86D	B86D
B86E	B86E
B86F	B86F
B870	B870
B871	B871
B872	B872
B873	B873
B874	B874
B875	B875
B876	B876
B877	B877
B878	B878
B879	B879
B87A	B87A
B87B	B87B
B87C	B87C
B87D	B87D
B87E	B87E
B87F	B87F
B880	B880
B881	B881
B882	B882
B883	B883
B884	B884
B885	B885
B886	B886
B887	B887
B888	B888
B889	B889
B88A	B88A
B88B	B88B
B88C	B88C
B88D	B88D
B88E	B88E
B88F	B88F
B890	B890
B891	B891
B892	B892
B893	B893
B894	B894
B895	B895
B896	B896
B897	B897
B898	B898
B899	B899
B89A	B89A
B89B	B89B
B89C	B89C
B89D	B89D
B89E	B89E
B89F	B89F
B8A0	B8A0
B8A1	B8A1
B8A2	B8A2
B8A3	B8A3
B8A4	B8A4
B8A5	B8A5
B8A6	B8A6
B8A7	B8A7
B8A8	B8A8
B8A9	B8A9
B8AA	B8AA
B8AB	B8AB
B8AC	B8AC
B8AD	B8AD
B8AE	B8AE
B8AF	B8AF
B8B0	B8B0
B8B1	B8B1
B8B2	B8B2
B8B3	B8B3
B8B4	B8B4
B8B5	B8B5
B8B6	B8B6
B8B7	B8B7
B8B8	B8B8
B8B9	B8B9
B8BA	B8BA
B8BB	B8BB
B8BC	B8BC
B8BD	B8BD
B8BE	B8BE
B8BF	B8BF
B8C0	B8C0
B8C1	B8C1
B8C2	B8C2
B8C3	B8C3
B8C4	B8C4
B8C5	B8C5
B8C6	B8C6
B8C7	B8C7
B8C8	B8C8
B8C9	B8C9
B8CA	B8CA
B8CB	B8CB
B8CC	B8CC
B8CD	B8CD
B8CE	B8CE
B8CF	B8CF
B8D0	B8D0
B8D1	B8D1
B8D2	B8D2
B8D3	B8D3
B8D4	B8D4
B8D5	B8D5
B8D6	B8D6
B8D7	B8D7
B8D8	B8D8
B8D9	B8D9
B8DA	B8DA
B8DB	B8DB
B8DC	B8DC
B8DD	B8DD
B8DE	B8DE
B8DF	B8DF
B8E0	B8E0
B8E1	B8E1
B8E2	B8E2
B8E3	B8E3
B8E4	B8E4
B8E5	B8E5
B8E6	B8E6
B8E7	B8E7
B8E8	B8E8
B8E9	B8E9
B8EA	B8EA
B8EB	B8EB
B8EC	B8EC
B8ED	B8ED
B8EE	B8EE
B8EF	B8EF
B8F0	B8F0
B8F1	B8F1
B8F2	B8F2
B8F3	B8F3
B8F4	B8F4
B8F5	B8F5
B8F6	B8F6
B8F7	B8F7
B8F8	B8F8
B8F9	B8F9
B8FA	B8FA
B8FB	B8FB
B8FC	B8FC
B8FD	B8FD
B8FE	B8FE
B8FF	B8FF
B900	B900
B901	B901
B902	B902
B903	B903
B904	B904
B905	B905
B906	B906
B907	B907
B908	B908
B909	B909
B90A	B90A
B90B	B90B
B90C	B90C
B90D	B90D
B90E	B90E
B90F	B90F
B910	B910
B911	B911
B912	B912
B913	B913
B914	B914
B915	B915
B916	B916
B917	B917
B918	B918
B919	B919
B91A	B91A
B91B	B91B
B91C	B91C
B91D	B91D
B91E	B91E
B91F	B91F
B920	B920
B921	B921
B922	B922
B923	B923
B924	B924
B925	B925
B926	B926
B927	B927
B928	B928
B929	B929
B92A	B92A
B92B	B92B
B92C	B92C
B92D	B92D
B92E	B92E
B92F	B92F
B930	B930
B931	B931
B932	B932
B933	B933
B934	B934
B935	B935
B936	B936
B937	B937
B938	B938
B939	B939
B93A	B93A
B93B	B93B
B93C	B93C
B93D	B93D
B93E	B93E
B93F	B93F
B940	B940
B941	B941
B942	B942
B943	B943
B944	B944
B945	B945
B946	B946
B947	B947
B948	B948
B949	B949
B94A	B94A
B94B	B94B
B94C	B94C
B94D	B94D
B94E	B94E
B94F	B94F
B950	B950
B951	B951
B952	B952
B953	B953
B954	B954
B955	B955
B956	B956
B957	B957
B958	B958
B959	B959
B95A	B95A
B95B	B95B
B95C	B95C
B95D	B95D
B95E	B95E
B95F	B95F
B960	B960
B961	B961
B962	B962
B963	B963
B964	B964
B965	B965
B966	B966
B967	B967
B968	B968
B969	B969
B96A	B96A
B96B	B96B
B96C	B96C
B96D	B96D
B96E	B96E
B96F	B96F
B970	B970
B971	B971
B972	B972
B973	B973
B974	B974
B975	B975
B976	B976
B977	B977
B978	B978
B979	B979
B97A	B97A
B97B	B97B
B97C	B97C
B97D	B97D
B97E	B97E
B97F	B97F
B980	B980
B981	B981
B982	B982
B983	B983
B984	B984
B985	B985
B986	B986
B987	B987
B988	B988
B989	B989
B98A	B98A
B98B	B98B
B98C	B98C
B98D	B98D
B98E	B98E
B98F	B98F
B990	B990
B991	B991
B992	B992
B993	B993
B994	B994
B995	B995
B996	B996
B997	B997
B998	B998
B999	B999
B99A	B99A
B99B	B99B
B99C	B99C
B99D	B99D
B99E	B99E
B99F	B99F
B9A0	B9A0
B9A1	B9A1
B9A2	B9A2
B9A3	B9A3
B9A4	B9A4
B9A5	B9A5
B9A6	B9A6
B9A7	B9A7
B9A8	B9A8
B9A9	B9A9
B9AA	B9AA
B9AB	B9AB
B9AC	B9AC
B9AD	B9AD
B9AE	B9AE
B9AF	B9AF
B9B0	B9B0
B9B1	B9B1
B9B2	B9B2
B9B3	B9B3
B9B4	B9B4
B9B5	B9B5
B9B6	B9B6
B9B7	B9B7
B9B8	B9B8
B9B9	B9B9
B9BA	B9BA
B9BB	B9BB
B9BC	B9BC
B9BD	B9BD
B9BE	B9BE
B9BF	B9BF
B9C0	B9C0
B9C1	B9C1
B9C2	B9C2
B9C3	B9C3
B9C4	B9C4
B9C5	B9C5
B9C6	B9C6
B9C7	B9C7
B9C8	B9C8
B9C9	B9C9
B9CA	B9CA
B9CB	B9CB
B9CC	B9CC
B9CD	B9CD
B9CE	B9CE
B9CF	B9CF
B9D0	B9D0
B9D1	B9D1
B9D2	B9D2
B9D3	B9D3
B9D4	B9D4
B9D5	B9D5
B9D6	B9D6
B9D7	B9D7
B9D8	B9D8
B9D9	B9D9
B9DA	B9DA
B9DB	B9DB
B9DC	B9DC
B9DD	B9DD
B9DE	B9DE
B9DF	B9DF
B9E0	B9E0
B9E1	B9E1
B9E2	B9E2
B9E3	B9E3
B9E4	B9E4
B9E5	B9E5
B9E6	B9E6
B9E7	B9E7
B9E8	B9E8
B9E9	B9E9
B9EA	B9EA
B9EB	B9EB
B9EC	B9EC
B9ED	B9ED
B9EE	B9EE
B9EF	B9EF
B9F0	B9F0
B9F1	B9F1
B9F2	B9F2
B9F3	B9F3
B9F4	B9F4
B9F5	B9F5
B9F6	B9F6
B9F7	B9F7
B9F8	B9F8
B9F9	B9F9
B9FA	B9FA
B9FB	B9FB
B9FC	B9FC
B9FD	B9FD
B9FE	B9FE
B9FF	B9FF
BA00	BA00
BA01	BA01
BA02	BA02
BA03	BA03
BA04	BA04
BA05	BA05
BA06	BA06
BA07	BA07
BA08	BA08
BA09	BA09
BA0A	BA0A
BA0B	BA0B
BA0C	BA0C
BA0D	BA0D
BA0E	BA0E
BA0F	BA0F
BA10	BA10
BA11	BA11
BA12	BA12
BA13	BA13
BA14	BA14
BA15	BA15
BA16	BA16
BA17	BA17
BA18	BA18
BA19	BA19
BA1A	BA1A
BA1B	BA1B
BA1C	BA1C
BA1D	BA1D
BA1E	BA1E
BA1F	BA1F
BA20	BA20
BA21	BA21
BA22	BA22
BA23	BA23
BA24	BA24
BA25	BA25
BA26	BA26
BA27	BA27
BA28	BA28
BA29	BA29
BA2A	BA2A
BA2B	BA2B
BA2C	BA2C
BA2D	BA2D
BA2E	BA2E
BA2F	BA2F
BA30	BA30
BA31	BA31
BA32	BA32
BA33	BA33
BA34	BA34
BA35	BA35
BA36	BA36
BA37	BA37
BA38	BA38
BA39	BA39
BA3A	BA3A
BA3B	BA3B
BA3C	BA3C
BA3D	BA3D
BA3E	BA3E
BA3F	BA3F
BA40	BA40
BA41	BA41
BA42	BA42
BA43	BA43
BA44	BA44
BA45	BA45
BA46	BA46
BA47	BA47
BA48	BA48
BA49	BA49
BA4A	BA4A
BA4B	BA4B
BA4C	BA4C
BA4D	BA4D
BA4E	BA4E
BA4F	BA4F
BA50	BA50
BA51	BA51
BA52	BA52
BA53	BA53
BA54	BA54
BA55	BA55
BA56	BA56
BA57	BA57
BA58	BA58
BA59	BA59
BA5A	BA5A
BA5B	BA5B
BA5C	BA5C
BA5D	BA5D
BA5E	BA5E
BA5F	BA5F
BA60	BA60
BA61	BA61
BA62	BA62
BA63	BA63
BA64	BA64
BA65	BA65
BA66	BA66
BA67	BA67
BA68	BA68
BA69	BA69
BA6A	BA6A
BA6B	BA6B
BA6C	BA6C
BA6D	BA6D
BA6E	BA6E
BA6F	BA6F
BA70	BA70
BA71	BA71
BA72	BA72
BA73	BA73
BA74	BA74
BA75	BA75
BA76	BA76
BA77	BA77
BA78	BA78
BA79	BA79
BA7A	BA7A
BA7B	BA7B
BA7C	BA7C
BA7D	BA7D
BA7E	BA7E
BA7F	BA7F
BA80	BA80
BA81	BA81
BA82	BA82
BA83	BA83
BA84	BA84
BA85	BA85
BA86	BA86
BA87	BA87
BA88	BA88
BA89	BA89
BA8A	BA8A
BA8B	BA8B
BA8C	BA8C
BA8D	BA8D
BA8E	BA8E
BA8F	BA8F
BA90	BA90
BA91	BA91
BA92	BA92
BA93	BA93
BA94	BA94
BA95	BA95
BA96	BA96
BA97	BA97
BA98	BA98
BA99	BA99
BA9A	BA9A
BA9B	BA9B
BA9C	BA9C
BA9D	BA9D
BA9E	BA9E
BA9F	BA9F
BAA0	BAA0
BAA1	BAA1
BAA2	BAA2
BAA3	BAA3
BAA4	BAA4
BAA5	BAA5
BAA6	BAA6
BAA7	BAA7
BAA8	BAA8
BAA9	BAA9
BAAA	BAAA
BAAB	BAAB
BAAC	BAAC
BAAD	BAAD
BAAE	BAAE
BAAF	BAAF
BAB0	BAB0
BAB1	BAB1
BAB2	BAB2
BAB3	BAB3
BAB4	BAB4
BAB5	BAB5
BAB6	BAB6
BAB7	BAB7
BAB8	BAB8
BAB9	BAB9
BABA	BABA
BABB	BABB
BABC	BABC
BABD	BABD
BABE	BABE
BABF	BABF
BAC0	BAC0
BAC1	BAC1
BAC2	BAC2
BAC3	BAC3
BAC4	BAC4
BAC5	BAC5
BAC6	BAC6
BAC7	BAC7
BAC8	BAC8
BAC9	BAC9
BACA	BACA
BACB	BACB
BACC	BACC
BACD	BACD
BACE	BACE
BACF	BACF
BAD0	BAD0
BAD1	BAD1
BAD2	BAD2
BAD3	BAD3
BAD4	BAD4
BAD5	BAD5
BAD6	BAD6
BAD7	BAD7
BAD8	BAD8
BAD9	BAD9
BADA	BADA
BADB	BADB
BADC	BADC
BADD	BADD
BADE	BADE
BADF	BADF
BAE0	BAE0
BAE1	BAE1
BAE2	BAE2
BAE3	BAE3
BAE4	BAE4
BAE5	BAE5
BAE6	BAE6
BAE7	BAE7
BAE8	BAE8
BAE9	BAE9
BAEA	BAEA
BAEB	BAEB
BAEC	BAEC
BAED	BAED
BAEE	BAEE
BAEF	BAEF
BAF0	BAF0
BAF1	BAF1
BAF2	BAF2
BAF3	BAF3
BAF4	BAF4
BAF5	BAF5
BAF6	BAF6
BAF7	BAF7
BAF8	BAF8
BAF9	BAF9
BAFA	BAFA
BAFB	BAFB
BAFC	BAFC
BAFD	BAFD
BAFE	BAFE
BAFF	BAFF
BB00	BB00
BB01	BB01
BB02	BB02
BB03	BB03
BB04	BB04
BB05	BB05
BB06	BB06
BB07	BB07
BB08	BB08
BB09	BB09
BB0A	BB0A
BB0B	BB0B
BB0C	BB0C
BB0D	BB0D
BB0E	BB0E
BB0F	BB0F
BB10	BB10
BB11	BB11
BB12	BB12
BB13	BB13
BB14	BB14
BB15	BB15
BB16	BB16
BB17	BB17
BB18	BB18
BB19	BB19
BB1A	BB1A
BB1B	BB1B
BB1C	BB1C
BB1D	BB1D
BB1E	BB1E
BB1F	BB1F
BB20	BB20
BB21	BB21
BB22	BB22
BB23	BB23
BB24	BB24
BB25	BB25
BB26	BB26
BB27	BB27
BB28	BB28
BB29	BB29
BB2A	BB2A
BB2B	BB2B
BB2C	BB2C
BB2D	BB2D
BB2E	BB2E
BB2F	BB2F
BB30	BB30
BB31	BB31
BB32	BB32
BB33	BB33
BB34	BB34
BB35	BB35
BB36	BB36
BB37	BB37
BB38	BB38
BB39	BB39
BB3A	BB3A
BB3B	BB3B
BB3C	BB3C
BB3D	BB3D
BB3E	BB3E
BB3F	BB3F
BB40	BB40
BB41	BB41
BB42	BB42
BB43	BB43
BB44	BB44
BB45	BB45
BB46	BB46
BB47	BB47
BB48	BB48
BB49	BB49
BB4A	BB4A
BB4B	BB4B
BB4C	BB4C
BB4D	BB4D
BB4E	BB4E
BB4F	BB4F
BB50	BB50
BB51	BB51
BB52	BB52
BB53	BB53
BB54	BB54
BB55	BB55
BB56	BB56
BB57	BB57
BB58	BB58
BB59	BB59
BB5A	BB5A
BB5B	BB5B
BB5C	BB5C
BB5D	BB5D
BB5E	BB5E
BB5F	BB5F
BB60	BB60
BB61	BB61
BB62	BB62
BB63	BB63
BB64	BB64
BB65	BB65
BB66	BB66
BB67	BB67
BB68	BB68
BB69	BB69
BB6A	BB6A
BB6B	BB6B
BB6C	BB6C
BB6D	BB6D
BB6E	BB6E
BB6F	BB6F
BB70	BB70
BB71	BB71
BB72	BB72
BB73	BB73
BB74	BB74
BB75	BB75
BB76	BB76
BB77	BB77
BB78	BB78
BB79	BB79
BB7A	BB7A
BB7B	BB7B
BB7C	BB7C
BB7D	BB7D
BB7E	BB7E
BB7F	BB7F
BB80	BB80
BB81	BB81
BB82	BB82
BB83	BB83
BB84	BB84
BB85	BB85
BB86	BB86
BB87	BB87
BB88	BB88
BB89	BB89
BB8A	BB8A
BB8B	BB8B
BB8C	BB8C
BB8D	BB8D
BB8E	BB8E
BB8F	BB8F
BB90	BB90
BB91	BB91
BB92	BB92
BB93	BB93
BB94	BB94
BB95	BB95
BB96	BB96
BB97	BB97
BB98	BB98
BB99	BB99
BB9A	BB9A
BB9B	BB9B
BB9C	BB9C
BB9D	BB9D
BB9E	BB9E
BB9F	BB9F
BBA0	BBA0
BBA1	BBA1
BBA2	BBA2
BBA3	BBA3
BBA4	BBA4
BBA5	BBA5
BBA6	BBA6
BBA7	BBA7
BBA8	BBA8
BBA9	BBA9
BBAA	BBAA
BBAB	BBAB
BBAC	BBAC
BBAD	BBAD
BBAE	BBAE
BBAF	BBAF
BBB0	BBB0
BBB1	BBB1
BBB2	BBB2
BBB3	BBB3
BBB4	BBB4
BBB5	BBB5
BBB6	BBB6
BBB7	BBB7
BBB8	BBB8
BBB9	BBB9
BBBA	BBBA
BBBB	BBBB
BBBC	BBBC
BBBD	BBBD
BBBE	BBBE
BBBF	BBBF
BBC0	BBC0
BBC1	BBC1
BBC2	BBC2
BBC3	BBC3
BBC4	BBC4
BBC5	BBC5
BBC6	BBC6
BBC7	BBC7
BBC8	BBC8
BBC9	BBC9
BBCA	BBCA
BBCB	BBCB
BBCC	BBCC
BBCD	BBCD
BBCE	BBCE
BBCF	BBCF
BBD0	BBD0
BBD1	BBD1
BBD2	BBD2
BBD3	BBD3
BBD4	BBD4
BBD5	BBD5
BBD6	BBD6
BBD7	BBD7
BBD8	BBD8
BBD9	BBD9
BBDA	BBDA
BBDB	BBDB
BBDC	BBDC
BBDD	BBDD
BBDE	BBDE
BBDF	BBDF
BBE0	BBE0
BBE1	BBE1
BBE2	BBE2
BBE3	BBE3
BBE4	BBE4
BBE5	BBE5
BBE6	BBE6
BBE7	BBE7
BBE8	BBE8
BBE9	BBE9
BBEA	BBEA
BBEB	BBEB
BBEC	BBEC
BBED	BBED
BBEE	BBEE
BBEF	BBEF
BBF0	BBF0
BBF1	BBF1
BBF2	BBF2
BBF3	BBF3
BBF4	BBF4
BBF5	BBF5
BBF6	BBF6
BBF7	BBF7
BBF8	BBF8
BBF9	BBF9
BBFA	BBFA
BBFB	BBFB
BBFC	BBFC
BBFD	BBFD
BBFE	BBFE
BBFF	BBFF
BC00	BC00
BC01	BC01
BC02	BC02
BC03	BC03
BC04	BC04
BC05	BC05
BC06	BC06
BC07	BC07
BC08	BC08
BC09	BC09
BC0A	BC0A
BC0B	BC0B
BC0C	BC0C
BC0D	BC0D
BC0E	BC0E
BC0F	BC0F
BC10	BC10
BC11	BC11
BC12	BC12
BC13	BC13
BC14	BC14
BC15	BC15
BC16	BC16
BC17	BC17
BC18	BC18
BC19	BC19
BC1A	BC1A
BC1B	BC1B
BC1C	BC1C
BC1D	BC1D
BC1E	BC1E
BC1F	BC1F
BC20	BC20
BC21	BC21
BC22	BC22
BC23	BC23
BC24	BC24
BC25	BC25
BC26	BC26
BC27	BC27
BC28	BC28
BC29	BC29
BC2A	BC2A
BC2B	BC2B
BC2C	BC2C
BC2D	BC2D
BC2E	BC2E
BC2F	BC2F
BC30	BC30
BC31	BC31
BC32	BC32
BC33	BC33
BC34	BC34
BC35	BC35
BC36	BC36
BC37	BC37
BC38	BC38
BC39	BC39
BC3A	BC3A
BC3B	BC3B
BC3C	BC3C
BC3D	BC3D
BC3E	BC3E
BC3F	BC3F
BC40	BC40
BC41	BC41
BC42	BC42
BC43	BC43
BC44	BC44
BC45	BC45
BC46	BC46
BC47	BC47
BC48	BC48
BC49	BC49
BC4A	BC4A
BC4B	BC4B
BC4C	BC4C
BC4D	BC4D
BC4E	BC4E
BC4F	BC4F
BC50	BC50
BC51	BC51
BC52	BC52
BC53	BC53
BC54	BC54
BC55	BC55
BC56	BC56
BC57	BC57
BC58	BC58
BC59	BC59
BC5A	BC5A
BC5B	BC5B
BC5C	BC5C
BC5D	BC5D
BC5E	BC5E
BC5F	BC5F
BC60	BC60
BC61	BC61
BC62	BC62
BC63	BC63
BC64	BC64
BC65	BC65
BC66	BC66
BC67	BC67
BC68	BC68
BC69	BC69
BC6A	BC6A
BC6B	BC6B
BC6C	BC6C
BC6D	BC6D
BC6E	BC6E
BC6F	BC6F
BC70	BC70
BC71	BC71
BC72	BC72
BC73	BC73
BC74	BC74
BC75	BC75
BC76	BC76
BC77	BC77
BC78	BC78
BC79	BC79
BC7A	BC7A
BC7B	BC7B
BC7C	BC7C
BC7D	BC7D
BC7E	BC7E
BC7F	BC7F
BC80	BC80
BC81	BC81
BC82	BC82
BC83	BC83
BC84	BC84
BC85	BC85
BC86	BC86
BC87	BC87
BC88	BC88
BC89	BC89
BC8A	BC8A
BC8B	BC8B
BC8C	BC8C
BC8D	BC8D
BC8E	BC8E
BC8F	BC8F
BC90	BC90
BC91	BC91
BC92	BC92
BC93	BC93
BC94	BC94
BC95	BC95
BC96	BC96
BC97	BC97
BC98	BC98
BC99	BC99
BC9A	BC9A
BC9B	BC9B
BC9C	BC9C
BC9D	BC9D
BC9E	BC9E
BC9F	BC9F
BCA0	BCA0
BCA1	BCA1
BCA2	BCA2
BCA3	BCA3
BCA4	BCA4
BCA5	BCA5
BCA6	BCA6
BCA7	BCA7
BCA8	BCA8
BCA9	BCA9
BCAA	BCAA
BCAB	BCAB
BCAC	BCAC
BCAD	BCAD
BCAE	BCAE
BCAF	BCAF
BCB0	BCB0
BCB1	BCB1
BCB2	BCB2
BCB3	BCB3
BCB4	BCB4
BCB5	BCB5
BCB6	BCB6
BCB7	BCB7
BCB8	BCB8
BCB9	BCB9
BCBA	BCBA
BCBB	BCBB
BCBC	BCBC
BCBD	BCBD
BCBE	BCBE
BCBF	BCBF
BCC0	BCC0
BCC1	BCC1
BCC2	BCC2
BCC3	BCC3
BCC4	BCC4
BCC5	BCC5
BCC6	BCC6
BCC7	BCC7
BCC8	BCC8
BCC9	BCC9
BCCA	BCCA
BCCB	BCCB
BCCC	BCCC
BCCD	BCCD
BCCE	BCCE
BCCF	BCCF
BCD0	BCD0
BCD1	BCD1
BCD2	BCD2
BCD3	BCD3
BCD4	BCD4
BCD5	BCD5
BCD6	BCD6
BCD7	BCD7
BCD8	BCD8
BCD9	BCD9
BCDA	BCDA
BCDB	BCDB
BCDC	BCDC
BCDD	BCDD
BCDE	BCDE
BCDF	BCDF
BCE0	BCE0
BCE1	BCE1
BCE2	BCE2
BCE3	BCE3
BCE4	BCE4
BCE5	BCE5
BCE6	BCE6
BCE7	BCE7
BCE8	BCE8
BCE9	BCE9
BCEA	BCEA
BCEB	BCEB
BCEC	BCEC
BCED	BCED
BCEE	BCEE
BCEF	BCEF
BCF0	BCF0
BCF1	BCF1
BCF2	BCF2
BCF3	BCF3
BCF4	BCF4
BCF5	BCF5
BCF6	BCF6
BCF7	BCF7
BCF8	BCF8
BCF9	BCF9
BCFA	BCFA
BCFB	BCFB
BCFC	BCFC
BCFD	BCFD
BCFE	BCFE
BCFF	BCFF
BD00	BD00
BD01	BD01
BD02	BD02
BD03	BD03
BD04	BD04
BD05	BD05
BD06	BD06
BD07	BD07
BD08	BD08
BD09	BD09
BD0A	BD0A
BD0B	BD0B
BD0C	BD0C
BD0D	BD0D
BD0E	BD0E
BD0F	BD0F
BD10	BD10
BD11	BD11
BD12	BD12
BD13	BD13
BD14	BD14
BD15	BD15
BD16	BD16
BD17	BD17
BD18	BD18
BD19	BD19
BD1A	BD1A
BD1B	BD1B
BD1C	BD1C
BD1D	BD1D
BD1E	BD1E
BD1F	BD1F
BD20	BD20
BD21	BD21
BD22	BD22
BD23	BD23
BD24	BD24
BD25	BD25
BD26	BD26
BD27	BD27
BD28	BD28
BD29	BD29
BD2A	BD2A
BD2B	BD2B
BD2C	BD2C
BD2D	BD2D
BD2E	BD2E
BD2F	BD2F
BD30	BD30
BD31	BD31
BD32	BD32
BD33	BD33
BD34	BD34
BD35	BD35
BD36	BD36
BD37	BD37
BD38	BD38
BD39	BD39
BD3A	BD3A
BD3B	BD3B
BD3C	BD3C
BD3D	BD3D
BD3E	BD3E
BD3F	BD3F
BD40	BD40
BD41	BD41
BD42	BD42
BD43	BD43
BD44	BD44
BD45	BD45
BD46	BD46
BD47	BD47
BD48	BD48
BD49	BD49
BD4A	BD4A
BD4B	BD4B
BD4C	BD4C
BD4D	BD4D
BD4E	BD4E
BD4F	BD4F
BD50	BD50
BD51	BD51
BD52	BD52
BD53	BD53
BD54	BD54
BD55	BD55
BD56	BD56
BD57	BD57
BD58	BD58
BD59	BD59
BD5A	BD5A
BD5B	BD5B
BD5C	BD5C
BD5D	BD5D
BD5E	BD5E
BD5F	BD5F
BD60	BD60
BD61	BD61
BD62	BD62
BD63	BD63
BD64	BD64
BD65	BD65
BD66	BD66
BD67	BD67
BD68	BD68
BD69	BD69
BD6A	BD6A
BD6B	BD6B
BD6C	BD6C
BD6D	BD6D
BD6E	BD6E
BD6F	BD6F
BD70	BD70
BD71	BD71
BD72	BD72
BD73	BD73
BD74	BD74
BD75	BD75
BD76	BD76
BD77	BD77
BD78	BD78
BD79	BD79
BD7A	BD7A
BD7B	BD7B
BD7C	BD7C
BD7D	BD7D
BD7E	BD7E
BD7F	BD7F
BD80	BD80
BD81	BD81
BD82	BD82
BD83	BD83
BD84	BD84
BD85	BD85
BD86	BD86
BD87	BD87
BD88	BD88
BD89	BD89
BD8A	BD8A
BD8B	BD8B
BD8C	BD8C
BD8D	BD8D
BD8E	BD8E
BD8F	BD8F
BD90	BD90
BD91	BD91
BD92	BD92
BD93	BD93
BD94	BD94
BD95	BD95
BD96	BD96
BD97	BD97
BD98	BD98
BD99	BD99
BD9A	BD9A
BD9B	BD9B
BD9C	BD9C
BD9D	BD9D
BD9E	BD9E
BD9F	BD9F
BDA0	BDA0
BDA1	BDA1
BDA2	BDA2
BDA3	BDA3
BDA4	BDA4
BDA5	BDA5
BDA6	BDA6
BDA7	BDA7
BDA8	BDA8
BDA9	BDA9
BDAA	BDAA
BDAB	BDAB
BDAC	BDAC
BDAD	BDAD
BDAE	BDAE
BDAF	BDAF
BDB0	BDB0
BDB1	BDB1
BDB2	BDB2
BDB3	BDB3
BDB4	BDB4
BDB5	BDB5
BDB6	BDB6
BDB7	BDB7
BDB8	BDB8
BDB9	BDB9
BDBA	BDBA
BDBB	BDBB
BDBC	BDBC
BDBD	BDBD
BDBE	BDBE
BDBF	BDBF
BDC0	BDC0
BDC1	BDC1
BDC2	BDC2
BDC3	BDC3
BDC4	BDC4
BDC5	BDC5
BDC6	BDC6
BDC7	BDC7
BDC8	BDC8
BDC9	BDC9
BDCA	BDCA
BDCB	BDCB
BDCC	BDCC
BDCD	BDCD
BDCE	BDCE
BDCF	BDCF
BDD0	BDD0
BDD1	BDD1
BDD2	BDD2
BDD3	BDD3
BDD4	BDD4
BDD5	BDD5
BDD6	BDD6
BDD7	BDD7
BDD8	BDD8
BDD9	BDD9
BDDA	BDDA
BDDB	BDDB
BDDC	BDDC
BDDD	BDDD
BDDE	BDDE
BDDF	BDDF
BDE0	BDE0
BDE1	BDE1
BDE2	BDE2
BDE3	BDE3
BDE4	BDE4
BDE5	BDE5
BDE6	BDE6
BDE7	BDE7
BDE8	BDE8
BDE9	BDE9
BDEA	BDEA
BDEB	BDEB
BDEC	BDEC
BDED	BDED
BDEE	BDEE
BDEF	BDEF
BDF0	BDF0
BDF1	BDF1
BDF2	BDF2
BDF3	BDF3
BDF4	BDF4
BDF5	BDF5
BDF6	BDF6
BDF7	BDF7
BDF8	BDF8
BDF9	BDF9
BDFA	BDFA
BDFB	BDFB
BDFC	BDFC
BDFD	BDFD
BDFE	BDFE
BDFF	BDFF
BE00	BE00
BE01	BE01
BE02	BE02
BE03	BE03
BE04	BE04
BE05	BE05
BE06	BE06
BE07	BE07
BE08	BE08
BE09	BE09
BE0A	BE0A
BE0B	BE0B
BE0C	BE0C
BE0D	BE0D
BE0E	BE0E
BE0F	BE0F
BE10	BE10
BE11	BE11
BE12	BE12
BE13	BE13
BE14	BE14
BE15	BE15
BE16	BE16
BE17	BE17
BE18	BE18
BE19	BE19
BE1A	BE1A
BE1B	BE1B
BE1C	BE1C
BE1D	BE1D
BE1E	BE1E
BE1F	BE1F
BE20	BE20
BE21	BE21
BE22	BE22
BE23	BE23
BE24	BE24
BE25	BE25
BE26	BE26
BE27	BE27
BE28	BE28
BE29	BE29
BE2A	BE2A
BE2B	BE2B
BE2C	BE2C
BE2D	BE2D
BE2E	BE2E
BE2F	BE2F
BE30	BE30
BE31	BE31
BE32	BE32
BE33	BE33
BE34	BE34
BE35	BE35
BE36	BE36
BE37	BE37
BE38	BE38
BE39	BE39
BE3A	BE3A
BE3B	BE3B
BE3C	BE3C
BE3D	BE3D
BE3E	BE3E
BE3F	BE3F
BE40	BE40
BE41	BE41
BE42	BE42
BE43	BE43
BE44	BE44
BE45	BE45
BE46	BE46
BE47	BE47
BE48	BE48
BE49	BE49
BE4A	BE4A
BE4B	BE4B
BE4C	BE4C
BE4D	BE4D
BE4E	BE4E
BE4F	BE4F
BE50	BE50
BE51	BE51
BE52	BE52
BE53	BE53
BE54	BE54
BE55	BE55
BE56	BE56
BE57	BE57
BE58	BE58
BE59	BE59
BE5A	BE5A
BE5B	BE5B
BE5C	BE5C
BE5D	BE5D
BE5E	BE5E
BE5F	BE5F
BE60	BE60
BE61	BE61
BE62	BE62
BE63	BE63
BE64	BE64
BE65	BE65
BE66	BE66
BE67	BE67
BE68	BE68
BE69	BE69
BE6A	BE6A
BE6B	BE6B
BE6C	BE6C
BE6D	BE6D
BE6E	BE6E
BE6F	BE6F
BE70	BE70
BE71	BE71
BE72	BE72
BE73	BE73
BE74	BE74
BE75	BE75
BE76	BE76
BE77	BE77
BE78	BE78
BE79	BE79
BE7A	BE7A
BE7B	BE7B
BE7C	BE7C
BE7D	BE7D
BE7E	BE7E
BE7F	BE7F
BE80	BE80
BE81	BE81
BE82	BE82
BE83	BE83
BE84	BE84
BE85	BE85
BE86	BE86
BE87	BE87
BE88	BE88
BE89	BE89
BE8A	BE8A
BE8B	BE8B
BE8C	BE8C
BE8D	BE8D
BE8E	BE8E
BE8F	BE8F
BE90	BE90
BE91	BE91
BE92	BE92
BE93	BE93
BE94	BE94
BE95	BE95
BE96	BE96
BE97	BE97
BE98	BE98
BE99	BE99
BE9A	BE9A
BE9B	BE9B
BE9C	BE9C
BE9D	BE9D
BE9E	BE9E
BE9F	BE9F
BEA0	BEA0
BEA1	BEA1
BEA2	BEA2
BEA3	BEA3
BEA4	BEA4
BEA5	BEA5
BEA6	BEA6
BEA7	BEA7
BEA8	BEA8
BEA9	BEA9
BEAA	BEAA
BEAB	BEAB
BEAC	BEAC
BEAD	BEAD
BEAE	BEAE
BEAF	BEAF
BEB0	BEB0
BEB1	BEB1
BEB2	BEB2
BEB3	BEB3
BEB4	BEB4
BEB5	BEB5
BEB6	BEB6
BEB7	BEB7
BEB8	BEB8
BEB9	BEB9
BEBA	BEBA
BEBB	BEBB
BEBC	BEBC
BEBD	BEBD
BEBE	BEBE
BEBF	BEBF
BEC0	BEC0
BEC1	BEC1
BEC2	BEC2
BEC3	BEC3
BEC4	BEC4
BEC5	BEC5
BEC6	BEC6
BEC7	BEC7
BEC8	BEC8
BEC9	BEC9
BECA	BECA
BECB	BECB
BECC	BECC
BECD	BECD
BECE	BECE
BECF	BECF
BED0	BED0
BED1	BED1
BED2	BED2
BED3	BED3
BED4	BED4
BED5	BED5
BED6	BED6
BED7	BED7
BED8	BED8
BED9	BED9
BEDA	BEDA
BEDB	BEDB
BEDC	BEDC
BEDD	BEDD
BEDE	BEDE
BEDF	BEDF
BEE0	BEE0
BEE1	BEE1
BEE2	BEE2
BEE3	BEE3
BEE4	BEE4
BEE5	BEE5
BEE6	BEE6
BEE7	BEE7
BEE8	BEE8
BEE9	BEE9
BEEA	BEEA
BEEB	BEEB
BEEC	BEEC
BEED	BEED
BEEE	BEEE
BEEF	BEEF
BEF0	BEF0
BEF1	BEF1
BEF2	BEF2
BEF3	BEF3
BEF4	BEF4
BEF5	BEF5
BEF6	BEF6
BEF7	BEF7
BEF8	BEF8
BEF9	BEF9
BEFA	BEFA
BEFB	BEFB
BEFC	BEFC
BEFD	BEFD
BEFE	BEFE
BEFF	BEFF
BF00	BF00
BF01	BF01
BF02	BF02
BF03	BF03
BF04	BF04
BF05	BF05
BF06	BF06
BF07	BF07
BF08	BF08
BF09	BF09
BF0A	BF0A
BF0B	BF0B
BF0C	BF0C
BF0D	BF0D
BF0E	BF0E
BF0F	BF0F
BF10	BF10
BF11	BF11
BF12	BF12
BF13	BF13
BF14	BF14
BF15	BF15
BF16	BF16
BF17	BF17
BF18	BF18
BF19	BF19
BF1A	BF1A
BF1B	BF1B
BF1C	BF1C
BF1D	BF1D
BF1E	BF1E
BF1F	BF1F
BF20	BF20
BF21	BF21
BF22	BF22
BF23	BF23
BF24	BF24
BF25	BF25
BF26	BF26
BF27	BF27
BF28	BF28
BF29	BF29
BF2A	BF2A
BF2B	BF2B
BF2C	BF2C
BF2D	BF2D
BF2E	BF2E
BF2F	BF2F
BF30	BF30
BF31	BF31
BF32	BF32
BF33	BF33
BF34	BF34
BF35	BF35
BF36	BF36
BF37	BF37
BF38	BF38
BF39	BF39
BF3A	BF3A
BF3B	BF3B
BF3C	BF3C
BF3D	BF3D
BF3E	BF3E
BF3F	BF3F
BF40	BF40
BF41	BF41
BF42	BF42
BF43	BF43
BF44	BF44
BF45	BF45
BF46	BF46
BF47	BF47
BF48	BF48
BF49	BF49
BF4A	BF4A
BF4B	BF4B
BF4C	BF4C
BF4D	BF4D
BF4E	BF4E
BF4F	BF4F
BF50	BF50
BF51	BF51
BF52	BF52
BF53	BF53
BF54	BF54
BF55	BF55
BF56	BF56
BF57	BF57
BF58	BF58
BF59	BF59
BF5A	BF5A
BF5B	BF5B
BF5C	BF5C
BF5D	BF5D
BF5E	BF5E
BF5F	BF5F
BF60	BF60
BF61	BF61
BF62	BF62
BF63	BF63
BF64	BF64
BF65	BF65
BF66	BF66
BF67	BF67
BF68	BF68
BF69	BF69
BF6A	BF6A
BF6B	BF6B
BF6C	BF6C
BF6D	BF6D
BF6E	BF6E
BF6F	BF6F
BF70	BF70
BF71	BF71
BF72	BF72
BF73	BF73
BF74	BF74
BF75	BF75
BF76	BF76
BF77	BF77
BF78	BF78
BF79	BF79
BF7A	BF7A
BF7B	BF7B
BF7C	BF7C
BF7D	BF7D
BF7E	BF7E
BF7F	BF7F
BF80	BF80
BF81	BF81
BF82	BF82
BF83	BF83
BF84	BF84
BF85	BF85
BF86	BF86
BF87	BF87
BF88	BF88
BF89	BF89
BF8A	BF8A
BF8B	BF8B
BF8C	BF8C
BF8D	BF8D
BF8E	BF8E
BF8F	BF8F
BF90	BF90
BF91	BF91
BF92	BF92
BF93	BF93
BF94	BF94
BF95	BF95
BF96	BF96
BF97	BF97
BF98	BF98
BF99	BF99
BF9A	BF9A
BF9B	BF9B
BF9C	BF9C
BF9D	BF9D
BF9E	BF9E
BF9F	BF9F
BFA0	BFA0
BFA1	BFA1
BFA2	BFA2
BFA3	BFA3
BFA4	BFA4
BFA5	BFA5
BFA6	BFA6
BFA7	BFA7
BFA8	BFA8
BFA9	BFA9
BFAA	BFAA
BFAB	BFAB
BFAC	BFAC
BFAD	BFAD
BFAE	BFAE
BFAF	BFAF
BFB0	BFB0
BFB1	BFB1
BFB2	BFB2
BFB3	BFB3
BFB4	BFB4
BFB5	BFB5
BFB6	BFB6
BFB7	BFB7
BFB8	BFB8
BFB9	BFB9
BFBA	BFBA
BFBB	BFBB
BFBC	BFBC
BFBD	BFBD
BFBE	BFBE
BFBF	BFBF
BFC0	BFC0
BFC1	BFC1
BFC2	BFC2
BFC3	BFC3
BFC4	BFC4
BFC5	BFC5
BFC6	BFC6
BFC7	BFC7
BFC8	BFC8
BFC9	BFC9
BFCA	BFCA
BFCB	BFCB
BFCC	BFCC
BFCD	BFCD
BFCE	BFCE
BFCF	BFCF
BFD0	BFD0
BFD1	BFD1
BFD2	BFD2
BFD3	BFD3
BFD4	BFD4
BFD5	BFD5
BFD6	BFD6
BFD7	BFD7
BFD8	BFD8
BFD9	BFD9
BFDA	BFDA
BFDB	BFDB
BFDC	BFDC
BFDD	BFDD
BFDE	BFDE
BFDF	BFDF
BFE0	BFE0
BFE1	BFE1
BFE2	BFE2
BFE3	BFE3
BFE4	BFE4
BFE5	BFE5
BFE6	BFE6
BFE7	BFE7
BFE8	BFE8
BFE9	BFE9
BFEA	BFEA
BFEB	BFEB
BFEC	BFEC
BFED	BFED
BFEE	BFEE
BFEF	BFEF
BFF0	BFF0
BFF1	BFF1
BFF2	BFF2
BFF3	BFF3
BFF4	BFF4
BFF5	BFF5
BFF6	BFF6
BFF7	BFF7
BFF8	BFF8
BFF9	BFF9
BFFA	BFFA
BFFB	BFFB
BFFC	BFFC
BFFD	BFFD
BFFE	BFFE
BFFF	BFFF
C000	C000
C001	C001
C002	C002
C003	C003
C004	C004
C005	C005
C006	C006
C007	C007
C008	C008
C009	C009
C00A	C00A
C00B	C00B
C00C	C00C
C00D	C00D
C00E	C00E
C00F	C00F
C010	C010
C011	C011
C012	C012
C013	C013
C014	C014
C015	C015
C016	C016
C017	C017
C018	C018
C019	C019
C01A	C01A
C01B	C01B
C01C	C01C
C01D	C01D
C01E	C01E
C01F	C01F
C020	C020
C021	C021
C022	C022
C023	C023
C024	C024
C025	C025
C026	C026
C027	C027
C028	C028
C029	C029
C02A	C02A
C02B	C02B
C02C	C02C
C02D	C02D
C02E	C02E
C02F	C02F
C030	C030
C031	C031
C032	C032
C033	C033
C034	C034
C035	C035
C036	C036
C037	C037
C038	C038
C039	C039
C03A	C03A
C03B	C03B
C03C	C03C
C03D	C03D
C03E	C03E
C03F	C03F
C040	C040
C041	C041
C042	C042
C043	C043
C044	C044
C045	C045
C046	C046
C047	C047
C048	C048
C049	C049
C04A	C04A
C04B	C04B
C04C	C04C
C04D	C04D
C04E	C04E
C04F	C04F
C050	C050
C051	C051
C052	C052
C053	C053
C054	C054
C055	C055
C056	C056
C057	C057
C058	C058
C059	C059
C05A	C05A
C05B	C05B
C05C	C05C
C05D	C05D
C05E	C05E
C05F	C05F
C060	C060
C061	C061
C062	C062
C063	C063
C064	C064
C065	C065
C066	C066
C067	C067
C068	C068
C069	C069
C06A	C06A
C06B	C06B
C06C	C06C
C06D	C06D
C06E	C06E
C06F	C06F
C070	C070
C071	C071
C072	C072
C073	C073
C074	C074
C075	C075
C076	C076
C077	C077
C078	C078
C079	C079
C07A	C07A
C07B	C07B
C07C	C07C
C07D	C07D
C07E	C07E
C07F	C07F
C080	C080
C081	C081
C082	C082
C083	C083
C084	C084
C085	C085
C086	C086
C087	C087
C088	C088
C089	C089
C08A	C08A
C08B	C08B
C08C	C08C
C08D	C08D
C08E	C08E
C08F	C08F
C090	C090
C091	C091
C092	C092
C093	C093
C094	C094
C095	C095
C096	C096
C097	C097
C098	C098
C099	C099
C09A	C09A
C09B	C09B
C09C	C09C
C09D	C09D
C09E	C09E
C09F	C09F
C0A0	C0A0
C0A1	C0A1
C0A2	C0A2
C0A3	C0A3
C0A4	C0A4
C0A5	C0A5
C0A6	C0A6
C0A7	C0A7
C0A8	C0A8
C0A9	C0A9
C0AA	C0AA
C0AB	C0AB
C0AC	C0AC
C0AD	C0AD
C0AE	C0AE
C0AF	C0AF
C0B0	C0B0
C0B1	C0B1
C0B2	C0B2
C0B3	C0B3
C0B4	C0B4
C0B5	C0B5
C0B6	C0B6
C0B7	C0B7
C0B8	C0B8
C0B9	C0B9
C0BA	C0BA
C0BB	C0BB
C0BC	C0BC
C0BD	C0BD
C0BE	C0BE
C0BF	C0BF
C0C0	C0C0
C0C1	C0C1
C0C2	C0C2
C0C3	C0C3
C0C4	C0C4
C0C5	C0C5
C0C6	C0C6
C0C7	C0C7
C0C8	C0C8
C0C9	C0C9
C0CA	C0CA
C0CB	C0CB
C0CC	C0CC
C0CD	C0CD
C0CE	C0CE
C0CF	C0CF
C0D0	C0D0
C0D1	C0D1
C0D2	C0D2
C0D3	C0D3
C0D4	C0D4
C0D5	C0D5
C0D6	C0D6
C0D7	C0D7
C0D8	C0D8
C0D9	C0D9
C0DA	C0DA
C0DB	C0DB
C0DC	C0DC
C0DD	C0DD
C0DE	C0DE
C0DF	C0DF
C0E0	C0E0
C0E1	C0E1
C0E2	C0E2
C0E3	C0E3
C0E4	C0E4
C0E5	C0E5
C0E6	C0E6
C0E7	C0E7
C0E8	C0E8
C0E9	C0E9
C0EA	C0EA
C0EB	C0EB
C0EC	C0EC
C0ED	C0ED
C0EE	C0EE
C0EF	C0EF
C0F0	C0F0
C0F1	C0F1
C0F2	C0F2
C0F3	C0F3
C0F4	C0F4
C0F5	C0F5
C0F6	C0F6
C0F7	C0F7
C0F8	C0F8
C0F9	C0F9
C0FA	C0FA
C0FB	C0FB
C0FC	C0FC
C0FD	C0FD
C0FE	C0FE
C0FF	C0FF
C100	C100
C101	C101
C102	C102
C103	C103
C104	C104
C105	C105
C106	C106
C107	C107
C108	C108
C109	C109
C10A	C10A
C10B	C10B
C10C	C10C
C10D	C10D
C10E	C10E
C10F	C10F
C110	C110
C111	C111
C112	C112
C113	C113
C114	C114
C115	C115
C116	C116
C117	C117
C118	C118
C119	C119
C11A	C11A
C11B	C11B
C11C	C11C
C11D	C11D
C11E	C11E
C11F	C11F
C120	C120
C121	C121
C122	C122
C123	C123
C124	C124
C125	C125
C126	C126
C127	C127
C128	C128
C129	C129
C12A	C12A
C12B	C12B
C12C	C12C
C12D	C12D
C12E	C12E
C12F	C12F
C130	C130
C131	C131
C132	C132
C133	C133
C134	C134
C135	C135
C136	C136
C137	C137
C138	C138
C139	C139
C13A	C13A
C13B	C13B
C13C	C13C
C13D	C13D
C13E	C13E
C13F	C13F
C140	C140
C141	C141
C142	C142
C143	C143
C144	C144
C145	C145
C146	C146
C147	C147
C148	C148
C149	C149
C14A	C14A
C14B	C14B
C14C	C14C
C14D	C14D
C14E	C14E
C14F	C14F
C150	C150
C151	C151
C152	C152
C153	C153
C154	C154
C155	C155
C156	C156
C157	C157
C158	C158
C159	C159
C15A	C15A
C15B	C15B
C15C	C15C
C15D	C15D
C15E	C15E
C15F	C15F
C160	C160
C161	C161
C162	C162
C163	C163
C164	C164
C165	C165
C166	C166
C167	C167
C168	C168
C169	C169
C16A	C16A
C16B	C16B
C16C	C16C
C16D	C16D
C16E	C16E
C16F	C16F
C170	C170
C171	C171
C172	C172
C173	C173
C174	C174
C175	C175
C176	C176
C177	C177
C178	C178
C179	C179
C17A	C17A
C17B	C17B
C17C	C17C
C17D	C17D
C17E	C17E
C17F	C17F
C180	C180
C181	C181
C182	C182
C183	C183
C184	C184
C185	C185
C186	C186
C187	C187
C188	C188
C189	C189
C18A	C18A
C18B	C18B
C18C	C18C
C18D	C18D
C18E	C18E
C18F	C18F
C190	C190
C191	C191
C192	C192
C193	C193
C194	C194
C195	C195
C196	C196
C197	C197
C198	C198
C199	C199
C19A	C19A
C19B	C19B
C19C	C19C
C19D	C19D
C19E	C19E
C19F	C19F
C1A0	C1A0
C1A1	C1A1
C1A2	C1A2
C1A3	C1A3
C1A4	C1A4
C1A5	C1A5
C1A6	C1A6
C1A7	C1A7
C1A8	C1A8
C1A9	C1A9
C1AA	C1AA
C1AB	C1AB
C1AC	C1AC
C1AD	C1AD
C1AE	C1AE
C1AF	C1AF
C1B0	C1B0
C1B1	C1B1
C1B2	C1B2
C1B3	C1B3
C1B4	C1B4
C1B5	C1B5
C1B6	C1B6
C1B7	C1B7
C1B8	C1B8
C1B9	C1B9
C1BA	C1BA
C1BB	C1BB
C1BC	C1BC
C1BD	C1BD
C1BE	C1BE
C1BF	C1BF
C1C0	C1C0
C1C1	C1C1
C1C2	C1C2
C1C3	C1C3
C1C4	C1C4
C1C5	C1C5
C1C6	C1C6
C1C7	C1C7
C1C8	C1C8
C1C9	C1C9
C1CA	C1CA
C1CB	C1CB
C1CC	C1CC
C1CD	C1CD
C1CE	C1CE
C1CF	C1CF
C1D0	C1D0
C1D1	C1D1
C1D2	C1D2
C1D3	C1D3
C1D4	C1D4
C1D5	C1D5
C1D6	C1D6
C1D7	C1D7
C1D8	C1D8
C1D9	C1D9
C1DA	C1DA
C1DB	C1DB
C1DC	C1DC
C1DD	C1DD
C1DE	C1DE
C1DF	C1DF
C1E0	C1E0
C1E1	C1E1
C1E2	C1E2
C1E3	C1E3
C1E4	C1E4
C1E5	C1E5
C1E6	C1E6
C1E7	C1E7
C1E8	C1E8
C1E9	C1E9
C1EA	C1EA
C1EB	C1EB
C1EC	C1EC
C1ED	C1ED
C1EE	C1EE
C1EF	C1EF
C1F0	C1F0
C1F1	C1F1
C1F2	C1F2
C1F3	C1F3
C1F4	C1F4
C1F5	C1F5
C1F6	C1F6
C1F7	C1F7
C1F8	C1F8
C1F9	C1F9
C1FA	C1FA
C1FB	C1FB
C1FC	C1FC
C1FD	C1FD
C1FE	C1FE
C1FF	C1FF
C200	C200
C201	C201
C202	C202
C203	C203
C204	C204
C205	C205
C206	C206
C207	C207
C208	C208
C209	C209
C20A	C20A
C20B	C20B
C20C	C20C
C20D	C20D
C20E	C20E
C20F	C20F
C210	C210
C211	C211
C212	C212
C213	C213
C214	C214
C215	C215
C216	C216
C217	C217
C218	C218
C219	C219
C21A	C21A
C21B	C21B
C21C	C21C
C21D	C21D
C21E	C21E
C21F	C21F
C220	C220
C221	C221
C222	C222
C223	C223
C224	C224
C225	C225
C226	C226
C227	C227
C228	C228
C229	C229
C22A	C22A
C22B	C22B
C22C	C22C
C22D	C22D
C22E	C22E
C22F	C22F
C230	C230
C231	C231
C232	C232
C233	C233
C234	C234
C235	C235
C236	C236
C237	C237
C238	C238
C239	C239
C23A	C23A
C23B	C23B
C23C	C23C
C23D	C23D
C23E	C23E
C23F	C23F
C240	C240
C241	C241
C242	C242
C243	C243
C244	C244
C245	C245
C246	C246
C247	C247
C248	C248
C249	C249
C24A	C24A
C24B	C24B
C24C	C24C
C24D	C24D
C24E	C24E
C24F	C24F
C250	C250
C251	C251
C252	C252
C253	C253
C254	C254
C255	C255
C256	C256
C257	C257
C258	C258
C259	C259
C25A	C25A
C25B	C25B
C25C	C25C
C25D	C25D
C25E	C25E
C25F	C25F
C260	C260
C261	C261
C262	C262
C263	C263
C264	C264
C265	C265
C266	C266
C267	C267
C268	C268
C269	C269
C26A	C26A
C26B	C26B
C26C	C26C
C26D	C26D
C26E	C26E
C26F	C26F
C270	C270
C271	C271
C272	C272
C273	C273
C274	C274
C275	C275
C276	C276
C277	C277
C278	C278
C279	C279
C27A	C27A
C27B	C27B
C27C	C27C
C27D	C27D
C27E	C27E
C27F	C27F
C280	C280
C281	C281
C282	C282
C283	C283
C284	C284
C285	C285
C286	C286
C287	C287
C288	C288
C289	C289
C28A	C28A
C28B	C28B
C28C	C28C
C28D	C28D
C28E	C28E
C28F	C28F
C290	C290
C291	C291
C292	C292
C293	C293
C294	C294
C295	C295
C296	C296
C297	C297
C298	C298
C299	C299
C29A	C29A
C29B	C29B
C29C	C29C
C29D	C29D
C29E	C29E
C29F	C29F
C2A0	C2A0
C2A1	C2A1
C2A2	C2A2
C2A3	C2A3
C2A4	C2A4
C2A5	C2A5
C2A6	C2A6
C2A7	C2A7
C2A8	C2A8
C2A9	C2A9
C2AA	C2AA
C2AB	C2AB
C2AC	C2AC
C2AD	C2AD
C2AE	C2AE
C2AF	C2AF
C2B0	C2B0
C2B1	C2B1
C2B2	C2B2
C2B3	C2B3
C2B4	C2B4
C2B5	C2B5
C2B6	C2B6
C2B7	C2B7
C2B8	C2B8
C2B9	C2B9
C2BA	C2BA
C2BB	C2BB
C2BC	C2BC
C2BD	C2BD
C2BE	C2BE
C2BF	C2BF
C2C0	C2C0
C2C1	C2C1
C2C2	C2C2
C2C3	C2C3
C2C4	C2C4
C2C5	C2C5
C2C6	C2C6
C2C7	C2C7
C2C8	C2C8
C2C9	C2C9
C2CA	C2CA
C2CB	C2CB
C2CC	C2CC
C2CD	C2CD
C2CE	C2CE
C2CF	C2CF
C2D0	C2D0
C2D1	C2D1
C2D2	C2D2
C2D3	C2D3
C2D4	C2D4
C2D5	C2D5
C2D6	C2D6
C2D7	C2D7
C2D8	C2D8
C2D9	C2D9
C2DA	C2DA
C2DB	C2DB
C2DC	C2DC
C2DD	C2DD
C2DE	C2DE
C2DF	C2DF
C2E0	C2E0
C2E1	C2E1
C2E2	C2E2
C2E3	C2E3
C2E4	C2E4
C2E5	C2E5
C2E6	C2E6
C2E7	C2E7
C2E8	C2E8
C2E9	C2E9
C2EA	C2EA
C2EB	C2EB
C2EC	C2EC
C2ED	C2ED
C2EE	C2EE
C2EF	C2EF
C2F0	C2F0
C2F1	C2F1
C2F2	C2F2
C2F3	C2F3
C2F4	C2F4
C2F5	C2F5
C2F6	C2F6
C2F7	C2F7
C2F8	C2F8
C2F9	C2F9
C2FA	C2FA
C2FB	C2FB
C2FC	C2FC
C2FD	C2FD
C2FE	C2FE
C2FF	C2FF
C300	C300
C301	C301
C302	C302
C303	C303
C304	C304
C305	C305
C306	C306
C307	C307
C308	C308
C309	C309
C30A	C30A
C30B	C30B
C30C	C30C
C30D	C30D
C30E	C30E
C30F	C30F
C310	C310
C311	C311
C312	C312
C313	C313
C314	C314
C315	C315
C316	C316
C317	C317
C318	C318
C319	C319
C31A	C31A
C31B	C31B
C31C	C31C
C31D	C31D
C31E	C31E
C31F	C31F
C320	C320
C321	C321
C322	C322
C323	C323
C324	C324
C325	C325
C326	C326
C327	C327
C328	C328
C329	C329
C32A	C32A
C32B	C32B
C32C	C32C
C32D	C32D
C32E	C32E
C32F	C32F
C330	C330
C331	C331
C332	C332
C333	C333
C334	C334
C335	C335
C336	C336
C337	C337
C338	C338
C339	C339
C33A	C33A
C33B	C33B
C33C	C33C
C33D	C33D
C33E	C33E
C33F	C33F
C340	C340
C341	C341
C342	C342
C343	C343
C344	C344
C345	C345
C346	C346
C347	C347
C348	C348
C349	C349
C34A	C34A
C34B	C34B
C34C	C34C
C34D	C34D
C34E	C34E
C34F	C34F
C350	C350
C351	C351
C352	C352
C353	C353
C354	C354
C355	C355
C356	C356
C357	C357
C358	C358
C359	C359
C35A	C35A
C35B	C35B
C35C	C35C
C35D	C35D
C35E	C35E
C35F	C35F
C360	C360
C361	C361
C362	C362
C363	C363
C364	C364
C365	C365
C366	C366
C367	C367
C368	C368
C369	C369
C36A	C36A
C36B	C36B
C36C	C36C
C36D	C36D
C36E	C36E
C36F	C36F
C370	C370
C371	C371
C372	C372
C373	C373
C374	C374
C375	C375
C376	C376
C377	C377
C378	C378
C379	C379
C37A	C37A
C37B	C37B
C37C	C37C
C37D	C37D
C37E	C37E
C37F	C37F
C380	C380
C381	C381
C382	C382
C383	C383
C384	C384
C385	C385
C386	C386
C387	C387
C388	C388
C389	C389
C38A	C38A
C38B	C38B
C38C	C38C
C38D	C38D
C38E	C38E
C38F	C38F
C390	C390
C391	C391
C392	C392
C393	C393
C394	C394
C395	C395
C396	C396
C397	C397
C398	C398
C399	C399
C39A	C39A
C39B	C39B
C39C	C39C
C39D	C39D
C39E	C39E
C39F	C39F
C3A0	C3A0
C3A1	C3A1
C3A2	C3A2
C3A3	C3A3
C3A4	C3A4
C3A5	C3A5
C3A6	C3A6
C3A7	C3A7
C3A8	C3A8
C3A9	C3A9
C3AA	C3AA
C3AB	C3AB
C3AC	C3AC
C3AD	C3AD
C3AE	C3AE
C3AF	C3AF
C3B0	C3B0
C3B1	C3B1
C3B2	C3B2
C3B3	C3B3
C3B4	C3B4
C3B5	C3B5
C3B6	C3B6
C3B7	C3B7
C3B8	C3B8
C3B9	C3B9
C3BA	C3BA
C3BB	C3BB
C3BC	C3BC
C3BD	C3BD
C3BE	C3BE
C3BF	C3BF
C3C0	C3C0
C3C1	C3C1
C3C2	C3C2
C3C3	C3C3
C3C4	C3C4
C3C5	C3C5
C3C6	C3C6
C3C7	C3C7
C3C8	C3C8
C3C9	C3C9
C3CA	C3CA
C3CB	C3CB
C3CC	C3CC
C3CD	C3CD
C3CE	C3CE
C3CF	C3CF
C3D0	C3D0
C3D1	C3D1
C3D2	C3D2
C3D3	C3D3
C3D4	C3D4
C3D5	C3D5
C3D6	C3D6
C3D7	C3D7
C3D8	C3D8
C3D9	C3D9
C3DA	C3DA
C3DB	C3DB
C3DC	C3DC
C3DD	C3DD
C3DE	C3DE
C3DF	C3DF
C3E0	C3E0
C3E1	C3E1
C3E2	C3E2
C3E3	C3E3
C3E4	C3E4
C3E5	C3E5
C3E6	C3E6
C3E7	C3E7
C3E8	C3E8
C3E9	C3E9
C3EA	C3EA
C3EB	C3EB
C3EC	C3EC
C3ED	C3ED
C3EE	C3EE
C3EF	C3EF
C3F0	C3F0
C3F1	C3F1
C3F2	C3F2
C3F3	C3F3
C3F4	C3F4
C3F5	C3F5
C3F6	C3F6
C3F7	C3F7
C3F8	C3F8
C3F9	C3F9
C3FA	C3FA
C3FB	C3FB
C3FC	C3FC
C3FD	C3FD
C3FE	C3FE
C3FF	C3FF
C400	C400
C401	C401
C402	C402
C403	C403
C404	C404
C405	C405
C406	C406
C407	C407
C408	C408
C409	C409
C40A	C40A
C40B	C40B
C40C	C40C
C40D	C40D
C40E	C40E
C40F	C40F
C410	C410
C411	C411
C412	C412
C413	C413
C414	C414
C415	C415
C416	C416
C417	C417
C418	C418
C419	C419
C41A	C41A
C41B	C41B
C41C	C41C
C41D	C41D
C41E	C41E
C41F	C41F
C420	C420
C421	C421
C422	C422
C423	C423
C424	C424
C425	C425
C426	C426
C427	C427
C428	C428
C429	C429
C42A	C42A
C42B	C42B
C42C	C42C
C42D	C42D
C42E	C42E
C42F	C42F
C430	C430
C431	C431
C432	C432
C433	C433
C434	C434
C435	C435
C436	C436
C437	C437
C438	C438
C439	C439
C43A	C43A
C43B	C43B
C43C	C43C
C43D	C43D
C43E	C43E
C43F	C43F
C440	C440
C441	C441
C442	C442
C443	C443
C444	C444
C445	C445
C446	C446
C447	C447
C448	C448
C449	C449
C44A	C44A
C44B	C44B
C44C	C44C
C44D	C44D
C44E	C44E
C44F	C44F
C450	C450
C451	C451
C452	C452
C453	C453
C454	C454
C455	C455
C456	C456
C457	C457
C458	C458
C459	C459
C45A	C45A
C45B	C45B
C45C	C45C
C45D	C45D
C45E	C45E
C45F	C45F
C460	C460
C461	C461
C462	C462
C463	C463
C464	C464
C465	C465
C466	C466
C467	C467
C468	C468
C469	C469
C46A	C46A
C46B	C46B
C46C	C46C
C46D	C46D
C46E	C46E
C46F	C46F
C470	C470
C471	C471
C472	C472
C473	C473
C474	C474
C475	C475
C476	C476
C477	C477
C478	C478
C479	C479
C47A	C47A
C47B	C47B
C47C	C47C
C47D	C47D
C47E	C47E
C47F	C47F
C480	C480
C481	C481
C482	C482
C483	C483
C484	C484
C485	C485
C486	C486
C487	C487
C488	C488
C489	C489
C48A	C48A
C48B	C48B
C48C	C48C
C48D	C48D
C48E	C48E
C48F	C48F
C490	C490
C491	C491
C492	C492
C493	C493
C494	C494
C495	C495
C496	C496
C497	C497
C498	C498
C499	C499
C49A	C49A
C49B	C49B
C49C	C49C
C49D	C49D
C49E	C49E
C49F	C49F
C4A0	C4A0
C4A1	C4A1
C4A2	C4A2
C4A3	C4A3
C4A4	C4A4
C4A5	C4A5
C4A6	C4A6
C4A7	C4A7
C4A8	C4A8
C4A9	C4A9
C4AA	C4AA
C4AB	C4AB
C4AC	C4AC
C4AD	C4AD
C4AE	C4AE
C4AF	C4AF
C4B0	C4B0
C4B1	C4B1
C4B2	C4B2
C4B3	C4B3
C4B4	C4B4
C4B5	C4B5
C4B6	C4B6
C4B7	C4B7
C4B8	C4B8
C4B9	C4B9
C4BA	C4BA
C4BB	C4BB
C4BC	C4BC
C4BD	C4BD
C4BE	C4BE
C4BF	C4BF
C4C0	C4C0
C4C1	C4C1
C4C2	C4C2
C4C3	C4C3
C4C4	C4C4
C4C5	C4C5
C4C6	C4C6
C4C7	C4C7
C4C8	C4C8
C4C9	C4C9
C4CA	C4CA
C4CB	C4CB
C4CC	C4CC
C4CD	C4CD
C4CE	C4CE
C4CF	C4CF
C4D0	C4D0
C4D1	C4D1
C4D2	C4D2
C4D3	C4D3
C4D4	C4D4
C4D5	C4D5
C4D6	C4D6
C4D7	C4D7
C4D8	C4D8
C4D9	C4D9
C4DA	C4DA
C4DB	C4DB
C4DC	C4DC
C4DD	C4DD
C4DE	C4DE
C4DF	C4DF
C4E0	C4E0
C4E1	C4E1
C4E2	C4E2
C4E3	C4E3
C4E4	C4E4
C4E5	C4E5
C4E6	C4E6
C4E7	C4E7
C4E8	C4E8
C4E9	C4E9
C4EA	C4EA
C4EB	C4EB
C4EC	C4EC
C4ED	C4ED
C4EE	C4EE
C4EF	C4EF
C4F0	C4F0
C4F1	C4F1
C4F2	C4F2
C4F3	C4F3
C4F4	C4F4
C4F5	C4F5
C4F6	C4F6
C4F7	C4F7
C4F8	C4F8
C4F9	C4F9
C4FA	C4FA
C4FB	C4FB
C4FC	C4FC
C4FD	C4FD
C4FE	C4FE
C4FF	C4FF
C500	C500
C501	C501
C502	C502
C503	C503
C504	C504
C505	C505
C506	C506
C507	C507
C508	C508
C509	C509
C50A	C50A
C50B	C50B
C50C	C50C
C50D	C50D
C50E	C50E
C50F	C50F
C510	C510
C511	C511
C512	C512
C513	C513
C514	C514
C515	C515
C516	C516
C517	C517
C518	C518
C519	C519
C51A	C51A
C51B	C51B
C51C	C51C
C51D	C51D
C51E	C51E
C51F	C51F
C520	C520
C521	C521
C522	C522
C523	C523
C524	C524
C525	C525
C526	C526
C527	C527
C528	C528
C529	C529
C52A	C52A
C52B	C52B
C52C	C52C
C52D	C52D
C52E	C52E
C52F	C52F
C530	C530
C531	C531
C532	C532
C533	C533
C534	C534
C535	C535
C536	C536
C537	C537
C538	C538
C539	C539
C53A	C53A
C53B	C53B
C53C	C53C
C53D	C53D
C53E	C53E
C53F	C53F
C540	C540
C541	C541
C542	C542
C543	C543
C544	C544
C545	C545
C546	C546
C547	C547
C548	C548
C549	C549
C54A	C54A
C54B	C54B
C54C	C54C
C54D	C54D
C54E	C54E
C54F	C54F
C550	C550
C551	C551
C552	C552
C553	C553
C554	C554
C555	C555
C556	C556
C557	C557
C558	C558
C559	C559
C55A	C55A
C55B	C55B
C55C	C55C
C55D	C55D
C55E	C55E
C55F	C55F
C560	C560
C561	C561
C562	C562
C563	C563
C564	C564
C565	C565
C566	C566
C567	C567
C568	C568
C569	C569
C56A	C56A
C56B	C56B
C56C	C56C
C56D	C56D
C56E	C56E
C56F	C56F
C570	C570
C571	C571
C572	C572
C573	C573
C574	C574
C575	C575
C576	C576
C577	C577
C578	C578
C579	C579
C57A	C57A
C57B	C57B
C57C	C57C
C57D	C57D
C57E	C57E
C57F	C57F
C580	C580
C581	C581
C582	C582
C583	C583
C584	C584
C585	C585
C586	C586
C587	C587
C588	C588
C589	C589
C58A	C58A
C58B	C58B
C58C	C58C
C58D	C58D
C58E	C58E
C58F	C58F
C590	C590
C591	C591
C592	C592
C593	C593
C594	C594
C595	C595
C596	C596
C597	C597
C598	C598
C599	C599
C59A	C59A
C59B	C59B
C59C	C59C
C59D	C59D
C59E	C59E
C59F	C59F
C5A0	C5A0
C5A1	C5A1
C5A2	C5A2
C5A3	C5A3
C5A4	C5A4
C5A5	C5A5
C5A6	C5A6
C5A7	C5A7
C5A8	C5A8
C5A9	C5A9
C5AA	C5AA
C5AB	C5AB
C5AC	C5AC
C5AD	C5AD
C5AE	C5AE
C5AF	C5AF
C5B0	C5B0
C5B1	C5B1
C5B2	C5B2
C5B3	C5B3
C5B4	C5B4
C5B5	C5B5
C5B6	C5B6
C5B7	C5B7
C5B8	C5B8
C5B9	C5B9
C5BA	C5BA
C5BB	C5BB
C5BC	C5BC
C5BD	C5BD
C5BE	C5BE
C5BF	C5BF
C5C0	C5C0
C5C1	C5C1
C5C2	C5C2
C5C3	C5C3
C5C4	C5C4
C5C5	C5C5
C5C6	C5C6
C5C7	C5C7
C5C8	C5C8
C5C9	C5C9
C5CA	C5CA
C5CB	C5CB
C5CC	C5CC
C5CD	C5CD
C5CE	C5CE
C5CF	C5CF
C5D0	C5D0
C5D1	C5D1
C5D2	C5D2
C5D3	C5D3
C5D4	C5D4
C5D5	C5D5
C5D6	C5D6
C5D7	C5D7
C5D8	C5D8
C5D9	C5D9
C5DA	C5DA
C5DB	C5DB
C5DC	C5DC
C5DD	C5DD
C5DE	C5DE
C5DF	C5DF
C5E0	C5E0
C5E1	C5E1
C5E2	C5E2
C5E3	C5E3
C5E4	C5E4
C5E5	C5E5
C5E6	C5E6
C5E7	C5E7
C5E8	C5E8
C5E9	C5E9
C5EA	C5EA
C5EB	C5EB
C5EC	C5EC
C5ED	C5ED
C5EE	C5EE
C5EF	C5EF
C5F0	C5F0
C5F1	C5F1
C5F2	C5F2
C5F3	C5F3
C5F4	C5F4
C5F5	C5F5
C5F6	C5F6
C5F7	C5F7
C5F8	C5F8
C5F9	C5F9
C5FA	C5FA
C5FB	C5FB
C5FC	C5FC
C5FD	C5FD
C5FE	C5FE
C5FF	C5FF
C600	C600
C601	C601
C602	C602
C603	C603
C604	C604
C605	C605
C606	C606
C607	C607
C608	C608
C609	C609
C60A	C60A
C60B	C60B
C60C	C60C
C60D	C60D
C60E	C60E
C60F	C60F
C610	C610
C611	C611
C612	C612
C613	C613
C614	C614
C615	C615
C616	C616
C617	C617
C618	C618
C619	C619
C61A	C61A
C61B	C61B
C61C	C61C
C61D	C61D
C61E	C61E
C61F	C61F
C620	C620
C621	C621
C622	C622
C623	C623
C624	C624
C625	C625
C626	C626
C627	C627
C628	C628
C629	C629
C62A	C62A
C62B	C62B
C62C	C62C
C62D	C62D
C62E	C62E
C62F	C62F
C630	C630
C631	C631
C632	C632
C633	C633
C634	C634
C635	C635
C636	C636
C637	C637
C638	C638
C639	C639
C63A	C63A
C63B	C63B
C63C	C63C
C63D	C63D
C63E	C63E
C63F	C63F
C640	C640
C641	C641
C642	C642
C643	C643
C644	C644
C645	C645
C646	C646
C647	C647
C648	C648
C649	C649
C64A	C64A
C64B	C64B
C64C	C64C
C64D	C64D
C64E	C64E
C64F	C64F
C650	C650
C651	C651
C652	C652
C653	C653
C654	C654
C655	C655
C656	C656
C657	C657
C658	C658
C659	C659
C65A	C65A
C65B	C65B
C65C	C65C
C65D	C65D
C65E	C65E
C65F	C65F
C660	C660
C661	C661
C662	C662
C663	C663
C664	C664
C665	C665
C666	C666
C667	C667
C668	C668
C669	C669
C66A	C66A
C66B	C66B
C66C	C66C
C66D	C66D
C66E	C66E
C66F	C66F
C670	C670
C671	C671
C672	C672
C673	C673
C674	C674
C675	C675
C676	C676
C677	C677
C678	C678
C679	C679
C67A	C67A
C67B	C67B
C67C	C67C
C67D	C67D
C67E	C67E
C67F	C67F
C680	C680
C681	C681
C682	C682
C683	C683
C684	C684
C685	C685
C686	C686
C687	C687
C688	C688
C689	C689
C68A	C68A
C68B	C68B
C68C	C68C
C68D	C68D
C68E	C68E
C68F	C68F
C690	C690
C691	C691
C692	C692
C693	C693
C694	C694
C695	C695
C696	C696
C697	C697
C698	C698
C699	C699
C69A	C69A
C69B	C69B
C69C	C69C
C69D	C69D
C69E	C69E
C69F	C69F
C6A0	C6A0
C6A1	C6A1
C6A2	C6A2
C6A3	C6A3
C6A4	C6A4
C6A5	C6A5
C6A6	C6A6
C6A7	C6A7
C6A8	C6A8
C6A9	C6A9
C6AA	C6AA
C6AB	C6AB
C6AC	C6AC
C6AD	C6AD
C6AE	C6AE
C6AF	C6AF
C6B0	C6B0
C6B1	C6B1
C6B2	C6B2
C6B3	C6B3
C6B4	C6B4
C6B5	C6B5
C6B6	C6B6
C6B7	C6B7
C6B8	C6B8
C6B9	C6B9
C6BA	C6BA
C6BB	C6BB
C6BC	C6BC
C6BD	C6BD
C6BE	C6BE
C6BF	C6BF
C6C0	C6C0
C6C1	C6C1
C6C2	C6C2
C6C3	C6C3
C6C4	C6C4
C6C5	C6C5
C6C6	C6C6
C6C7	C6C7
C6C8	C6C8
C6C9	C6C9
C6CA	C6CA
C6CB	C6CB
C6CC	C6CC
C6CD	C6CD
C6CE	C6CE
C6CF	C6CF
C6D0	C6D0
C6D1	C6D1
C6D2	C6D2
C6D3	C6D3
C6D4	C6D4
C6D5	C6D5
C6D6	C6D6
C6D7	C6D7
C6D8	C6D8
C6D9	C6D9
C6DA	C6DA
C6DB	C6DB
C6DC	C6DC
C6DD	C6DD
C6DE	C6DE
C6DF	C6DF
C6E0	C6E0
C6E1	C6E1
C6E2	C6E2
C6E3	C6E3
C6E4	C6E4
C6E5	C6E5
C6E6	C6E6
C6E7	C6E7
C6E8	C6E8
C6E9	C6E9
C6EA	C6EA
C6EB	C6EB
C6EC	C6EC
C6ED	C6ED
C6EE	C6EE
C6EF	C6EF
C6F0	C6F0
C6F1	C6F1
C6F2	C6F2
C6F3	C6F3
C6F4	C6F4
C6F5	C6F5
C6F6	C6F6
C6F7	C6F7
C6F8	C6F8
C6F9	C6F9
C6FA	C6FA
C6FB	C6FB
C6FC	C6FC
C6FD	C6FD
C6FE	C6FE
C6FF	C6FF
C700	C700
C701	C701
C702	C702
C703	C703
C704	C704
C705	C705
C706	C706
C707	C707
C708	C708
C709	C709
C70A	C70A
C70B	C70B
C70C	C70C
C70D	C70D
C70E	C70E
C70F	C70F
C710	C710
C711	C711
C712	C712
C713	C713
C714	C714
C715	C715
C716	C716
C717	C717
C718	C718
C719	C719
C71A	C71A
C71B	C71B
C71C	C71C
C71D	C71D
C71E	C71E
C71F	C71F
C720	C720
C721	C721
C722	C722
C723	C723
C724	C724
C725	C725
C726	C726
C727	C727
C728	C728
C729	C729
C72A	C72A
C72B	C72B
C72C	C72C
C72D	C72D
C72E	C72E
C72F	C72F
C730	C730
C731	C731
C732	C732
C733	C733
C734	C734
C735	C735
C736	C736
C737	C737
C738	C738
C739	C739
C73A	C73A
C73B	C73B
C73C	C73C
C73D	C73D
C73E	C73E
C73F	C73F
C740	C740
C741	C741
C742	C742
C743	C743
C744	C744
C745	C745
C746	C746
C747	C747
C748	C748
C749	C749
C74A	C74A
C74B	C74B
C74C	C74C
C74D	C74D
C74E	C74E
C74F	C74F
C750	C750
C751	C751
C752	C752
C753	C753
C754	C754
C755	C755
C756	C756
C757	C757
C758	C758
C759	C759
C75A	C75A
C75B	C75B
C75C	C75C
C75D	C75D
C75E	C75E
C75F	C75F
C760	C760
C761	C761
C762	C762
C763	C763
C764	C764
C765	C765
C766	C766
C767	C767
C768	C768
C769	C769
C76A	C76A
C76B	C76B
C76C	C76C
C76D	C76D
C76E	C76E
C76F	C76F
C770	C770
C771	C771
C772	C772
C773	C773
C774	C774
C775	C775
C776	C776
C777	C777
C778	C778
C779	C779
C77A	C77A
C77B	C77B
C77C	C77C
C77D	C77D
C77E	C77E
C77F	C77F
C780	C780
C781	C781
C782	C782
C783	C783
C784	C784
C785	C785
C786	C786
C787	C787
C788	C788
C789	C789
C78A	C78A
C78B	C78B
C78C	C78C
C78D	C78D
C78E	C78E
C78F	C78F
C790	C790
C791	C791
C792	C792
C793	C793
C794	C794
C795	C795
C796	C796
C797	C797
C798	C798
C799	C799
C79A	C79A
C79B	C79B
C79C	C79C
C79D	C79D
C79E	C79E
C79F	C79F
C7A0	C7A0
C7A1	C7A1
C7A2	C7A2
C7A3	C7A3
C7A4	C7A4
C7A5	C7A5
C7A6	C7A6
C7A7	C7A7
C7A8	C7A8
C7A9	C7A9
C7AA	C7AA
C7AB	C7AB
C7AC	C7AC
C7AD	C7AD
C7AE	C7AE
C7AF	C7AF
C7B0	C7B0
C7B1	C7B1
C7B2	C7B2
C7B3	C7B3
C7B4	C7B4
C7B5	C7B5
C7B6	C7B6
C7B7	C7B7
C7B8	C7B8
C7B9	C7B9
C7BA	C7BA
C7BB	C7BB
C7BC	C7BC
C7BD	C7BD
C7BE	C7BE
C7BF	C7BF
C7C0	C7C0
C7C1	C7C1
C7C2	C7C2
C7C3	C7C3
C7C4	C7C4
C7C5	C7C5
C7C6	C7C6
C7C7	C7C7
C7C8	C7C8
C7C9	C7C9
C7CA	C7CA
C7CB	C7CB
C7CC	C7CC
C7CD	C7CD
C7CE	C7CE
C7CF	C7CF
C7D0	C7D0
C7D1	C7D1
C7D2	C7D2
C7D3	C7D3
C7D4	C7D4
C7D5	C7D5
C7D6	C7D6
C7D7	C7D7
C7D8	C7D8
C7D9	C7D9
C7DA	C7DA
C7DB	C7DB
C7DC	C7DC
C7DD	C7DD
C7DE	C7DE
C7DF	C7DF
C7E0	C7E0
C7E1	C7E1
C7E2	C7E2
C7E3	C7E3
C7E4	C7E4
C7E5	C7E5
C7E6	C7E6
C7E7	C7E7
C7E8	C7E8
C7E9	C7E9
C7EA	C7EA
C7EB	C7EB
C7EC	C7EC
C7ED	C7ED
C7EE	C7EE
C7EF	C7EF
C7F0	C7F0
C7F1	C7F1
C7F2	C7F2
C7F3	C7F3
C7F4	C7F4
C7F5	C7F5
C7F6	C7F6
C7F7	C7F7
C7F8	C7F8
C7F9	C7F9
C7FA	C7FA
C7FB	C7FB
C7FC	C7FC
C7FD	C7FD
C7FE	C7FE
C7FF	C7FF
C800	C800
C801	C801
C802	C802
C803	C803
C804	C804
C805	C805
C806	C806
C807	C807
C808	C808
C809	C809
C80A	C80A
C80B	C80B
C80C	C80C
C80D	C80D
C80E	C80E
C80F	C80F
C810	C810
C811	C811
C812	C812
C813	C813
C814	C814
C815	C815
C816	C816
C817	C817
C818	C818
C819	C819
C81A	C81A
C81B	C81B
C81C	C81C
C81D	C81D
C81E	C81E
C81F	C81F
C820	C820
C821	C821
C822	C822
C823	C823
C824	C824
C825	C825
C826	C826
C827	C827
C828	C828
C829	C829
C82A	C82A
C82B	C82B
C82C	C82C
C82D	C82D
C82E	C82E
C82F	C82F
C830	C830
C831	C831
C832	C832
C833	C833
C834	C834
C835	C835
C836	C836
C837	C837
C838	C838
C839	C839
C83A	C83A
C83B	C83B
C83C	C83C
C83D	C83D
C83E	C83E
C83F	C83F
C840	C840
C841	C841
C842	C842
C843	C843
C844	C844
C845	C845
C846	C846
C847	C847
C848	C848
C849	C849
C84A	C84A
C84B	C84B
C84C	C84C
C84D	C84D
C84E	C84E
C84F	C84F
C850	C850
C851	C851
C852	C852
C853	C853
C854	C854
C855	C855
C856	C856
C857	C857
C858	C858
C859	C859
C85A	C85A
C85B	C85B
C85C	C85C
C85D	C85D
C85E	C85E
C85F	C85F
C860	C860
C861	C861
C862	C862
C863	C863
C864	C864
C865	C865
C866	C866
C867	C867
C868	C868
C869	C869
C86A	C86A
C86B	C86B
C86C	C86C
C86D	C86D
C86E	C86E
C86F	C86F
C870	C870
C871	C871
C872	C872
C873	C873
C874	C874
C875	C875
C876	C876
C877	C877
C878	C878
C879	C879
C87A	C87A
C87B	C87B
C87C	C87C
C87D	C87D
C87E	C87E
C87F	C87F
C880	C880
C881	C881
C882	C882
C883	C883
C884	C884
C885	C885
C886	C886
C887	C887
C888	C888
C889	C889
C88A	C88A
C88B	C88B
C88C	C88C
C88D	C88D
C88E	C88E
C88F	C88F
C890	C890
C891	C891
C892	C892
C893	C893
C894	C894
C895	C895
C896	C896
C897	C897
C898	C898
C899	C899
C89A	C89A
C89B	C89B
C89C	C89C
C89D	C89D
C89E	C89E
C89F	C89F
C8A0	C8A0
C8A1	C8A1
C8A2	C8A2
C8A3	C8A3
C8A4	C8A4
C8A5	C8A5
C8A6	C8A6
C8A7	C8A7
C8A8	C8A8
C8A9	C8A9
C8AA	C8AA
C8AB	C8AB
C8AC	C8AC
C8AD	C8AD
C8AE	C8AE
C8AF	C8AF
C8B0	C8B0
C8B1	C8B1
C8B2	C8B2
C8B3	C8B3
C8B4	C8B4
C8B5	C8B5
C8B6	C8B6
C8B7	C8B7
C8B8	C8B8
C8B9	C8B9
C8BA	C8BA
C8BB	C8BB
C8BC	C8BC
C8BD	C8BD
C8BE	C8BE
C8BF	C8BF
C8C0	C8C0
C8C1	C8C1
C8C2	C8C2
C8C3	C8C3
C8C4	C8C4
C8C5	C8C5
C8C6	C8C6
C8C7	C8C7
C8C8	C8C8
C8C9	C8C9
C8CA	C8CA
C8CB	C8CB
C8CC	C8CC
C8CD	C8CD
C8CE	C8CE
C8CF	C8CF
C8D0	C8D0
C8D1	C8D1
C8D2	C8D2
C8D3	C8D3
C8D4	C8D4
C8D5	C8D5
C8D6	C8D6
C8D7	C8D7
C8D8	C8D8
C8D9	C8D9
C8DA	C8DA
C8DB	C8DB
C8DC	C8DC
C8DD	C8DD
C8DE	C8DE
C8DF	C8DF
C8E0	C8E0
C8E1	C8E1
C8E2	C8E2
C8E3	C8E3
C8E4	C8E4
C8E5	C8E5
C8E6	C8E6
C8E7	C8E7
C8E8	C8E8
C8E9	C8E9
C8EA	C8EA
C8EB	C8EB
C8EC	C8EC
C8ED	C8ED
C8EE	C8EE
C8EF	C8EF
C8F0	C8F0
C8F1	C8F1
C8F2	C8F2
C8F3	C8F3
C8F4	C8F4
C8F5	C8F5
C8F6	C8F6
C8F7	C8F7
C8F8	C8F8
C8F9	C8F9
C8FA	C8FA
C8FB	C8FB
C8FC	C8FC
C8FD	C8FD
C8FE	C8FE
C8FF	C8FF
C900	C900
C901	C901
C902	C902
C903	C903
C904	C904
C905	C905
C906	C906
C907	C907
C908	C908
C909	C909
C90A	C90A
C90B	C90B
C90C	C90C
C90D	C90D
C90E	C90E
C90F	C90F
C910	C910
C911	C911
C912	C912
C913	C913
C914	C914
C915	C915
C916	C916
C917	C917
C918	C918
C919	C919
C91A	C91A
C91B	C91B
C91C	C91C
C91D	C91D
C91E	C91E
C91F	C91F
C920	C920
C921	C921
C922	C922
C923	C923
C924	C924
C925	C925
C926	C926
C927	C927
C928	C928
C929	C929
C92A	C92A
C92B	C92B
C92C	C92C
C92D	C92D
C92E	C92E
C92F	C92F
C930	C930
C931	C931
C932	C932
C933	C933
C934	C934
C935	C935
C936	C936
C937	C937
C938	C938
C939	C939
C93A	C93A
C93B	C93B
C93C	C93C
C93D	C93D
C93E	C93E
C93F	C93F
C940	C940
C941	C941
C942	C942
C943	C943
C944	C944
C945	C945
C946	C946
C947	C947
C948	C948
C949	C949
C94A	C94A
C94B	C94B
C94C	C94C
C94D	C94D
C94E	C94E
C94F	C94F
C950	C950
C951	C951
C952	C952
C953	C953
C954	C954
C955	C955
C956	C956
C957	C957
C958	C958
C959	C959
C95A	C95A
C95B	C95B
C95C	C95C
C95D	C95D
C95E	C95E
C95F	C95F
C960	C960
C961	C961
C962	C962
C963	C963
C964	C964
C965	C965
C966	C966
C967	C967
C968	C968
C969	C969
C96A	C96A
C96B	C96B
C96C	C96C
C96D	C96D
C96E	C96E
C96F	C96F
C970	C970
C971	C971
C972	C972
C973	C973
C974	C974
C975	C975
C976	C976
C977	C977
C978	C978
C979	C979
C97A	C97A
C97B	C97B
C97C	C97C
C97D	C97D
C97E	C97E
C97F	C97F
C980	C980
C981	C981
C982	C982
C983	C983
C984	C984
C985	C985
C986	C986
C987	C987
C988	C988
C989	C989
C98A	C98A
C98B	C98B
C98C	C98C
C98D	C98D
C98E	C98E
C98F	C98F
C990	C990
C991	C991
C992	C992
C993	C993
C994	C994
C995	C995
C996	C996
C997	C997
C998	C998
C999	C999
C99A	C99A
C99B	C99B
C99C	C99C
C99D	C99D
C99E	C99E
C99F	C99F
C9A0	C9A0
C9A1	C9A1
C9A2	C9A2
C9A3	C9A3
C9A4	C9A4
C9A5	C9A5
C9A6	C9A6
C9A7	C9A7
C9A8	C9A8
C9A9	C9A9
C9AA	C9AA
C9AB	C9AB
C9AC	C9AC
C9AD	C9AD
C9AE	C9AE
C9AF	C9AF
C9B0	C9B0
C9B1	C9B1
C9B2	C9B2
C9B3	C9B3
C9B4	C9B4
C9B5	C9B5
C9B6	C9B6
C9B7	C9B7
C9B8	C9B8
C9B9	C9B9
C9BA	C9BA
C9BB	C9BB
C9BC	C9BC
C9BD	C9BD
C9BE	C9BE
C9BF	C9BF
C9C0	C9C0
C9C1	C9C1
C9C2	C9C2
C9C3	C9C3
C9C4	C9C4
C9C5	C9C5
C9C6	C9C6
C9C7	C9C7
C9C8	C9C8
C9C9	C9C9
C9CA	C9CA
C9CB	C9CB
C9CC	C9CC
C9CD	C9CD
C9CE	C9CE
C9CF	C9CF
C9D0	C9D0
C9D1	C9D1
C9D2	C9D2
C9D3	C9D3
C9D4	C9D4
C9D5	C9D5
C9D6	C9D6
C9D7	C9D7
C9D8	C9D8
C9D9	C9D9
C9DA	C9DA
C9DB	C9DB
C9DC	C9DC
C9DD	C9DD
C9DE	C9DE
C9DF	C9DF
C9E0	C9E0
C9E1	C9E1
C9E2	C9E2
C9E3	C9E3
C9E4	C9E4
C9E5	C9E5
C9E6	C9E6
C9E7	C9E7
C9E8	C9E8
C9E9	C9E9
C9EA	C9EA
C9EB	C9EB
C9EC	C9EC
C9ED	C9ED
C9EE	C9EE
C9EF	C9EF
C9F0	C9F0
C9F1	C9F1
C9F2	C9F2
C9F3	C9F3
C9F4	C9F4
C9F5	C9F5
C9F6	C9F6
C9F7	C9F7
C9F8	C9F8
C9F9	C9F9
C9FA	C9FA
C9FB	C9FB
C9FC	C9FC
C9FD	C9FD
C9FE	C9FE
C9FF	C9FF
CA00	CA00
CA01	CA01
CA02	CA02
CA03	CA03
CA04	CA04
CA05	CA05
CA06	CA06
CA07	CA07
CA08	CA08
CA09	CA09
CA0A	CA0A
CA0B	CA0B
CA0C	CA0C
CA0D	CA0D
CA0E	CA0E
CA0F	CA0F
CA10	CA10
CA11	CA11
CA12	CA12
CA13	CA13
CA14	CA14
CA15	CA15
CA16	CA16
CA17	CA17
CA18	CA18
CA19	CA19
CA1A	CA1A
CA1B	CA1B
CA1C	CA1C
CA1D	CA1D
CA1E	CA1E
CA1F	CA1F
CA20	CA20
CA21	CA21
CA22	CA22
CA23	CA23
CA24	CA24
CA25	CA25
CA26	CA26
CA27	CA27
CA28	CA28
CA29	CA29
CA2A	CA2A
CA2B	CA2B
CA2C	CA2C
CA2D	CA2D
CA2E	CA2E
CA2F	CA2F
CA30	CA30
CA31	CA31
CA32	CA32
CA33	CA33
CA34	CA34
CA35	CA35
CA36	CA36
CA37	CA37
CA38	CA38
CA39	CA39
CA3A	CA3A
CA3B	CA3B
CA3C	CA3C
CA3D	CA3D
CA3E	CA3E
CA3F	CA3F
CA40	CA40
CA41	CA41
CA42	CA42
CA43	CA43
CA44	CA44
CA45	CA45
CA46	CA46
CA47	CA47
CA48	CA48
CA49	CA49
CA4A	CA4A
CA4B	CA4B
CA4C	CA4C
CA4D	CA4D
CA4E	CA4E
CA4F	CA4F
CA50	CA50
CA51	CA51
CA52	CA52
CA53	CA53
CA54	CA54
CA55	CA55
CA56	CA56
CA57	CA57
CA58	CA58
CA59	CA59
CA5A	CA5A
CA5B	CA5B
CA5C	CA5C
CA5D	CA5D
CA5E	CA5E
CA5F	CA5F
CA60	CA60
CA61	CA61
CA62	CA62
CA63	CA63
CA64	CA64
CA65	CA65
CA66	CA66
CA67	CA67
CA68	CA68
CA69	CA69
CA6A	CA6A
CA6B	CA6B
CA6C	CA6C
CA6D	CA6D
CA6E	CA6E
CA6F	CA6F
CA70	CA70
CA71	CA71
CA72	CA72
CA73	CA73
CA74	CA74
CA75	CA75
CA76	CA76
CA77	CA77
CA78	CA78
CA79	CA79
CA7A	CA7A
CA7B	CA7B
CA7C	CA7C
CA7D	CA7D
CA7E	CA7E
CA7F	CA7F
CA80	CA80
CA81	CA81
CA82	CA82
CA83	CA83
CA84	CA84
CA85	CA85
CA86	CA86
CA87	CA87
CA88	CA88
CA89	CA89
CA8A	CA8A
CA8B	CA8B
CA8C	CA8C
CA8D	CA8D
CA8E	CA8E
CA8F	CA8F
CA90	CA90
CA91	CA91
CA92	CA92
CA93	CA93
CA94	CA94
CA95	CA95
CA96	CA96
CA97	CA97
CA98	CA98
CA99	CA99
CA9A	CA9A
CA9B	CA9B
CA9C	CA9C
CA9D	CA9D
CA9E	CA9E
CA9F	CA9F
CAA0	CAA0
CAA1	CAA1
CAA2	CAA2
CAA3	CAA3
CAA4	CAA4
CAA5	CAA5
CAA6	CAA6
CAA7	CAA7
CAA8	CAA8
CAA9	CAA9
CAAA	CAAA
CAAB	CAAB
CAAC	CAAC
CAAD	CAAD
CAAE	CAAE
CAAF	CAAF
CAB0	CAB0
CAB1	CAB1
CAB2	CAB2
CAB3	CAB3
CAB4	CAB4
CAB5	CAB5
CAB6	CAB6
CAB7	CAB7
CAB8	CAB8
CAB9	CAB9
CABA	CABA
CABB	CABB
CABC	CABC
CABD	CABD
CABE	CABE
CABF	CABF
CAC0	CAC0
CAC1	CAC1
CAC2	CAC2
CAC3	CAC3
CAC4	CAC4
CAC5	CAC5
CAC6	CAC6
CAC7	CAC7
CAC8	CAC8
CAC9	CAC9
CACA	CACA
CACB	CACB
CACC	CACC
CACD	CACD
CACE	CACE
CACF	CACF
CAD0	CAD0
CAD1	CAD1
CAD2	CAD2
CAD3	CAD3
CAD4	CAD4
CAD5	CAD5
CAD6	CAD6
CAD7	CAD7
CAD8	CAD8
CAD9	CAD9
CADA	CADA
CADB	CADB
CADC	CADC
CADD	CADD
CADE	CADE
CADF	CADF
CAE0	CAE0
CAE1	CAE1
CAE2	CAE2
CAE3	CAE3
CAE4	CAE4
CAE5	CAE5
CAE6	CAE6
CAE7	CAE7
CAE8	CAE8
CAE9	CAE9
CAEA	CAEA
CAEB	CAEB
CAEC	CAEC
CAED	CAED
CAEE	CAEE
CAEF	CAEF
CAF0	CAF0
CAF1	CAF1
CAF2	CAF2
CAF3	CAF3
CAF4	CAF4
CAF5	CAF5
CAF6	CAF6
CAF7	CAF7
CAF8	CAF8
CAF9	CAF9
CAFA	CAFA
CAFB	CAFB
CAFC	CAFC
CAFD	CAFD
CAFE	CAFE
CAFF	CAFF
CB00	CB00
CB01	CB01
CB02	CB02
CB03	CB03
CB04	CB04
CB05	CB05
CB06	CB06
CB07	CB07
CB08	CB08
CB09	CB09
CB0A	CB0A
CB0B	CB0B
CB0C	CB0C
CB0D	CB0D
CB0E	CB0E
CB0F	CB0F
CB10	CB10
CB11	CB11
CB12	CB12
CB13	CB13
CB14	CB14
CB15	CB15
CB16	CB16
CB17	CB17
CB18	CB18
CB19	CB19
CB1A	CB1A
CB1B	CB1B
CB1C	CB1C
CB1D	CB1D
CB1E	CB1E
CB1F	CB1F
CB20	CB20
CB21	CB21
CB22	CB22
CB23	CB23
CB24	CB24
CB25	CB25
CB26	CB26
CB27	CB27
CB28	CB28
CB29	CB29
CB2A	CB2A
CB2B	CB2B
CB2C	CB2C
CB2D	CB2D
CB2E	CB2E
CB2F	CB2F
CB30	CB30
CB31	CB31
CB32	CB32
CB33	CB33
CB34	CB34
CB35	CB35
CB36	CB36
CB37	CB37
CB38	CB38
CB39	CB39
CB3A	CB3A
CB3B	CB3B
CB3C	CB3C
CB3D	CB3D
CB3E	CB3E
CB3F	CB3F
CB40	CB40
CB41	CB41
CB42	CB42
CB43	CB43
CB44	CB44
CB45	CB45
CB46	CB46
CB47	CB47
CB48	CB48
CB49	CB49
CB4A	CB4A
CB4B	CB4B
CB4C	CB4C
CB4D	CB4D
CB4E	CB4E
CB4F	CB4F
CB50	CB50
CB51	CB51
CB52	CB52
CB53	CB53
CB54	CB54
CB55	CB55
CB56	CB56
CB57	CB57
CB58	CB58
CB59	CB59
CB5A	CB5A
CB5B	CB5B
CB5C	CB5C
CB5D	CB5D
CB5E	CB5E
CB5F	CB5F
CB60	CB60
CB61	CB61
CB62	CB62
CB63	CB63
CB64	CB64
CB65	CB65
CB66	CB66
CB67	CB67
CB68	CB68
CB69	CB69
CB6A	CB6A
CB6B	CB6B
CB6C	CB6C
CB6D	CB6D
CB6E	CB6E
CB6F	CB6F
CB70	CB70
CB71	CB71
CB72	CB72
CB73	CB73
CB74	CB74
CB75	CB75
CB76	CB76
CB77	CB77
CB78	CB78
CB79	CB79
CB7A	CB7A
CB7B	CB7B
CB7C	CB7C
CB7D	CB7D
CB7E	CB7E
CB7F	CB7F
CB80	CB80
CB81	CB81
CB82	CB82
CB83	CB83
CB84	CB84
CB85	CB85
CB86	CB86
CB87	CB87
CB88	CB88
CB89	CB89
CB8A	CB8A
CB8B	CB8B
CB8C	CB8C
CB8D	CB8D
CB8E	CB8E
CB8F	CB8F
CB90	CB90
CB91	CB91
CB92	CB92
CB93	CB93
CB94	CB94
CB95	CB95
CB96	CB96
CB97	CB97
CB98	CB98
CB99	CB99
CB9A	CB9A
CB9B	CB9B
CB9C	CB9C
CB9D	CB9D
CB9E	CB9E
CB9F	CB9F
CBA0	CBA0
CBA1	CBA1
CBA2	CBA2
CBA3	CBA3
CBA4	CBA4
CBA5	CBA5
CBA6	CBA6
CBA7	CBA7
CBA8	CBA8
CBA9	CBA9
CBAA	CBAA
CBAB	CBAB
CBAC	CBAC
CBAD	CBAD
CBAE	CBAE
CBAF	CBAF
CBB0	CBB0
CBB1	CBB1
CBB2	CBB2
CBB3	CBB3
CBB4	CBB4
CBB5	CBB5
CBB6	CBB6
CBB7	CBB7
CBB8	CBB8
CBB9	CBB9
CBBA	CBBA
CBBB	CBBB
CBBC	CBBC
CBBD	CBBD
CBBE	CBBE
CBBF	CBBF
CBC0	CBC0
CBC1	CBC1
CBC2	CBC2
CBC3	CBC3
CBC4	CBC4
CBC5	CBC5
CBC6	CBC6
CBC7	CBC7
CBC8	CBC8
CBC9	CBC9
CBCA	CBCA
CBCB	CBCB
CBCC	CBCC
CBCD	CBCD
CBCE	CBCE
CBCF	CBCF
CBD0	CBD0
CBD1	CBD1
CBD2	CBD2
CBD3	CBD3
CBD4	CBD4
CBD5	CBD5
CBD6	CBD6
CBD7	CBD7
CBD8	CBD8
CBD9	CBD9
CBDA	CBDA
CBDB	CBDB
CBDC	CBDC
CBDD	CBDD
CBDE	CBDE
CBDF	CBDF
CBE0	CBE0
CBE1	CBE1
CBE2	CBE2
CBE3	CBE3
CBE4	CBE4
CBE5	CBE5
CBE6	CBE6
CBE7	CBE7
CBE8	CBE8
CBE9	CBE9
CBEA	CBEA
CBEB	CBEB
CBEC	CBEC
CBED	CBED
CBEE	CBEE
CBEF	CBEF
CBF0	CBF0
CBF1	CBF1
CBF2	CBF2
CBF3	CBF3
CBF4	CBF4
CBF5	CBF5
CBF6	CBF6
CBF7	CBF7
CBF8	CBF8
CBF9	CBF9
CBFA	CBFA
CBFB	CBFB
CBFC	CBFC
CBFD	CBFD
CBFE	CBFE
CBFF	CBFF
CC00	CC00
CC01	CC01
CC02	CC02
CC03	CC03
CC04	CC04
CC05	CC05
CC06	CC06
CC07	CC07
CC08	CC08
CC09	CC09
CC0A	CC0A
CC0B	CC0B
CC0C	CC0C
CC0D	CC0D
CC0E	CC0E
CC0F	CC0F
CC10	CC10
CC11	CC11
CC12	CC12
CC13	CC13
CC14	CC14
CC15	CC15
CC16	CC16
CC17	CC17
CC18	CC18
CC19	CC19
CC1A	CC1A
CC1B	CC1B
CC1C	CC1C
CC1D	CC1D
CC1E	CC1E
CC1F	CC1F
CC20	CC20
CC21	CC21
CC22	CC22
CC23	CC23
CC24	CC24
CC25	CC25
CC26	CC26
CC27	CC27
CC28	CC28
CC29	CC29
CC2A	CC2A
CC2B	CC2B
CC2C	CC2C
CC2D	CC2D
CC2E	CC2E
CC2F	CC2F
CC30	CC30
CC31	CC31
CC32	CC32
CC33	CC33
CC34	CC34
CC35	CC35
CC36	CC36
CC37	CC37
CC38	CC38
CC39	CC39
CC3A	CC3A
CC3B	CC3B
CC3C	CC3C
CC3D	CC3D
CC3E	CC3E
CC3F	CC3F
CC40	CC40
CC41	CC41
CC42	CC42
CC43	CC43
CC44	CC44
CC45	CC45
CC46	CC46
CC47	CC47
CC48	CC48
CC49	CC49
CC4A	CC4A
CC4B	CC4B
CC4C	CC4C
CC4D	CC4D
CC4E	CC4E
CC4F	CC4F
CC50	CC50
CC51	CC51
CC52	CC52
CC53	CC53
CC54	CC54
CC55	CC55
CC56	CC56
CC57	CC57
CC58	CC58
CC59	CC59
CC5A	CC5A
CC5B	CC5B
CC5C	CC5C
CC5D	CC5D
CC5E	CC5E
CC5F	CC5F
CC60	CC60
CC61	CC61
CC62	CC62
CC63	CC63
CC64	CC64
CC65	CC65
CC66	CC66
CC67	CC67
CC68	CC68
CC69	CC69
CC6A	CC6A
CC6B	CC6B
CC6C	CC6C
CC6D	CC6D
CC6E	CC6E
CC6F	CC6F
CC70	CC70
CC71	CC71
CC72	CC72
CC73	CC73
CC74	CC74
CC75	CC75
CC76	CC76
CC77	CC77
CC78	CC78
CC79	CC79
CC7A	CC7A
CC7B	CC7B
CC7C	CC7C
CC7D	CC7D
CC7E	CC7E
CC7F	CC7F
CC80	CC80
CC81	CC81
CC82	CC82
CC83	CC83
CC84	CC84
CC85	CC85
CC86	CC86
CC87	CC87
CC88	CC88
CC89	CC89
CC8A	CC8A
CC8B	CC8B
CC8C	CC8C
CC8D	CC8D
CC8E	CC8E
CC8F	CC8F
CC90	CC90
CC91	CC91
CC92	CC92
CC93	CC93
CC94	CC94
CC95	CC95
CC96	CC96
CC97	CC97
CC98	CC98
CC99	CC99
CC9A	CC9A
CC9B	CC9B
CC9C	CC9C
CC9D	CC9D
CC9E	CC9E
CC9F	CC9F
CCA0	CCA0
CCA1	CCA1
CCA2	CCA2
CCA3	CCA3
CCA4	CCA4
CCA5	CCA5
CCA6	CCA6
CCA7	CCA7
CCA8	CCA8
CCA9	CCA9
CCAA	CCAA
CCAB	CCAB
CCAC	CCAC
CCAD	CCAD
CCAE	CCAE
CCAF	CCAF
CCB0	CCB0
CCB1	CCB1
CCB2	CCB2
CCB3	CCB3
CCB4	CCB4
CCB5	CCB5
CCB6	CCB6
CCB7	CCB7
CCB8	CCB8
CCB9	CCB9
CCBA	CCBA
CCBB	CCBB
CCBC	CCBC
CCBD	CCBD
CCBE	CCBE
CCBF	CCBF
CCC0	CCC0
CCC1	CCC1
CCC2	CCC2
CCC3	CCC3
CCC4	CCC4
CCC5	CCC5
CCC6	CCC6
CCC7	CCC7
CCC8	CCC8
CCC9	CCC9
CCCA	CCCA
CCCB	CCCB
CCCC	CCCC
CCCD	CCCD
CCCE	CCCE
CCCF	CCCF
CCD0	CCD0
CCD1	CCD1
CCD2	CCD2
CCD3	CCD3
CCD4	CCD4
CCD5	CCD5
CCD6	CCD6
CCD7	CCD7
CCD8	CCD8
CCD9	CCD9
CCDA	CCDA
CCDB	CCDB
CCDC	CCDC
CCDD	CCDD
CCDE	CCDE
CCDF	CCDF
CCE0	CCE0
CCE1	CCE1
CCE2	CCE2
CCE3	CCE3
CCE4	CCE4
CCE5	CCE5
CCE6	CCE6
CCE7	CCE7
CCE8	CCE8
CCE9	CCE9
CCEA	CCEA
CCEB	CCEB
CCEC	CCEC
CCED	CCED
CCEE	CCEE
CCEF	CCEF
CCF0	CCF0
CCF1	CCF1
CCF2	CCF2
CCF3	CCF3
CCF4	CCF4
CCF5	CCF5
CCF6	CCF6
CCF7	CCF7
CCF8	CCF8
CCF9	CCF9
CCFA	CCFA
CCFB	CCFB
CCFC	CCFC
CCFD	CCFD
CCFE	CCFE
CCFF	CCFF
CD00	CD00
CD01	CD01
CD02	CD02
CD03	CD03
CD04	CD04
CD05	CD05
CD06	CD06
CD07	CD07
CD08	CD08
CD09	CD09
CD0A	CD0A
CD0B	CD0B
CD0C	CD0C
CD0D	CD0D
CD0E	CD0E
CD0F	CD0F
CD10	CD10
CD11	CD11
CD12	CD12
CD13	CD13
CD14	CD14
CD15	CD15
CD16	CD16
CD17	CD17
CD18	CD18
CD19	CD19
CD1A	CD1A
CD1B	CD1B
CD1C	CD1C
CD1D	CD1D
CD1E	CD1E
CD1F	CD1F
CD20	CD20
CD21	CD21
CD22	CD22
CD23	CD23
CD24	CD24
CD25	CD25
CD26	CD26
CD27	CD27
CD28	CD28
CD29	CD29
CD2A	CD2A
CD2B	CD2B
CD2C	CD2C
CD2D	CD2D
CD2E	CD2E
CD2F	CD2F
CD30	CD30
CD31	CD31
CD32	CD32
CD33	CD33
CD34	CD34
CD35	CD35
CD36	CD36
CD37	CD37
CD38	CD38
CD39	CD39
CD3A	CD3A
CD3B	CD3B
CD3C	CD3C
CD3D	CD3D
CD3E	CD3E
CD3F	CD3F
CD40	CD40
CD41	CD41
CD42	CD42
CD43	CD43
CD44	CD44
CD45	CD45
CD46	CD46
CD47	CD47
CD48	CD48
CD49	CD49
CD4A	CD4A
CD4B	CD4B
CD4C	CD4C
CD4D	CD4D
CD4E	CD4E
CD4F	CD4F
CD50	CD50
CD51	CD51
CD52	CD52
CD53	CD53
CD54	CD54
CD55	CD55
CD56	CD56
CD57	CD57
CD58	CD58
CD59	CD59
CD5A	CD5A
CD5B	CD5B
CD5C	CD5C
CD5D	CD5D
CD5E	CD5E
CD5F	CD5F
CD60	CD60
CD61	CD61
CD62	CD62
CD63	CD63
CD64	CD64
CD65	CD65
CD66	CD66
CD67	CD67
CD68	CD68
CD69	CD69
CD6A	CD6A
CD6B	CD6B
CD6C	CD6C
CD6D	CD6D
CD6E	CD6E
CD6F	CD6F
CD70	CD70
CD71	CD71
CD72	CD72
CD73	CD73
CD74	CD74
CD75	CD75
CD76	CD76
CD77	CD77
CD78	CD78
CD79	CD79
CD7A	CD7A
CD7B	CD7B
CD7C	CD7C
CD7D	CD7D
CD7E	CD7E
CD7F	CD7F
CD80	CD80
CD81	CD81
CD82	CD82
CD83	CD83
CD84	CD84
CD85	CD85
CD86	CD86
CD87	CD87
CD88	CD88
CD89	CD89
CD8A	CD8A
CD8B	CD8B
CD8C	CD8C
CD8D	CD8D
CD8E	CD8E
CD8F	CD8F
CD90	CD90
CD91	CD91
CD92	CD92
CD93	CD93
CD94	CD94
CD95	CD95
CD96	CD96
CD97	CD97
CD98	CD98
CD99	CD99
CD9A	CD9A
CD9B	CD9B
CD9C	CD9C
CD9D	CD9D
CD9E	CD9E
CD9F	CD9F
CDA0	CDA0
CDA1	CDA1
CDA2	CDA2
CDA3	CDA3
CDA4	CDA4
CDA5	CDA5
CDA6	CDA6
CDA7	CDA7
CDA8	CDA8
CDA9	CDA9
CDAA	CDAA
CDAB	CDAB
CDAC	CDAC
CDAD	CDAD
CDAE	CDAE
CDAF	CDAF
CDB0	CDB0
CDB1	CDB1
CDB2	CDB2
CDB3	CDB3
CDB4	CDB4
CDB5	CDB5
CDB6	CDB6
CDB7	CDB7
CDB8	CDB8
CDB9	CDB9
CDBA	CDBA
CDBB	CDBB
CDBC	CDBC
CDBD	CDBD
CDBE	CDBE
CDBF	CDBF
CDC0	CDC0
CDC1	CDC1
CDC2	CDC2
CDC3	CDC3
CDC4	CDC4
CDC5	CDC5
CDC6	CDC6
CDC7	CDC7
CDC8	CDC8
CDC9	CDC9
CDCA	CDCA
CDCB	CDCB
CDCC	CDCC
CDCD	CDCD
CDCE	CDCE
CDCF	CDCF
CDD0	CDD0
CDD1	CDD1
CDD2	CDD2
CDD3	CDD3
CDD4	CDD4
CDD5	CDD5
CDD6	CDD6
CDD7	CDD7
CDD8	CDD8
CDD9	CDD9
CDDA	CDDA
CDDB	CDDB
CDDC	CDDC
CDDD	CDDD
CDDE	CDDE
CDDF	CDDF
CDE0	CDE0
CDE1	CDE1
CDE2	CDE2
CDE3	CDE3
CDE4	CDE4
CDE5	CDE5
CDE6	CDE6
CDE7	CDE7
CDE8	CDE8
CDE9	CDE9
CDEA	CDEA
CDEB	CDEB
CDEC	CDEC
CDED	CDED
CDEE	CDEE
CDEF	CDEF
CDF0	CDF0
CDF1	CDF1
CDF2	CDF2
CDF3	CDF3
CDF4	CDF4
CDF5	CDF5
CDF6	CDF6
CDF7	CDF7
CDF8	CDF8
CDF9	CDF9
CDFA	CDFA
CDFB	CDFB
CDFC	CDFC
CDFD	CDFD
CDFE	CDFE
CDFF	CDFF
CE00	CE00
CE01	CE01
CE02	CE02
CE03	CE03
CE04	CE04
CE05	CE05
CE06	CE06
CE07	CE07
CE08	CE08
CE09	CE09
CE0A	CE0A
CE0B	CE0B
CE0C	CE0C
CE0D	CE0D
CE0E	CE0E
CE0F	CE0F
CE10	CE10
CE11	CE11
CE12	CE12
CE13	CE13
CE14	CE14
CE15	CE15
CE16	CE16
CE17	CE17
CE18	CE18
CE19	CE19
CE1A	CE1A
CE1B	CE1B
CE1C	CE1C
CE1D	CE1D
CE1E	CE1E
CE1F	CE1F
CE20	CE20
CE21	CE21
CE22	CE22
CE23	CE23
CE24	CE24
CE25	CE25
CE26	CE26
CE27	CE27
CE28	CE28
CE29	CE29
CE2A	CE2A
CE2B	CE2B
CE2C	CE2C
CE2D	CE2D
CE2E	CE2E
CE2F	CE2F
CE30	CE30
CE31	CE31
CE32	CE32
CE33	CE33
CE34	CE34
CE35	CE35
CE36	CE36
CE37	CE37
CE38	CE38
CE39	CE39
CE3A	CE3A
CE3B	CE3B
CE3C	CE3C
CE3D	CE3D
CE3E	CE3E
CE3F	CE3F
CE40	CE40
CE41	CE41
CE42	CE42
CE43	CE43
CE44	CE44
CE45	CE45
CE46	CE46
CE47	CE47
CE48	CE48
CE49	CE49
CE4A	CE4A
CE4B	CE4B
CE4C	CE4C
CE4D	CE4D
CE4E	CE4E
CE4F	CE4F
CE50	CE50
CE51	CE51
CE52	CE52
CE53	CE53
CE54	CE54
CE55	CE55
CE56	CE56
CE57	CE57
CE58	CE58
CE59	CE59
CE5A	CE5A
CE5B	CE5B
CE5C	CE5C
CE5D	CE5D
CE5E	CE5E
CE5F	CE5F
CE60	CE60
CE61	CE61
CE62	CE62
CE63	CE63
CE64	CE64
CE65	CE65
CE66	CE66
CE67	CE67
CE68	CE68
CE69	CE69
CE6A	CE6A
CE6B	CE6B
CE6C	CE6C
CE6D	CE6D
CE6E	CE6E
CE6F	CE6F
CE70	CE70
CE71	CE71
CE72	CE72
CE73	CE73
CE74	CE74
CE75	CE75
CE76	CE76
CE77	CE77
CE78	CE78
CE79	CE79
CE7A	CE7A
CE7B	CE7B
CE7C	CE7C
CE7D	CE7D
CE7E	CE7E
CE7F	CE7F
CE80	CE80
CE81	CE81
CE82	CE82
CE83	CE83
CE84	CE84
CE85	CE85
CE86	CE86
CE87	CE87
CE88	CE88
CE89	CE89
CE8A	CE8A
CE8B	CE8B
CE8C	CE8C
CE8D	CE8D
CE8E	CE8E
CE8F	CE8F
CE90	CE90
CE91	CE91
CE92	CE92
CE93	CE93
CE94	CE94
CE95	CE95
CE96	CE96
CE97	CE97
CE98	CE98
CE99	CE99
CE9A	CE9A
CE9B	CE9B
CE9C	CE9C
CE9D	CE9D
CE9E	CE9E
CE9F	CE9F
CEA0	CEA0
CEA1	CEA1
CEA2	CEA2
CEA3	CEA3
CEA4	CEA4
CEA5	CEA5
CEA6	CEA6
CEA7	CEA7
CEA8	CEA8
CEA9	CEA9
CEAA	CEAA
CEAB	CEAB
CEAC	CEAC
CEAD	CEAD
CEAE	CEAE
CEAF	CEAF
CEB0	CEB0
CEB1	CEB1
CEB2	CEB2
CEB3	CEB3
CEB4	CEB4
CEB5	CEB5
CEB6	CEB6
CEB7	CEB7
CEB8	CEB8
CEB9	CEB9
CEBA	CEBA
CEBB	CEBB
CEBC	CEBC
CEBD	CEBD
CEBE	CEBE
CEBF	CEBF
CEC0	CEC0
CEC1	CEC1
CEC2	CEC2
CEC3	CEC3
CEC4	CEC4
CEC5	CEC5
CEC6	CEC6
CEC7	CEC7
CEC8	CEC8
CEC9	CEC9
CECA	CECA
CECB	CECB
CECC	CECC
CECD	CECD
CECE	CECE
CECF	CECF
CED0	CED0
CED1	CED1
CED2	CED2
CED3	CED3
CED4	CED4
CED5	CED5
CED6	CED6
CED7	CED7
CED8	CED8
CED9	CED9
CEDA	CEDA
CEDB	CEDB
CEDC	CEDC
CEDD	CEDD
CEDE	CEDE
CEDF	CEDF
CEE0	CEE0
CEE1	CEE1
CEE2	CEE2
CEE3	CEE3
CEE4	CEE4
CEE5	CEE5
CEE6	CEE6
CEE7	CEE7
CEE8	CEE8
CEE9	CEE9
CEEA	CEEA
CEEB	CEEB
CEEC	CEEC
CEED	CEED
CEEE	CEEE
CEEF	CEEF
CEF0	CEF0
CEF1	CEF1
CEF2	CEF2
CEF3	CEF3
CEF4	CEF4
CEF5	CEF5
CEF6	CEF6
CEF7	CEF7
CEF8	CEF8
CEF9	CEF9
CEFA	CEFA
CEFB	CEFB
CEFC	CEFC
CEFD	CEFD
CEFE	CEFE
CEFF	CEFF
CF00	CF00
CF01	CF01
CF02	CF02
CF03	CF03
CF04	CF04
CF05	CF05
CF06	CF06
CF07	CF07
CF08	CF08
CF09	CF09
CF0A	CF0A
CF0B	CF0B
CF0C	CF0C
CF0D	CF0D
CF0E	CF0E
CF0F	CF0F
CF10	CF10
CF11	CF11
CF12	CF12
CF13	CF13
CF14	CF14
CF15	CF15
CF16	CF16
CF17	CF17
CF18	CF18
CF19	CF19
CF1A	CF1A
CF1B	CF1B
CF1C	CF1C
CF1D	CF1D
CF1E	CF1E
CF1F	CF1F
CF20	CF20
CF21	CF21
CF22	CF22
CF23	CF23
CF24	CF24
CF25	CF25
CF26	CF26
CF27	CF27
CF28	CF28
CF29	CF29
CF2A	CF2A
CF2B	CF2B
CF2C	CF2C
CF2D	CF2D
CF2E	CF2E
CF2F	CF2F
CF30	CF30
CF31	CF31
CF32	CF32
CF33	CF33
CF34	CF34
CF35	CF35
CF36	CF36
CF37	CF37
CF38	CF38
CF39	CF39
CF3A	CF3A
CF3B	CF3B
CF3C	CF3C
CF3D	CF3D
CF3E	CF3E
CF3F	CF3F
CF40	CF40
CF41	CF41
CF42	CF42
CF43	CF43
CF44	CF44
CF45	CF45
CF46	CF46
CF47	CF47
CF48	CF48
CF49	CF49
CF4A	CF4A
CF4B	CF4B
CF4C	CF4C
CF4D	CF4D
CF4E	CF4E
CF4F	CF4F
CF50	CF50
CF51	CF51
CF52	CF52
CF53	CF53
CF54	CF54
CF55	CF55
CF56	CF56
CF57	CF57
CF58	CF58
CF59	CF59
CF5A	CF5A
CF5B	CF5B
CF5C	CF5C
CF5D	CF5D
CF5E	CF5E
CF5F	CF5F
CF60	CF60
CF61	CF61
CF62	CF62
CF63	CF63
CF64	CF64
CF65	CF65
CF66	CF66
CF67	CF67
CF68	CF68
CF69	CF69
CF6A	CF6A
CF6B	CF6B
CF6C	CF6C
CF6D	CF6D
CF6E	CF6E
CF6F	CF6F
CF70	CF70
CF71	CF71
CF72	CF72
CF73	CF73
CF74	CF74
CF75	CF75
CF76	CF76
CF77	CF77
CF78	CF78
CF79	CF79
CF7A	CF7A
CF7B	CF7B
CF7C	CF7C
CF7D	CF7D
CF7E	CF7E
CF7F	CF7F
CF80	CF80
CF81	CF81
CF82	CF82
CF83	CF83
CF84	CF84
CF85	CF85
CF86	CF86
CF87	CF87
CF88	CF88
CF89	CF89
CF8A	CF8A
CF8B	CF8B
CF8C	CF8C
CF8D	CF8D
CF8E	CF8E
CF8F	CF8F
CF90	CF90
CF91	CF91
CF92	CF92
CF93	CF93
CF94	CF94
CF95	CF95
CF96	CF96
CF97	CF97
CF98	CF98
CF99	CF99
CF9A	CF9A
CF9B	CF9B
CF9C	CF9C
CF9D	CF9D
CF9E	CF9E
CF9F	CF9F
CFA0	CFA0
CFA1	CFA1
CFA2	CFA2
CFA3	CFA3
CFA4	CFA4
CFA5	CFA5
CFA6	CFA6
CFA7	CFA7
CFA8	CFA8
CFA9	CFA9
CFAA	CFAA
CFAB	CFAB
CFAC	CFAC
CFAD	CFAD
CFAE	CFAE
CFAF	CFAF
CFB0	CFB0
CFB1	CFB1
CFB2	CFB2
CFB3	CFB3
CFB4	CFB4
CFB5	CFB5
CFB6	CFB6
CFB7	CFB7
CFB8	CFB8
CFB9	CFB9
CFBA	CFBA
CFBB	CFBB
CFBC	CFBC
CFBD	CFBD
CFBE	CFBE
CFBF	CFBF
CFC0	CFC0
CFC1	CFC1
CFC2	CFC2
CFC3	CFC3
CFC4	CFC4
CFC5	CFC5
CFC6	CFC6
CFC7	CFC7
CFC8	CFC8
CFC9	CFC9
CFCA	CFCA
CFCB	CFCB
CFCC	CFCC
CFCD	CFCD
CFCE	CFCE
CFCF	CFCF
CFD0	CFD0
CFD1	CFD1
CFD2	CFD2
CFD3	CFD3
CFD4	CFD4
CFD5	CFD5
CFD6	CFD6
CFD7	CFD7
CFD8	CFD8
CFD9	CFD9
CFDA	CFDA
CFDB	CFDB
CFDC	CFDC
CFDD	CFDD
CFDE	CFDE
CFDF	CFDF
CFE0	CFE0
CFE1	CFE1
CFE2	CFE2
CFE3	CFE3
CFE4	CFE4
CFE5	CFE5
CFE6	CFE6
CFE7	CFE7
CFE8	CFE8
CFE9	CFE9
CFEA	CFEA
CFEB	CFEB
CFEC	CFEC
CFED	CFED
CFEE	CFEE
CFEF	CFEF
CFF0	CFF0
CFF1	CFF1
CFF2	CFF2
CFF3	CFF3
CFF4	CFF4
CFF5	CFF5
CFF6	CFF6
CFF7	CFF7
CFF8	CFF8
CFF9	CFF9
CFFA	CFFA
CFFB	CFFB
CFFC	CFFC
CFFD	CFFD
CFFE	CFFE
CFFF	CFFF
D000	D000
D001	D001
D002	D002
D003	D003
D004	D004
D005	D005
D006	D006
D007	D007
D008	D008
D009	D009
D00A	D00A
D00B	D00B
D00C	D00C
D00D	D00D
D00E	D00E
D00F	D00F
D010	D010
D011	D011
D012	D012
D013	D013
D014	D014
D015	D015
D016	D016
D017	D017
D018	D018
D019	D019
D01A	D01A
D01B	D01B
D01C	D01C
D01D	D01D
D01E	D01E
D01F	D01F
D020	D020
D021	D021
D022	D022
D023	D023
D024	D024
D025	D025
D026	D026
D027	D027
D028	D028
D029	D029
D02A	D02A
D02B	D02B
D02C	D02C
D02D	D02D
D02E	D02E
D02F	D02F
D030	D030
D031	D031
D032	D032
D033	D033
D034	D034
D035	D035
D036	D036
D037	D037
D038	D038
D039	D039
D03A	D03A
D03B	D03B
D03C	D03C
D03D	D03D
D03E	D03E
D03F	D03F
D040	D040
D041	D041
D042	D042
D043	D043
D044	D044
D045	D045
D046	D046
D047	D047
D048	D048
D049	D049
D04A	D04A
D04B	D04B
D04C	D04C
D04D	D04D
D04E	D04E
D04F	D04F
D050	D050
D051	D051
D052	D052
D053	D053
D054	D054
D055	D055
D056	D056
D057	D057
D058	D058
D059	D059
D05A	D05A
D05B	D05B
D05C	D05C
D05D	D05D
D05E	D05E
D05F	D05F
D060	D060
D061	D061
D062	D062
D063	D063
D064	D064
D065	D065
D066	D066
D067	D067
D068	D068
D069	D069
D06A	D06A
D06B	D06B
D06C	D06C
D06D	D06D
D06E	D06E
D06F	D06F
D070	D070
D071	D071
D072	D072
D073	D073
D074	D074
D075	D075
D076	D076
D077	D077
D078	D078
D079	D079
D07A	D07A
D07B	D07B
D07C	D07C
D07D	D07D
D07E	D07E
D07F	D07F
D080	D080
D081	D081
D082	D082
D083	D083
D084	D084
D085	D085
D086	D086
D087	D087
D088	D088
D089	D089
D08A	D08A
D08B	D08B
D08C	D08C
D08D	D08D
D08E	D08E
D08F	D08F
D090	D090
D091	D091
D092	D092
D093	D093
D094	D094
D095	D095
D096	D096
D097	D097
D098	D098
D099	D099
D09A	D09A
D09B	D09B
D09C	D09C
D09D	D09D
D09E	D09E
D09F	D09F
D0A0	D0A0
D0A1	D0A1
D0A2	D0A2
D0A3	D0A3
D0A4	D0A4
D0A5	D0A5
D0A6	D0A6
D0A7	D0A7
D0A8	D0A8
D0A9	D0A9
D0AA	D0AA
D0AB	D0AB
D0AC	D0AC
D0AD	D0AD
D0AE	D0AE
D0AF	D0AF
D0B0	D0B0
D0B1	D0B1
D0B2	D0B2
D0B3	D0B3
D0B4	D0B4
D0B5	D0B5
D0B6	D0B6
D0B7	D0B7
D0B8	D0B8
D0B9	D0B9
D0BA	D0BA
D0BB	D0BB
D0BC	D0BC
D0BD	D0BD
D0BE	D0BE
D0BF	D0BF
D0C0	D0C0
D0C1	D0C1
D0C2	D0C2
D0C3	D0C3
D0C4	D0C4
D0C5	D0C5
D0C6	D0C6
D0C7	D0C7
D0C8	D0C8
D0C9	D0C9
D0CA	D0CA
D0CB	D0CB
D0CC	D0CC
D0CD	D0CD
D0CE	D0CE
D0CF	D0CF
D0D0	D0D0
D0D1	D0D1
D0D2	D0D2
D0D3	D0D3
D0D4	D0D4
D0D5	D0D5
D0D6	D0D6
D0D7	D0D7
D0D8	D0D8
D0D9	D0D9
D0DA	D0DA
D0DB	D0DB
D0DC	D0DC
D0DD	D0DD
D0DE	D0DE
D0DF	D0DF
D0E0	D0E0
D0E1	D0E1
D0E2	D0E2
D0E3	D0E3
D0E4	D0E4
D0E5	D0E5
D0E6	D0E6
D0E7	D0E7
D0E8	D0E8
D0E9	D0E9
D0EA	D0EA
D0EB	D0EB
D0EC	D0EC
D0ED	D0ED
D0EE	D0EE
D0EF	D0EF
D0F0	D0F0
D0F1	D0F1
D0F2	D0F2
D0F3	D0F3
D0F4	D0F4
D0F5	D0F5
D0F6	D0F6
D0F7	D0F7
D0F8	D0F8
D0F9	D0F9
D0FA	D0FA
D0FB	D0FB
D0FC	D0FC
D0FD	D0FD
D0FE	D0FE
D0FF	D0FF
D100	D100
D101	D101
D102	D102
D103	D103
D104	D104
D105	D105
D106	D106
D107	D107
D108	D108
D109	D109
D10A	D10A
D10B	D10B
D10C	D10C
D10D	D10D
D10E	D10E
D10F	D10F
D110	D110
D111	D111
D112	D112
D113	D113
D114	D114
D115	D115
D116	D116
D117	D117
D118	D118
D119	D119
D11A	D11A
D11B	D11B
D11C	D11C
D11D	D11D
D11E	D11E
D11F	D11F
D120	D120
D121	D121
D122	D122
D123	D123
D124	D124
D125	D125
D126	D126
D127	D127
D128	D128
D129	D129
D12A	D12A
D12B	D12B
D12C	D12C
D12D	D12D
D12E	D12E
D12F	D12F
D130	D130
D131	D131
D132	D132
D133	D133
D134	D134
D135	D135
D136	D136
D137	D137
D138	D138
D139	D139
D13A	D13A
D13B	D13B
D13C	D13C
D13D	D13D
D13E	D13E
D13F	D13F
D140	D140
D141	D141
D142	D142
D143	D143
D144	D144
D145	D145
D146	D146
D147	D147
D148	D148
D149	D149
D14A	D14A
D14B	D14B
D14C	D14C
D14D	D14D
D14E	D14E
D14F	D14F
D150	D150
D151	D151
D152	D152
D153	D153
D154	D154
D155	D155
D156	D156
D157	D157
D158	D158
D159	D159
D15A	D15A
D15B	D15B
D15C	D15C
D15D	D15D
D15E	D15E
D15F	D15F
D160	D160
D161	D161
D162	D162
D163	D163
D164	D164
D165	D165
D166	D166
D167	D167
D168	D168
D169	D169
D16A	D16A
D16B	D16B
D16C	D16C
D16D	D16D
D16E	D16E
D16F	D16F
D170	D170
D171	D171
D172	D172
D173	D173
D174	D174
D175	D175
D176	D176
D177	D177
D178	D178
D179	D179
D17A	D17A
D17B	D17B
D17C	D17C
D17D	D17D
D17E	D17E
D17F	D17F
D180	D180
D181	D181
D182	D182
D183	D183
D184	D184
D185	D185
D186	D186
D187	D187
D188	D188
D189	D189
D18A	D18A
D18B	D18B
D18C	D18C
D18D	D18D
D18E	D18E
D18F	D18F
D190	D190
D191	D191
D192	D192
D193	D193
D194	D194
D195	D195
D196	D196
D197	D197
D198	D198
D199	D199
D19A	D19A
D19B	D19B
D19C	D19C
D19D	D19D
D19E	D19E
D19F	D19F
D1A0	D1A0
D1A1	D1A1
D1A2	D1A2
D1A3	D1A3
D1A4	D1A4
D1A5	D1A5
D1A6	D1A6
D1A7	D1A7
D1A8	D1A8
D1A9	D1A9
D1AA	D1AA
D1AB	D1AB
D1AC	D1AC
D1AD	D1AD
D1AE	D1AE
D1AF	D1AF
D1B0	D1B0
D1B1	D1B1
D1B2	D1B2
D1B3	D1B3
D1B4	D1B4
D1B5	D1B5
D1B6	D1B6
D1B7	D1B7
D1B8	D1B8
D1B9	D1B9
D1BA	D1BA
D1BB	D1BB
D1BC	D1BC
D1BD	D1BD
D1BE	D1BE
D1BF	D1BF
D1C0	D1C0
D1C1	D1C1
D1C2	D1C2
D1C3	D1C3
D1C4	D1C4
D1C5	D1C5
D1C6	D1C6
D1C7	D1C7
D1C8	D1C8
D1C9	D1C9
D1CA	D1CA
D1CB	D1CB
D1CC	D1CC
D1CD	D1CD
D1CE	D1CE
D1CF	D1CF
D1D0	D1D0
D1D1	D1D1
D1D2	D1D2
D1D3	D1D3
D1D4	D1D4
D1D5	D1D5
D1D6	D1D6
D1D7	D1D7
D1D8	D1D8
D1D9	D1D9
D1DA	D1DA
D1DB	D1DB
D1DC	D1DC
D1DD	D1DD
D1DE	D1DE
D1DF	D1DF
D1E0	D1E0
D1E1	D1E1
D1E2	D1E2
D1E3	D1E3
D1E4	D1E4
D1E5	D1E5
D1E6	D1E6
D1E7	D1E7
D1E8	D1E8
D1E9	D1E9
D1EA	D1EA
D1EB	D1EB
D1EC	D1EC
D1ED	D1ED
D1EE	D1EE
D1EF	D1EF
D1F0	D1F0
D1F1	D1F1
D1F2	D1F2
D1F3	D1F3
D1F4	D1F4
D1F5	D1F5
D1F6	D1F6
D1F7	D1F7
D1F8	D1F8
D1F9	D1F9
D1FA	D1FA
D1FB	D1FB
D1FC	D1FC
D1FD	D1FD
D1FE	D1FE
D1FF	D1FF
D200	D200
D201	D201
D202	D202
D203	D203
D204	D204
D205	D205
D206	D206
D207	D207
D208	D208
D209	D209
D20A	D20A
D20B	D20B
D20C	D20C
D20D	D20D
D20E	D20E
D20F	D20F
D210	D210
D211	D211
D212	D212
D213	D213
D214	D214
D215	D215
D216	D216
D217	D217
D218	D218
D219	D219
D21A	D21A
D21B	D21B
D21C	D21C
D21D	D21D
D21E	D21E
D21F	D21F
D220	D220
D221	D221
D222	D222
D223	D223
D224	D224
D225	D225
D226	D226
D227	D227
D228	D228
D229	D229
D22A	D22A
D22B	D22B
D22C	D22C
D22D	D22D
D22E	D22E
D22F	D22F
D230	D230
D231	D231
D232	D232
D233	D233
D234	D234
D235	D235
D236	D236
D237	D237
D238	D238
D239	D239
D23A	D23A
D23B	D23B
D23C	D23C
D23D	D23D
D23E	D23E
D23F	D23F
D240	D240
D241	D241
D242	D242
D243	D243
D244	D244
D245	D245
D246	D246
D247	D247
D248	D248
D249	D249
D24A	D24A
D24B	D24B
D24C	D24C
D24D	D24D
D24E	D24E
D24F	D24F
D250	D250
D251	D251
D252	D252
D253	D253
D254	D254
D255	D255
D256	D256
D257	D257
D258	D258
D259	D259
D25A	D25A
D25B	D25B
D25C	D25C
D25D	D25D
D25E	D25E
D25F	D25F
D260	D260
D261	D261
D262	D262
D263	D263
D264	D264
D265	D265
D266	D266
D267	D267
D268	D268
D269	D269
D26A	D26A
D26B	D26B
D26C	D26C
D26D	D26D
D26E	D26E
D26F	D26F
D270	D270
D271	D271
D272	D272
D273	D273
D274	D274
D275	D275
D276	D276
D277	D277
D278	D278
D279	D279
D27A	D27A
D27B	D27B
D27C	D27C
D27D	D27D
D27E	D27E
D27F	D27F
D280	D280
D281	D281
D282	D282
D283	D283
D284	D284
D285	D285
D286	D286
D287	D287
D288	D288
D289	D289
D28A	D28A
D28B	D28B
D28C	D28C
D28D	D28D
D28E	D28E
D28F	D28F
D290	D290
D291	D291
D292	D292
D293	D293
D294	D294
D295	D295
D296	D296
D297	D297
D298	D298
D299	D299
D29A	D29A
D29B	D29B
D29C	D29C
D29D	D29D
D29E	D29E
D29F	D29F
D2A0	D2A0
D2A1	D2A1
D2A2	D2A2
D2A3	D2A3
D2A4	D2A4
D2A5	D2A5
D2A6	D2A6
D2A7	D2A7
D2A8	D2A8
D2A9	D2A9
D2AA	D2AA
D2AB	D2AB
D2AC	D2AC
D2AD	D2AD
D2AE	D2AE
D2AF	D2AF
D2B0	D2B0
D2B1	D2B1
D2B2	D2B2
D2B3	D2B3
D2B4	D2B4
D2B5	D2B5
D2B6	D2B6
D2B7	D2B7
D2B8	D2B8
D2B9	D2B9
D2BA	D2BA
D2BB	D2BB
D2BC	D2BC
D2BD	D2BD
D2BE	D2BE
D2BF	D2BF
D2C0	D2C0
D2C1	D2C1
D2C2	D2C2
D2C3	D2C3
D2C4	D2C4
D2C5	D2C5
D2C6	D2C6
D2C7	D2C7
D2C8	D2C8
D2C9	D2C9
D2CA	D2CA
D2CB	D2CB
D2CC	D2CC
D2CD	D2CD
D2CE	D2CE
D2CF	D2CF
D2D0	D2D0
D2D1	D2D1
D2D2	D2D2
D2D3	D2D3
D2D4	D2D4
D2D5	D2D5
D2D6	D2D6
D2D7	D2D7
D2D8	D2D8
D2D9	D2D9
D2DA	D2DA
D2DB	D2DB
D2DC	D2DC
D2DD	D2DD
D2DE	D2DE
D2DF	D2DF
D2E0	D2E0
D2E1	D2E1
D2E2	D2E2
D2E3	D2E3
D2E4	D2E4
D2E5	D2E5
D2E6	D2E6
D2E7	D2E7
D2E8	D2E8
D2E9	D2E9
D2EA	D2EA
D2EB	D2EB
D2EC	D2EC
D2ED	D2ED
D2EE	D2EE
D2EF	D2EF
D2F0	D2F0
D2F1	D2F1
D2F2	D2F2
D2F3	D2F3
D2F4	D2F4
D2F5	D2F5
D2F6	D2F6
D2F7	D2F7
D2F8	D2F8
D2F9	D2F9
D2FA	D2FA
D2FB	D2FB
D2FC	D2FC
D2FD	D2FD
D2FE	D2FE
D2FF	D2FF
D300	D300
D301	D301
D302	D302
D303	D303
D304	D304
D305	D305
D306	D306
D307	D307
D308	D308
D309	D309
D30A	D30A
D30B	D30B
D30C	D30C
D30D	D30D
D30E	D30E
D30F	D30F
D310	D310
D311	D311
D312	D312
D313	D313
D314	D314
D315	D315
D316	D316
D317	D317
D318	D318
D319	D319
D31A	D31A
D31B	D31B
D31C	D31C
D31D	D31D
D31E	D31E
D31F	D31F
D320	D320
D321	D321
D322	D322
D323	D323
D324	D324
D325	D325
D326	D326
D327	D327
D328	D328
D329	D329
D32A	D32A
D32B	D32B
D32C	D32C
D32D	D32D
D32E	D32E
D32F	D32F
D330	D330
D331	D331
D332	D332
D333	D333
D334	D334
D335	D335
D336	D336
D337	D337
D338	D338
D339	D339
D33A	D33A
D33B	D33B
D33C	D33C
D33D	D33D
D33E	D33E
D33F	D33F
D340	D340
D341	D341
D342	D342
D343	D343
D344	D344
D345	D345
D346	D346
D347	D347
D348	D348
D349	D349
D34A	D34A
D34B	D34B
D34C	D34C
D34D	D34D
D34E	D34E
D34F	D34F
D350	D350
D351	D351
D352	D352
D353	D353
D354	D354
D355	D355
D356	D356
D357	D357
D358	D358
D359	D359
D35A	D35A
D35B	D35B
D35C	D35C
D35D	D35D
D35E	D35E
D35F	D35F
D360	D360
D361	D361
D362	D362
D363	D363
D364	D364
D365	D365
D366	D366
D367	D367
D368	D368
D369	D369
D36A	D36A
D36B	D36B
D36C	D36C
D36D	D36D
D36E	D36E
D36F	D36F
D370	D370
D371	D371
D372	D372
D373	D373
D374	D374
D375	D375
D376	D376
D377	D377
D378	D378
D379	D379
D37A	D37A
D37B	D37B
D37C	D37C
D37D	D37D
D37E	D37E
D37F	D37F
D380	D380
D381	D381
D382	D382
D383	D383
D384	D384
D385	D385
D386	D386
D387	D387
D388	D388
D389	D389
D38A	D38A
D38B	D38B
D38C	D38C
D38D	D38D
D38E	D38E
D38F	D38F
D390	D390
D391	D391
D392	D392
D393	D393
D394	D394
D395	D395
D396	D396
D397	D397
D398	D398
D399	D399
D39A	D39A
D39B	D39B
D39C	D39C
D39D	D39D
D39E	D39E
D39F	D39F
D3A0	D3A0
D3A1	D3A1
D3A2	D3A2
D3A3	D3A3
D3A4	D3A4
D3A5	D3A5
D3A6	D3A6
D3A7	D3A7
D3A8	D3A8
D3A9	D3A9
D3AA	D3AA
D3AB	D3AB
D3AC	D3AC
D3AD	D3AD
D3AE	D3AE
D3AF	D3AF
D3B0	D3B0
D3B1	D3B1
D3B2	D3B2
D3B3	D3B3
D3B4	D3B4
D3B5	D3B5
D3B6	D3B6
D3B7	D3B7
D3B8	D3B8
D3B9	D3B9
D3BA	D3BA
D3BB	D3BB
D3BC	D3BC
D3BD	D3BD
D3BE	D3BE
D3BF	D3BF
D3C0	D3C0
D3C1	D3C1
D3C2	D3C2
D3C3	D3C3
D3C4	D3C4
D3C5	D3C5
D3C6	D3C6
D3C7	D3C7
D3C8	D3C8
D3C9	D3C9
D3CA	D3CA
D3CB	D3CB
D3CC	D3CC
D3CD	D3CD
D3CE	D3CE
D3CF	D3CF
D3D0	D3D0
D3D1	D3D1
D3D2	D3D2
D3D3	D3D3
D3D4	D3D4
D3D5	D3D5
D3D6	D3D6
D3D7	D3D7
D3D8	D3D8
D3D9	D3D9
D3DA	D3DA
D3DB	D3DB
D3DC	D3DC
D3DD	D3DD
D3DE	D3DE
D3DF	D3DF
D3E0	D3E0
D3E1	D3E1
D3E2	D3E2
D3E3	D3E3
D3E4	D3E4
D3E5	D3E5
D3E6	D3E6
D3E7	D3E7
D3E8	D3E8
D3E9	D3E9
D3EA	D3EA
D3EB	D3EB
D3EC	D3EC
D3ED	D3ED
D3EE	D3EE
D3EF	D3EF
D3F0	D3F0
D3F1	D3F1
D3F2	D3F2
D3F3	D3F3
D3F4	D3F4
D3F5	D3F5
D3F6	D3F6
D3F7	D3F7
D3F8	D3F8
D3F9	D3F9
D3FA	D3FA
D3FB	D3FB
D3FC	D3FC
D3FD	D3FD
D3FE	D3FE
D3FF	D3FF
D400	D400
D401	D401
D402	D402
D403	D403
D404	D404
D405	D405
D406	D406
D407	D407
D408	D408
D409	D409
D40A	D40A
D40B	D40B
D40C	D40C
D40D	D40D
D40E	D40E
D40F	D40F
D410	D410
D411	D411
D412	D412
D413	D413
D414	D414
D415	D415
D416	D416
D417	D417
D418	D418
D419	D419
D41A	D41A
D41B	D41B
D41C	D41C
D41D	D41D
D41E	D41E
D41F	D41F
D420	D420
D421	D421
D422	D422
D423	D423
D424	D424
D425	D425
D426	D426
D427	D427
D428	D428
D429	D429
D42A	D42A
D42B	D42B
D42C	D42C
D42D	D42D
D42E	D42E
D42F	D42F
D430	D430
D431	D431
D432	D432
D433	D433
D434	D434
D435	D435
D436	D436
D437	D437
D438	D438
D439	D439
D43A	D43A
D43B	D43B
D43C	D43C
D43D	D43D
D43E	D43E
D43F	D43F
D440	D440
D441	D441
D442	D442
D443	D443
D444	D444
D445	D445
D446	D446
D447	D447
D448	D448
D449	D449
D44A	D44A
D44B	D44B
D44C	D44C
D44D	D44D
D44E	D44E
D44F	D44F
D450	D450
D451	D451
D452	D452
D453	D453
D454	D454
D455	D455
D456	D456
D457	D457
D458	D458
D459	D459
D45A	D45A
D45B	D45B
D45C	D45C
D45D	D45D
D45E	D45E
D45F	D45F
D460	D460
D461	D461
D462	D462
D463	D463
D464	D464
D465	D465
D466	D466
D467	D467
D468	D468
D469	D469
D46A	D46A
D46B	D46B
D46C	D46C
D46D	D46D
D46E	D46E
D46F	D46F
D470	D470
D471	D471
D472	D472
D473	D473
D474	D474
D475	D475
D476	D476
D477	D477
D478	D478
D479	D479
D47A	D47A
D47B	D47B
D47C	D47C
D47D	D47D
D47E	D47E
D47F	D47F
D480	D480
D481	D481
D482	D482
D483	D483
D484	D484
D485	D485
D486	D486
D487	D487
D488	D488
D489	D489
D48A	D48A
D48B	D48B
D48C	D48C
D48D	D48D
D48E	D48E
D48F	D48F
D490	D490
D491	D491
D492	D492
D493	D493
D494	D494
D495	D495
D496	D496
D497	D497
D498	D498
D499	D499
D49A	D49A
D49B	D49B
D49C	D49C
D49D	D49D
D49E	D49E
D49F	D49F
D4A0	D4A0
D4A1	D4A1
D4A2	D4A2
D4A3	D4A3
D4A4	D4A4
D4A5	D4A5
D4A6	D4A6
D4A7	D4A7
D4A8	D4A8
D4A9	D4A9
D4AA	D4AA
D4AB	D4AB
D4AC	D4AC
D4AD	D4AD
D4AE	D4AE
D4AF	D4AF
D4B0	D4B0
D4B1	D4B1
D4B2	D4B2
D4B3	D4B3
D4B4	D4B4
D4B5	D4B5
D4B6	D4B6
D4B7	D4B7
D4B8	D4B8
D4B9	D4B9
D4BA	D4BA
D4BB	D4BB
D4BC	D4BC
D4BD	D4BD
D4BE	D4BE
D4BF	D4BF
D4C0	D4C0
D4C1	D4C1
D4C2	D4C2
D4C3	D4C3
D4C4	D4C4
D4C5	D4C5
D4C6	D4C6
D4C7	D4C7
D4C8	D4C8
D4C9	D4C9
D4CA	D4CA
D4CB	D4CB
D4CC	D4CC
D4CD	D4CD
D4CE	D4CE
D4CF	D4CF
D4D0	D4D0
D4D1	D4D1
D4D2	D4D2
D4D3	D4D3
D4D4	D4D4
D4D5	D4D5
D4D6	D4D6
D4D7	D4D7
D4D8	D4D8
D4D9	D4D9
D4DA	D4DA
D4DB	D4DB
D4DC	D4DC
D4DD	D4DD
D4DE	D4DE
D4DF	D4DF
D4E0	D4E0
D4E1	D4E1
D4E2	D4E2
D4E3	D4E3
D4E4	D4E4
D4E5	D4E5
D4E6	D4E6
D4E7	D4E7
D4E8	D4E8
D4E9	D4E9
D4EA	D4EA
D4EB	D4EB
D4EC	D4EC
D4ED	D4ED
D4EE	D4EE
D4EF	D4EF
D4F0	D4F0
D4F1	D4F1
D4F2	D4F2
D4F3	D4F3
D4F4	D4F4
D4F5	D4F5
D4F6	D4F6
D4F7	D4F7
D4F8	D4F8
D4F9	D4F9
D4FA	D4FA
D4FB	D4FB
D4FC	D4FC
D4FD	D4FD
D4FE	D4FE
D4FF	D4FF
D500	D500
D501	D501
D502	D502
D503	D503
D504	D504
D505	D505
D506	D506
D507	D507
D508	D508
D509	D509
D50A	D50A
D50B	D50B
D50C	D50C
D50D	D50D
D50E	D50E
D50F	D50F
D510	D510
D511	D511
D512	D512
D513	D513
D514	D514
D515	D515
D516	D516
D517	D517
D518	D518
D519	D519
D51A	D51A
D51B	D51B
D51C	D51C
D51D	D51D
D51E	D51E
D51F	D51F
D520	D520
D521	D521
D522	D522
D523	D523
D524	D524
D525	D525
D526	D526
D527	D527
D528	D528
D529	D529
D52A	D52A
D52B	D52B
D52C	D52C
D52D	D52D
D52E	D52E
D52F	D52F
D530	D530
D531	D531
D532	D532
D533	D533
D534	D534
D535	D535
D536	D536
D537	D537
D538	D538
D539	D539
D53A	D53A
D53B	D53B
D53C	D53C
D53D	D53D
D53E	D53E
D53F	D53F
D540	D540
D541	D541
D542	D542
D543	D543
D544	D544
D545	D545
D546	D546
D547	D547
D548	D548
D549	D549
D54A	D54A
D54B	D54B
D54C	D54C
D54D	D54D
D54E	D54E
D54F	D54F
D550	D550
D551	D551
D552	D552
D553	D553
D554	D554
D555	D555
D556	D556
D557	D557
D558	D558
D559	D559
D55A	D55A
D55B	D55B
D55C	D55C
D55D	D55D
D55E	D55E
D55F	D55F
D560	D560
D561	D561
D562	D562
D563	D563
D564	D564
D565	D565
D566	D566
D567	D567
D568	D568
D569	D569
D56A	D56A
D56B	D56B
D56C	D56C
D56D	D56D
D56E	D56E
D56F	D56F
D570	D570
D571	D571
D572	D572
D573	D573
D574	D574
D575	D575
D576	D576
D577	D577
D578	D578
D579	D579
D57A	D57A
D57B	D57B
D57C	D57C
D57D	D57D
D57E	D57E
D57F	D57F
D580	D580
D581	D581
D582	D582
D583	D583
D584	D584
D585	D585
D586	D586
D587	D587
D588	D588
D589	D589
D58A	D58A
D58B	D58B
D58C	D58C
D58D	D58D
D58E	D58E
D58F	D58F
D590	D590
D591	D591
D592	D592
D593	D593
D594	D594
D595	D595
D596	D596
D597	D597
D598	D598
D599	D599
D59A	D59A
D59B	D59B
D59C	D59C
D59D	D59D
D59E	D59E
D59F	D59F
D5A0	D5A0
D5A1	D5A1
D5A2	D5A2
D5A3	D5A3
D5A4	D5A4
D5A5	D5A5
D5A6	D5A6
D5A7	D5A7
D5A8	D5A8
D5A9	D5A9
D5AA	D5AA
D5AB	D5AB
D5AC	D5AC
D5AD	D5AD
D5AE	D5AE
D5AF	D5AF
D5B0	D5B0
D5B1	D5B1
D5B2	D5B2
D5B3	D5B3
D5B4	D5B4
D5B5	D5B5
D5B6	D5B6
D5B7	D5B7
D5B8	D5B8
D5B9	D5B9
D5BA	D5BA
D5BB	D5BB
D5BC	D5BC
D5BD	D5BD
D5BE	D5BE
D5BF	D5BF
D5C0	D5C0
D5C1	D5C1
D5C2	D5C2
D5C3	D5C3
D5C4	D5C4
D5C5	D5C5
D5C6	D5C6
D5C7	D5C7
D5C8	D5C8
D5C9	D5C9
D5CA	D5CA
D5CB	D5CB
D5CC	D5CC
D5CD	D5CD
D5CE	D5CE
D5CF	D5CF
D5D0	D5D0
D5D1	D5D1
D5D2	D5D2
D5D3	D5D3
D5D4	D5D4
D5D5	D5D5
D5D6	D5D6
D5D7	D5D7
D5D8	D5D8
D5D9	D5D9
D5DA	D5DA
D5DB	D5DB
D5DC	D5DC
D5DD	D5DD
D5DE	D5DE
D5DF	D5DF
D5E0	D5E0
D5E1	D5E1
D5E2	D5E2
D5E3	D5E3
D5E4	D5E4
D5E5	D5E5
D5E6	D5E6
D5E7	D5E7
D5E8	D5E8
D5E9	D5E9
D5EA	D5EA
D5EB	D5EB
D5EC	D5EC
D5ED	D5ED
D5EE	D5EE
D5EF	D5EF
D5F0	D5F0
D5F1	D5F1
D5F2	D5F2
D5F3	D5F3
D5F4	D5F4
D5F5	D5F5
D5F6	D5F6
D5F7	D5F7
D5F8	D5F8
D5F9	D5F9
D5FA	D5FA
D5FB	D5FB
D5FC	D5FC
D5FD	D5FD
D5FE	D5FE
D5FF	D5FF
D600	D600
D601	D601
D602	D602
D603	D603
D604	D604
D605	D605
D606	D606
D607	D607
D608	D608
D609	D609
D60A	D60A
D60B	D60B
D60C	D60C
D60D	D60D
D60E	D60E
D60F	D60F
D610	D610
D611	D611
D612	D612
D613	D613
D614	D614
D615	D615
D616	D616
D617	D617
D618	D618
D619	D619
D61A	D61A
D61B	D61B
D61C	D61C
D61D	D61D
D61E	D61E
D61F	D61F
D620	D620
D621	D621
D622	D622
D623	D623
D624	D624
D625	D625
D626	D626
D627	D627
D628	D628
D629	D629
D62A	D62A
D62B	D62B
D62C	D62C
D62D	D62D
D62E	D62E
D62F	D62F
D630	D630
D631	D631
D632	D632
D633	D633
D634	D634
D635	D635
D636	D636
D637	D637
D638	D638
D639	D639
D63A	D63A
D63B	D63B
D63C	D63C
D63D	D63D
D63E	D63E
D63F	D63F
D640	D640
D641	D641
D642	D642
D643	D643
D644	D644
D645	D645
D646	D646
D647	D647
D648	D648
D649	D649
D64A	D64A
D64B	D64B
D64C	D64C
D64D	D64D
D64E	D64E
D64F	D64F
D650	D650
D651	D651
D652	D652
D653	D653
D654	D654
D655	D655
D656	D656
D657	D657
D658	D658
D659	D659
D65A	D65A
D65B	D65B
D65C	D65C
D65D	D65D
D65E	D65E
D65F	D65F
D660	D660
D661	D661
D662	D662
D663	D663
D664	D664
D665	D665
D666	D666
D667	D667
D668	D668
D669	D669
D66A	D66A
D66B	D66B
D66C	D66C
D66D	D66D
D66E	D66E
D66F	D66F
D670	D670
D671	D671
D672	D672
D673	D673
D674	D674
D675	D675
D676	D676
D677	D677
D678	D678
D679	D679
D67A	D67A
D67B	D67B
D67C	D67C
D67D	D67D
D67E	D67E
D67F	D67F
D680	D680
D681	D681
D682	D682
D683	D683
D684	D684
D685	D685
D686	D686
D687	D687
D688	D688
D689	D689
D68A	D68A
D68B	D68B
D68C	D68C
D68D	D68D
D68E	D68E
D68F	D68F
D690	D690
D691	D691
D692	D692
D693	D693
D694	D694
D695	D695
D696	D696
D697	D697
D698	D698
D699	D699
D69A	D69A
D69B	D69B
D69C	D69C
D69D	D69D
D69E	D69E
D69F	D69F
D6A0	D6A0
D6A1	D6A1
D6A2	D6A2
D6A3	D6A3
D6A4	D6A4
D6A5	D6A5
D6A6	D6A6
D6A7	D6A7
D6A8	D6A8
D6A9	D6A9
D6AA	D6AA
D6AB	D6AB
D6AC	D6AC
D6AD	D6AD
D6AE	D6AE
D6AF	D6AF
D6B0	D6B0
D6B1	D6B1
D6B2	D6B2
D6B3	D6B3
D6B4	D6B4
D6B5	D6B5
D6B6	D6B6
D6B7	D6B7
D6B8	D6B8
D6B9	D6B9
D6BA	D6BA
D6BB	D6BB
D6BC	D6BC
D6BD	D6BD
D6BE	D6BE
D6BF	D6BF
D6C0	D6C0
D6C1	D6C1
D6C2	D6C2
D6C3	D6C3
D6C4	D6C4
D6C5	D6C5
D6C6	D6C6
D6C7	D6C7
D6C8	D6C8
D6C9	D6C9
D6CA	D6CA
D6CB	D6CB
D6CC	D6CC
D6CD	D6CD
D6CE	D6CE
D6CF	D6CF
D6D0	D6D0
D6D1	D6D1
D6D2	D6D2
D6D3	D6D3
D6D4	D6D4
D6D5	D6D5
D6D6	D6D6
D6D7	D6D7
D6D8	D6D8
D6D9	D6D9
D6DA	D6DA
D6DB	D6DB
D6DC	D6DC
D6DD	D6DD
D6DE	D6DE
D6DF	D6DF
D6E0	D6E0
D6E1	D6E1
D6E2	D6E2
D6E3	D6E3
D6E4	D6E4
D6E5	D6E5
D6E6	D6E6
D6E7	D6E7
D6E8	D6E8
D6E9	D6E9
D6EA	D6EA
D6EB	D6EB
D6EC	D6EC
D6ED	D6ED
D6EE	D6EE
D6EF	D6EF
D6F0	D6F0
D6F1	D6F1
D6F2	D6F2
D6F3	D6F3
D6F4	D6F4
D6F5	D6F5
D6F6	D6F6
D6F7	D6F7
D6F8	D6F8
D6F9	D6F9
D6FA	D6FA
D6FB	D6FB
D6FC	D6FC
D6FD	D6FD
D6FE	D6FE
D6FF	D6FF
D700	D700
D701	D701
D702	D702
D703	D703
D704	D704
D705	D705
D706	D706
D707	D707
D708	D708
D709	D709
D70A	D70A
D70B	D70B
D70C	D70C
D70D	D70D
D70E	D70E
D70F	D70F
D710	D710
D711	D711
D712	D712
D713	D713
D714	D714
D715	D715
D716	D716
D717	D717
D718	D718
D719	D719
D71A	D71A
D71B	D71B
D71C	D71C
D71D	D71D
D71E	D71E
D71F	D71F
D720	D720
D721	D721
D722	D722
D723	D723
D724	D724
D725	D725
D726	D726
D727	D727
D728	D728
D729	D729
D72A	D72A
D72B	D72B
D72C	D72C
D72D	D72D
D72E	D72E
D72F	D72F
D730	D730
D731	D731
D732	D732
D733	D733
D734	D734
D735	D735
D736	D736
D737	D737
D738	D738
D739	D739
D73A	D73A
D73B	D73B
D73C	D73C
D73D	D73D
D73E	D73E
D73F	D73F
D740	D740
D741	D741
D742	D742
D743	D743
D744	D744
D745	D745
D746	D746
D747	D747
D748	D748
D749	D749
D74A	D74A
D74B	D74B
D74C	D74C
D74D	D74D
D74E	D74E
D74F	D74F
D750	D750
D751	D751
D752	D752
D753	D753
D754	D754
D755	D755
D756	D756
D757	D757
D758	D758
D759	D759
D75A	D75A
D75B	D75B
D75C	D75C
D75D	D75D
D75E	D75E
D75F	D75F
D760	D760
D761	D761
D762	D762
D763	D763
D764	D764
D765	D765
D766	D766
D767	D767
D768	D768
D769	D769
D76A	D76A
D76B	D76B
D76C	D76C
D76D	D76D
D76E	D76E
D76F	D76F
D770	D770
D771	D771
D772	D772
D773	D773
D774	D774
D775	D775
D776	D776
D777	D777
D778	D778
D779	D779
D77A	D77A
D77B	D77B
D77C	D77C
D77D	D77D
D77E	D77E
D77F	D77F
D780	D780
D781	D781
D782	D782
D783	D783
D784	D784
D785	D785
D786	D786
D787	D787
D788	D788
D789	D789
D78A	D78A
D78B	D78B
D78C	D78C
D78D	D78D
D78E	D78E
D78F	D78F
D790	D790
D791	D791
D792	D792
D793	D793
D794	D794
D795	D795
D796	D796
D797	D797
D798	D798
D799	D799
D79A	D79A
D79B	D79B
D79C	D79C
D79D	D79D
D79E	D79E
D79F	D79F
D7A0	D7A0
D7A1	D7A1
D7A2	D7A2
D7A3	D7A3
E000	E000
E001	E001
E002	E002
E003	E003
E004	E004
E005	E005
E006	E006
E007	E007
E008	E008
E009	E009
E00A	E00A
E00B	E00B
E00C	E00C
E00D	E00D
E00E	E00E
E00F	E00F
E010	E010
E011	E011
E012	E012
E013	E013
E014	E014
E015	E015
E016	E016
E017	E017
E018	E018
E019	E019
E01A	E01A
E01B	E01B
E01C	E01C
E01D	E01D
E01E	E01E
E01F	E01F
E020	E020
E021	E021
E022	E022
E023	E023
E024	E024
E025	E025
E026	E026
E027	E027
E028	E028
E029	E029
E02A	E02A
E02B	E02B
E02C	E02C
E02D	E02D
E02E	E02E
E02F	E02F
E030	E030
E031	E031
E032	E032
E033	E033
E034	E034
E035	E035
E036	E036
E037	E037
E038	E038
E039	E039
E03A	E03A
E03B	E03B
E03C	E03C
E03D	E03D
E03E	E03E
E03F	E03F
E040	E040
E041	E041
E042	E042
E043	E043
E044	E044
E045	E045
E046	E046
E047	E047
E048	E048
E049	E049
E04A	E04A
E04B	E04B
E04C	E04C
E04D	E04D
E04E	E04E
E04F	E04F
E050	E050
E051	E051
E052	E052
E053	E053
E054	E054
E055	E055
E056	E056
E057	E057
E058	E058
E059	E059
E05A	E05A
E05B	E05B
E05C	E05C
E05D	E05D
E05E	E05E
E05F	E05F
E060	E060
E061	E061
E062	E062
E063	E063
E064	E064
E065	E065
E066	E066
E067	E067
E068	E068
E069	E069
E06A	E06A
E06B	E06B
E06C	E06C
E06D	E06D
E06E	E06E
E06F	E06F
E070	E070
E071	E071
E072	E072
E073	E073
E074	E074
E075	E075
E076	E076
E077	E077
E078	E078
E079	E079
E07A	E07A
E07B	E07B
E07C	E07C
E07D	E07D
E07E	E07E
E07F	E07F
E080	E080
E081	E081
E082	E082
E083	E083
E084	E084
E085	E085
E086	E086
E087	E087
E088	E088
E089	E089
E08A	E08A
E08B	E08B
E08C	E08C
E08D	E08D
E08E	E08E
E08F	E08F
E090	E090
E091	E091
E092	E092
E093	E093
E094	E094
E095	E095
E096	E096
E097	E097
E098	E098
E099	E099
E09A	E09A
E09B	E09B
E09C	E09C
E09D	E09D
E09E	E09E
E09F	E09F
E0A0	E0A0
E0A1	E0A1
E0A2	E0A2
E0A3	E0A3
E0A4	E0A4
E0A5	E0A5
E0A6	E0A6
E0A7	E0A7
E0A8	E0A8
E0A9	E0A9
E0AA	E0AA
E0AB	E0AB
E0AC	E0AC
E0AD	E0AD
E0AE	E0AE
E0AF	E0AF
E0B0	E0B0
E0B1	E0B1
E0B2	E0B2
E0B3	E0B3
E0B4	E0B4
E0B5	E0B5
E0B6	E0B6
E0B7	E0B7
E0B8	E0B8
E0B9	E0B9
E0BA	E0BA
E0BB	E0BB
F8F7	F8F7
F900	F900
F901	F901
F902	F902
F903	F903
F904	F904
F905	F905
F906	F906
F907	F907
F908	F908
F909	F909
F90A	F90A
F90B	F90B
F90C	F90C
F90D	F90D
F90E	F90E
F90F	F90F
F910	F910
F911	F911
F912	F912
F913	F913
F914	F914
F915	F915
F916	F916
F917	F917
F918	F918
F919	F919
F91A	F91A
F91B	F91B
F91C	F91C
F91D	F91D
F91E	F91E
F91F	F91F
F920	F920
F921	F921
F922	F922
F923	F923
F924	F924
F925	F925
F926	F926
F927	F927
F928	F928
F929	F929
F92A	F92A
F92B	F92B
F92C	F92C
F92D	F92D
F92E	F92E
F92F	F92F
F930	F930
F931	F931
F932	F932
F933	F933
F934	F934
F935	F935
F936	F936
F937	F937
F938	F938
F939	F939
F93A	F93A
F93B	F93B
F93C	F93C
F93D	F93D
F93E	F93E
F93F	F93F
F940	F940
F941	F941
F942	F942
F943	F943
F944	F944
F945	F945
F946	F946
F947	F947
F948	F948
F949	F949
F94A	F94A
F94B	F94B
F94C	F94C
F94D	F94D
F94E	F94E
F94F	F94F
F950	F950
F951	F951
F952	F952
F953	F953
F954	F954
F955	F955
F956	F956
F957	F957
F958	F958
F959	F959
F95A	F95A
F95B	F95B
F95C	F95C
F95D	F95D
F95E	F95E
F95F	F95F
F960	F960
F961	F961
F962	F962
F963	F963
F964	F964
F965	F965
F966	F966
F967	F967
F968	F968
F969	F969
F96A	F96A
F96B	F96B
F96C	F96C
F96D	F96D
F96E	F96E
F96F	F96F
F970	F970
F971	F971
F972	F972
F973	F973
F974	F974
F975	F975
F976	F976
F977	F977
F978	F978
F979	F979
F97A	F97A
F97B	F97B
F97C	F97C
F97D	F97D
F97E	F97E
F97F	F97F
F980	F980
F981	F981
F982	F982
F983	F983
F984	F984
F985	F985
F986	F986
F987	F987
F988	F988
F989	F989
F98A	F98A
F98B	F98B
F98C	F98C
F98D	F98D
F98E	F98E
F98F	F98F
F990	F990
F991	F991
F992	F992
F993	F993
F994	F994
F995	F995
F996	F996
F997	F997
F998	F998
F999	F999
F99A	F99A
F99B	F99B
F99C	F99C
F99D	F99D
F99E	F99E
F99F	F99F
F9A0	F9A0
F9A1	F9A1
F9A2	F9A2
F9A3	F9A3
F9A4	F9A4
F9A5	F9A5
F9A6	F9A6
F9A7	F9A7
F9A8	F9A8
F9A9	F9A9
F9AA	F9AA
F9AB	F9AB
F9AC	F9AC
F9AD	F9AD
F9AE	F9AE
F9AF	F9AF
F9B0	F9B0
F9B1	F9B1
F9B2	F9B2
F9B3	F9B3
F9B4	F9B4
F9B5	F9B5
F9B6	F9B6
F9B7	F9B7
F9B8	F9B8
F9B9	F9B9
F9BA	F9BA
F9BB	F9BB
F9BC	F9BC
F9BD	F9BD
F9BE	F9BE
F9BF	F9BF
F9C0	F9C0
F9C1	F9C1
F9C2	F9C2
F9C3	F9C3
F9C4	F9C4
F9C5	F9C5
F9C6	F9C6
F9C7	F9C7
F9C8	F9C8
F9C9	F9C9
F9CA	F9CA
F9CB	F9CB
F9CC	F9CC
F9CD	F9CD
F9CE	F9CE
F9CF	F9CF
F9D0	F9D0
F9D1	F9D1
F9D2	F9D2
F9D3	F9D3
F9D4	F9D4
F9D5	F9D5
F9D6	F9D6
F9D7	F9D7
F9D8	F9D8
F9D9	F9D9
F9DA	F9DA
F9DB	F9DB
F9DC	F9DC
F9DD	F9DD
F9DE	F9DE
F9DF	F9DF
F9E0	F9E0
F9E1	F9E1
F9E2	F9E2
F9E3	F9E3
F9E4	F9E4
F9E5	F9E5
F9E6	F9E6
F9E7	F9E7
F9E8	F9E8
F9E9	F9E9
F9EA	F9EA
F9EB	F9EB
F9EC	F9EC
F9ED	F9ED
F9EE	F9EE
F9EF	F9EF
F9F0	F9F0
F9F1	F9F1
F9F2	F9F2
F9F3	F9F3
F9F4	F9F4
F9F5	F9F5
F9F6	F9F6
F9F7	F9F7
F9F8	F9F8
F9F9	F9F9
F9FA	F9FA
F9FB	F9FB
F9FC	F9FC
F9FD	F9FD
F9FE	F9FE
F9FF	F9FF
FA00	FA00
FA01	FA01
FA02	FA02
FA03	FA03
FA04	FA04
FA05	FA05
FA06	FA06
FA07	FA07
FA08	FA08
FA09	FA09
FA0A	FA0A
FA0B	FA0B
FA0C	5140
FA10	585A
FA12	6674
FA15	51DE
FA17	76CA
FA19	795E
FA1A	7965
FA1B	798F
FA1C	9756
FA1D	7CBE
FA1E	7FBD
FA22	8AF8
FA25	9038
FA26	90FD
FA2A	98EF
FA2B	98FC
FA2C	9928
FA2D	9DB4
FF01	FF01
FF02	FF02
FF03	FF03
FF04	FF04
FF05	FF05
FF06	FF06
FF07	FF07
FF08	FF08
FF09	FF09
FF0A	FF0A
FF0B	FF0B
FF0C	FF0C
FF0D	FF0D
FF0E	FF0E
FF0F	FF0F
FF10	FF10
FF11	FF11
FF12	FF12
FF13	FF13
FF14	FF14
FF15	FF15
FF16	FF16
FF17	FF17
FF18	FF18
FF19	FF19
FF1A	FF1A
FF1B	FF1B
FF1C	FF1C
FF1D	FF1D
FF1E	FF1E
FF1F	FF1F
FF20	FF20
FF21	FF21
FF22	FF22
FF23	FF23
FF24	FF24
FF25	FF25
FF26	FF26
FF27	FF27
FF28	FF28
FF29	FF29
FF2A	FF2A
FF2B	FF2B
FF2C	FF2C
FF2D	FF2D
FF2E	FF2E
FF2F	FF2F
FF30	FF30
FF31	FF31
FF32	FF32
FF33	FF33
FF34	FF34
FF35	FF35
FF36	FF36
FF37	FF37
FF38	FF38
FF39	FF39
FF3A	FF3A
FF3B	FF3B
FF3C	FF3C
FF3D	FF3D
FF3E	FF3E
FF3F	FF3F
FF40	FF40
FF41	FF41
FF42	FF42
FF43	FF43
FF44	FF44
FF45	FF45
FF46	FF46
FF47	FF47
FF48	FF48
FF49	FF49
FF4A	FF4A
FF4B	FF4B
FF4C	FF4C
FF4D	FF4D
FF4E	FF4E
FF4F	FF4F
FF50	FF50
FF51	FF51
FF52	FF52
FF53	FF53
FF54	FF54
FF55	FF55
FF56	FF56
FF57	FF57
FF58	FF58
FF59	FF59
FF5A	FF5A
FF5B	FF5B
FF5C	FF5C
FF5D	FF5D
FF5E	FF5E
FFA0	3164
FFA1	3131
FFA2	3132
FFA3	3133
FFA4	3134
FFA5	3135
FFA6	3136
FFA7	3137
FFA8	3138
FFA9	3139
FFAA	313A
FFAB	313B
FFAC	313C
FFAD	313D
FFAE	313E
FFAF	313F
FFB0	3140
FFB1	3141
FFB2	3142
FFB3	3143
FFB4	3144
FFB5	3145
FFB6	3146
FFB7	3147
FFB8	3148
FFB9	3149
FFBA	314A
FFBB	314B
FFBC	314C
FFBD	314D
FFBE	314E
FFC2	314F
FFC3	3150
FFC4	3151
FFC5	3152
FFC6	3153
FFC7	3154
FFCA	3155
FFCB	3156
FFCC	3157
FFCD	3158
FFCE	3159
FFCF	315A
FFD2	315B
FFD3	315C
FFD4	315D
FFD5	315E
FFD6	315F
FFD7	3160
FFDA	3161
FFDB	3162
FFDC	3163
FFE0	FFE0
FFE1	FFE1
FFE2	FFE2
FFE3	FFE3
FFE5	FFE5
FFE6	FFE6
